east,north,elev_m,serial,name,type,disposition,acres,status
261179.66,4651779.30,2012.6,UT105225846,PEG LEG,L,Closed,18.18,CLOSED
271660.87,4673103.48,2006.8,ID103407632,CALSITE #1,L,Closed,,CLOSED
244871.45,4693539.19,1685.5,ID103484830,AC-1,L,Closed,,CLOSED
245189.75,4693492.01,1612.9,ID103290392,AC-2,L,Closed,,CLOSED
245189.75,4693492.01,1612.9,ID103461299,AC-3,L,Closed,,CLOSED
245153.26,4693124.16,1607.1,ID103476250,AC-4,L,Closed,,CLOSED
245153.26,4693124.16,1607.1,ID103471107,AC-5,L,Closed,,CLOSED
244801.13,4693171.46,1664.8,ID103365895,AC-6,L,Closed,,CLOSED
244819.84,4692304.55,1559.2,ID101685962,AC-7,L,Closed,,CLOSED
245201.50,4692273.96,1537.6,ID103478881,AC-8,L,Closed,,CLOSED
245201.50,4692273.96,1537.6,ID103519251,AC-9,L,Closed,,CLOSED
245096.28,4691762.95,1655.5,ID103115243,AC-10,L,Closed,,CLOSED
245096.28,4691762.95,1655.5,ID103468874,AC-11,L,Closed,,CLOSED
244714.54,4691746.83,1670.3,ID103066658,AC-12,L,Closed,,CLOSED
245068.71,4691413.68,1635.6,ID103112494,AC-13,L,Closed,,CLOSED
245068.71,4691413.68,1635.6,ID103345851,AC-14,L,Closed,,CLOSED
244697.65,4691419.41,1698.1,ID103295817,AC-15,L,Closed,,CLOSED
244697.65,4691419.41,1698.1,ID103279396,AC-16,L,Closed,,CLOSED
245068.71,4691413.68,1635.6,ID103322009,AC-17,L,Closed,,CLOSED
245115.93,4691056.13,1634.7,ID103475698,AC-18,L,Closed,,CLOSED
245115.93,4691056.13,1634.7,ID103277337,AC-19,L,Closed,,CLOSED
245115.93,4691056.13,1634.7,ID103373058,AC-20,L,Closed,,CLOSED
245916.87,4691050.38,1662.2,ID103490201,AC-21,L,Closed,,CLOSED
245916.87,4691050.38,1662.2,ID103281532,AC-22,L,Closed,,CLOSED
245916.87,4691050.38,1662.2,ID103020737,AC-23,L,Closed,,CLOSED
245916.87,4691050.38,1662.2,ID103451584,AC-24,L,Closed,,CLOSED
246363.66,4691016.39,1670.6,ID103523837,AC-25,L,Closed,,CLOSED
246743.86,4690989.29,1688.4,ID103445335,AC-26,L,Closed,,CLOSED
246743.86,4690989.29,1688.4,ID102915441,AC-27,L,Closed,,CLOSED
246667.56,4691343.42,1599.9,ID103466946,AC-28,L,Closed,,CLOSED
246667.56,4691343.42,1599.9,ID103406662,AC-29,L,Closed,,CLOSED
246294.11,4691351.38,1598.7,ID103451383,AC-30,L,Closed,,CLOSED
245866.92,4691379.11,1565.5,ID103143992,AC-31,L,Closed,,CLOSED
245894.41,4691727.27,1575.4,ID103405155,AC-32,L,Closed,,CLOSED
246311.71,4691677.66,1549.5,ID103379592,AC-33,L,Closed,,CLOSED
246695.79,4691690.45,1568.1,ID103114301,AC-34,L,Closed,,CLOSED
246695.79,4691690.45,1568.1,ID103112577,AC-35,L,Closed,,CLOSED
246800.00,4692199.29,1489.4,ID103467362,AC-36,L,Closed,,CLOSED
246800.00,4692199.29,1489.4,ID103405261,AC-37,L,Closed,,CLOSED
246417.55,4692230.92,1517.6,ID103364218,AC-38,L,Closed,,CLOSED
329197.18,4661546.14,2153.9,ID103227596,OLD SILVER HILLS #1,L,Closed,,CLOSED
329197.18,4661546.14,2153.9,ID103282708,OLD SILVER HILLS #2,L,Closed,,CLOSED
329281.11,4661902.97,2274.3,ID103014009,OLD SILVER HILLS #3,L,Closed,,CLOSED
328824.24,4661866.25,2052.6,ID103409797,OLD SILVER HILLS #4,L,Closed,,CLOSED
328993.10,4662004.37,2126.6,ID103523901,OLD SILVER HILLS #5,L,Closed,,CLOSED
329303.81,4662260.17,2327.1,ID103017637,OLD SILVER HILLS #6,L,Closed,,CLOSED
329303.81,4662260.17,2327.1,ID102915523,OLD SILVER HILLS #7,L,Closed,,CLOSED
329303.81,4662260.17,2327.1,ID103327330,OLD SILVER HILLS #8,L,Closed,,CLOSED
329299.03,4662644.71,2283.2,ID103406710,OLD SILVER HILLS #9,L,Closed,,CLOSED
328445.90,4661859.87,2017.6,ID102914496,OLD SILVER HILLS #10,L,Closed,,CLOSED
328411.43,4662280.68,2141.5,ID103273517,OLD SILVER HILLS #11,L,Closed,,CLOSED
328796.34,4662285.78,2158.5,ID103484714,OLD SILVER HILLS #12,L,Closed,,CLOSED
328796.34,4662285.78,2158.5,ID103441094,OLD SILVER HILLS #13,L,Closed,,CLOSED
328819.74,4662670.75,2191.0,ID102920389,OLD SILVER HILLS #14,L,Closed,,CLOSED
328846.42,4663088.96,2073.9,ID103113604,OLD SILVER HILLS #15,L,Closed,,CLOSED
327994.80,4662366.36,2105.0,ID103372296,OLD SILVER HILLS #16,L,Closed,,CLOSED
327994.80,4662366.36,2105.0,ID103380014,OLD SILVER HILLS #17,L,Closed,,CLOSED
327967.29,4662595.90,2129.2,ID103290410,OLD SILVER HILLS #18,L,Closed,,CLOSED
328112.99,4662734.57,2189.5,ID103461148,OLD SILVER HILLS #19,L,Closed,,CLOSED
245914.64,4692330.33,1565.4,ID103484654,AC-39A,L,Closed,,CLOSED
245947.86,4693040.79,1543.3,ID103143713,AC-40,L,Closed,,CLOSED
246393.57,4693094.68,1477.6,ID103015193,AC-41,L,Closed,,CLOSED
246748.15,4693091.84,1461.5,ID103406793,AC-42,L,Closed,,CLOSED
246748.15,4693091.84,1461.5,ID103299844,AC-43,L,Closed,,CLOSED
246748.15,4693091.84,1461.5,ID103229969,AC-44,L,Closed,,CLOSED
246748.15,4693091.84,1461.5,ID103149625,AC-45,L,Closed,,CLOSED
246393.57,4693094.68,1477.6,ID103016428,AC-46,L,Closed,,CLOSED
245947.86,4693040.79,1543.3,ID103016668,AC-47,L,Closed,,CLOSED
285149.76,4679415.73,1780.0,ID102918632,T J MINE NO. 1,L,Closed,,CLOSED
285149.76,4679415.73,1780.0,ID103374684,T J MINE NO. 2,L,Closed,,CLOSED
245456.72,4689285.71,1967.1,ID103329099,F & H #1,L,Closed,,CLOSED
245479.52,4688754.47,1846.5,ID101682556,F & H #2,L,Closed,,CLOSED
244190.97,4687505.93,2071.1,ID103344710,F & H #3,L,Closed,,CLOSED
244638.11,4687520.76,2056.3,ID103506151,F & H #4,L,Closed,,CLOSED
244698.61,4687889.96,2045.5,ID103230359,F & H #5,L,Closed,,CLOSED
244218.51,4687876.32,2035.7,ID103361395,F & H #6,L,Closed,,CLOSED
327792.47,4668417.61,1983.7,ID103284380,H & H #3,L,Closed,,CLOSED
327792.47,4668417.61,1983.7,ID103241795,H & H #4,L,Closed,,CLOSED
261364.08,4654472.29,1946.8,ID103364016,B H C #1,L,Closed,,CLOSED
261364.08,4654472.29,1946.8,ID103290486,B H C #2,L,Closed,,CLOSED
260852.73,4654528.44,1889.4,ID103404309,B H C #3,L,Closed,,CLOSED
260852.73,4654528.44,1889.4,ID103438743,B H C #4,L,Closed,,CLOSED
260852.73,4654528.44,1889.4,ID103405257,B H C #5,L,Closed,,CLOSED
260852.73,4654528.44,1889.4,ID103310605,B H C #6,L,Closed,,CLOSED
260880.90,4655289.01,1840.0,ID103365433,B H C #7,L,Closed,,CLOSED
260880.90,4655289.01,1840.0,ID103363993,B H C #8,L,Closed,,CLOSED
260880.90,4655289.01,1840.0,ID103407748,B H C #9,L,Closed,,CLOSED
260880.90,4655289.01,1840.0,ID103278865,B H C #10,L,Closed,,CLOSED
260912.12,4655673.71,1825.7,ID103478139,B H C #11,L,Closed,,CLOSED
261400.00,4655710.62,1909.7,ID103419379,B H C #12,L,Closed,,CLOSED
261332.84,4655341.58,1884.1,ID103374393,B H C #13,L,Closed,,CLOSED
261332.84,4655341.58,1884.1,ID103375905,B H C #14,L,Closed,,CLOSED
261332.84,4655341.58,1884.1,ID103474130,B H C #15,L,Closed,,CLOSED
261332.84,4655341.58,1884.1,ID103295123,B H C #16,L,Closed,,CLOSED
261751.84,4654439.22,1958.6,ID103408498,B H C #17,L,Closed,,CLOSED
261751.84,4654439.22,1958.6,ID103523241,B H C #18,L,Closed,,CLOSED
263000.02,4656406.17,2007.9,ID103367066,B H C #19,L,Closed,,CLOSED
262629.36,4656401.91,1966.4,ID103344664,B H C #20,L,Closed,,CLOSED
262625.51,4656015.17,1941.7,ID103502565,B H C #21,L,Closed,,CLOSED
262625.51,4656015.17,1941.7,ID103445946,B H C #22,L,Closed,,CLOSED
262625.51,4656015.17,1941.7,ID103476486,B H C #23,L,Closed,,CLOSED
261818.97,4656853.79,1891.1,ID103343061,B H C #24,L,Closed,,CLOSED
261689.48,4655247.30,1900.4,ID103284659,B H C #25,L,Closed,,CLOSED
261689.48,4655247.30,1900.4,ID103222098,B H C #26,L,Closed,,CLOSED
261724.80,4655631.87,1942.8,ID103228553,B H C #27,L,Closed,,CLOSED
262209.62,4655676.72,1993.9,ID103418437,B H C #28,L,Closed,,CLOSED
262141.61,4655305.47,1938.6,ID103293281,B H C #29,L,Closed,,CLOSED
262141.61,4655305.47,1938.6,ID103350444,B H C #30,L,Closed,,CLOSED
262498.32,4655213.46,1999.3,ID103471634,B H C #31,L,Closed,,CLOSED
262498.32,4655213.46,1999.3,ID103461710,B H C #32,L,Closed,,CLOSED
262531.95,4655598.09,2046.8,ID103329755,B H C #33,L,Closed,,CLOSED
262920.04,4655601.76,1993.8,ID103342534,B H C #34,L,Closed,,CLOSED
262886.40,4655216.02,2027.0,ID103418199,B H C #35,L,Closed,,CLOSED
262886.40,4655216.02,2027.0,ID103411269,B H C #36,L,Closed,,CLOSED
262886.40,4655216.02,2027.0,ID103292652,B H C #37,L,Closed,,CLOSED
262887.28,4654821.35,2044.4,ID103014844,B H C #38,L,Closed,,CLOSED
262859.70,4654443.19,2080.3,ID103527490,B H C #39,L,Closed,,CLOSED
262859.70,4654443.19,2080.3,ID103115337,B H C #40,L,Closed,,CLOSED
262859.70,4654443.19,2080.3,ID103406612,B H C #41,L,Closed,,CLOSED
262859.70,4654443.19,2080.3,ID103504595,B H C #42,L,Closed,,CLOSED
262472.89,4654455.03,2034.4,ID103143576,B H C #43,L,Closed,,CLOSED
262472.89,4654455.03,2034.4,ID103371251,B H C #44,L,Closed,,CLOSED
262472.89,4654455.03,2034.4,ID103379313,B H C #45,L,Closed,,CLOSED
262472.89,4654455.03,2034.4,ID103228968,B H C #46,L,Closed,,CLOSED
262238.59,4656045.94,1906.7,ID103222961,B H C #47,L,Closed,,CLOSED
262238.59,4656045.94,1906.7,ID103528858,B H C #48,L,Closed,,CLOSED
262240.84,4656433.84,1940.8,ID103370299,B H C #49,L,Closed,,CLOSED
262249.94,4656852.65,1935.3,ID103350841,B H C #50,L,Closed,,CLOSED
262249.94,4656852.65,1935.3,ID102916530,B H C #51,L,Closed,,CLOSED
262249.94,4656852.65,1935.3,ID103463642,B H C #52,L,Closed,,CLOSED
262255.01,4657250.46,1896.1,ID103407904,B H C #53,L,Closed,,CLOSED
261863.76,4657249.16,1944.3,ID103361944,B H C #54,L,Closed,,CLOSED
261865.29,4656851.12,1895.4,ID103472938,B H C #55,L,Closed,,CLOSED
261865.29,4656851.12,1895.4,ID103409487,B H C #56,L,Closed,,CLOSED
261865.29,4656851.12,1895.4,ID103379314,B H C #57,L,Closed,,CLOSED
261793.25,4656434.44,1889.8,ID103228969,B H C #58,L,Closed,,CLOSED
261773.66,4656049.34,1902.7,ID103287376,B H C #59,L,Closed,,CLOSED
261773.66,4656049.34,1902.7,ID103515870,B H C #60,L,Closed,,CLOSED
261773.66,4656049.34,1902.7,ID103462203,B H C #61,L,Closed,,CLOSED
261399.28,4656083.06,1895.7,ID103281428,B H C #62,L,Closed,,CLOSED
261399.28,4656083.06,1895.7,ID103222052,B H C #63,L,Closed,,CLOSED
261399.28,4656083.06,1895.7,ID103524924,B H C #64,L,Closed,,CLOSED
261409.82,4656469.58,1815.4,ID103361535,B H C #65,L,Closed,,CLOSED
261472.78,4656886.57,1858.7,ID103348155,B H C #66,L,Closed,,CLOSED
261472.78,4656886.57,1858.7,ID103460065,B H C #67,L,Closed,,CLOSED
261472.78,4656886.57,1858.7,ID103460026,B H C #68,L,Closed,,CLOSED
261470.48,4657285.75,1889.1,ID103345440,B H C #69,L,Closed,,CLOSED
260955.84,4656944.03,1797.7,ID103330752,B H C #70,L,Closed,,CLOSED
260955.84,4656944.03,1797.7,ID103142636,B H C #71,L,Closed,,CLOSED
260955.84,4656944.03,1797.7,ID103486089,B H C #72,L,Closed,,CLOSED
260955.84,4656944.03,1797.7,ID103380342,B H C #73,L,Closed,,CLOSED
260949.46,4656509.57,1844.0,ID103350575,B H C #74,L,Closed,,CLOSED
260917.90,4656139.32,1835.2,ID103523079,B H C #75,L,Closed,,CLOSED
260917.90,4656139.32,1835.2,ID103292134,B H C #76,L,Closed,,CLOSED
260917.90,4656139.32,1835.2,ID103248285,B H C #77,L,Closed,,CLOSED
260102.53,4655757.79,1798.4,ID103273588,B H C #78,L,Closed,,CLOSED
260102.53,4655757.79,1798.4,ID103225152,B H C #79,L,Closed,,CLOSED
260102.53,4655757.79,1798.4,ID103370620,B H C #80,L,Closed,,CLOSED
260102.53,4655757.79,1798.4,ID103067978,B H C #81,L,Closed,,CLOSED
260198.72,4656590.54,1753.3,ID103295303,B H C #82,L,Closed,,CLOSED
260198.72,4656590.54,1753.3,ID103293555,B H C #83,L,Closed,,CLOSED
260198.72,4656590.54,1753.3,ID103447908,B H C #84,L,Closed,,CLOSED
260198.72,4656590.54,1753.3,ID103148066,B H C #85,L,Closed,,CLOSED
260165.74,4657378.76,1729.6,ID103111166,B H C #86,L,Closed,,CLOSED
260165.74,4657378.76,1729.6,ID101684591,B H C #87,L,Closed,,CLOSED
260137.97,4656999.49,1704.4,ID103478228,B H C #88,L,Closed,,CLOSED
260137.97,4656999.49,1704.4,ID103519209,B H C #89,L,Closed,,CLOSED
260984.51,4657326.60,1822.0,ID103474623,B H C #90,L,Closed,,CLOSED
261470.48,4657285.75,1889.1,ID103459551,B H C #91,L,Closed,,CLOSED
289886.11,4687017.07,2163.6,ID103019578,OH MY # 1,L,Closed,,CLOSED
284168.27,4697166.66,1708.4,ID103365999,F & H #1,L,Closed,,CLOSED
284168.27,4697166.66,1708.4,ID103244781,F & H #2,L,Closed,,CLOSED
284168.27,4697166.66,1708.4,ID103527955,F & H #3,L,Closed,,CLOSED
284168.27,4697166.66,1708.4,ID103401299,F & H #4,L,Closed,,CLOSED
260856.33,4654094.75,1864.0,ID103300807,BHC #92,L,Closed,,CLOSED
260831.35,4653723.18,1909.6,ID103225053,BHC #93,L,Closed,,CLOSED
260831.35,4653723.18,1909.6,ID103064628,BHC #94,L,Closed,,CLOSED
260831.35,4653723.18,1909.6,ID103464045,BHC #95,L,Closed,,CLOSED
260842.48,4653119.15,1896.1,ID103380826,BHC #96,L,Closed,,CLOSED
260828.72,4652784.99,1908.0,ID103507327,BHC #97,L,Closed,,CLOSED
260828.72,4652784.99,1908.0,ID103407243,BHC #98,L,Closed,,CLOSED
260828.72,4652784.99,1908.0,ID103501382,BHC #99,L,Closed,,CLOSED
260828.72,4652784.99,1908.0,ID103069223,BHC #100,L,Closed,,CLOSED
261304.00,4652762.30,1966.7,ID103298170,BHC #101,L,Closed,,CLOSED
261304.00,4652762.30,1966.7,ID103084873,BHC #102,L,Closed,,CLOSED
261304.00,4652762.30,1966.7,ID103017501,BHC #103,L,Closed,,CLOSED
261304.00,4652762.30,1966.7,ID103463616,BHC #104,L,Closed,,CLOSED
261302.23,4653079.19,1978.0,ID103365175,BHC #105,L,Closed,,CLOSED
261282.77,4653732.41,1946.5,ID103481526,BHC #106,L,Closed,,CLOSED
261282.77,4653732.41,1946.5,ID103272452,BHC #107,L,Closed,,CLOSED
261282.77,4653732.41,1946.5,ID103474149,BHC #108,L,Closed,,CLOSED
261341.65,4654101.73,1896.5,ID103295893,BHC #109,L,Closed,,CLOSED
261729.87,4654082.00,1975.2,ID103460673,BHC #110,L,Closed,,CLOSED
261643.34,4653728.05,1957.4,ID103321481,BHC #111,L,Closed,,CLOSED
261643.34,4653728.05,1957.4,ID103406912,BHC #112,L,Closed,,CLOSED
261643.34,4653728.05,1957.4,ID103297558,BHC #113,L,Closed,,CLOSED
261722.31,4653117.30,1983.8,ID103226500,BHC #114,L,Closed,,CLOSED
261732.88,4652765.65,1993.9,ID103526832,BHC #115,L,Closed,,CLOSED
261732.88,4652765.65,1993.9,ID103403236,BHC #116,L,Closed,,CLOSED
261732.88,4652765.65,1993.9,ID103243403,BHC #117,L,Closed,,CLOSED
261732.88,4652765.65,1993.9,ID103284677,BHC #118,L,Closed,,CLOSED
262118.93,4652728.23,2016.9,ID103222112,BHC #119,L,Closed,,CLOSED
262118.93,4652728.23,2016.9,ID103365527,BHC #120,L,Closed,,CLOSED
260828.72,4652784.99,1908.0,ID103414459,BHC #121,L,Closed,,CLOSED
261304.00,4652762.30,1966.7,ID103406293,BHC #122,L,Closed,,CLOSED
261732.88,4652765.65,1993.9,ID103378255,BHC #123,L,Closed,,CLOSED
262118.93,4652728.23,2016.9,ID103139864,BHC #124,L,Closed,,CLOSED
298187.61,4653984.48,1671.3,ID103328651,BINGO #14,L,Closed,,CLOSED
296527.03,4652262.77,1805.0,ID103143628,BINGO #15,L,Closed,,CLOSED
296527.03,4652262.77,1805.0,ID103409388,BINGO #16,L,Closed,,CLOSED
298187.61,4653984.48,1671.3,ID103378982,BINGO #17,L,Closed,,CLOSED
298207.33,4654792.94,1647.1,ID103345547,BINGO #18,L,Closed,,CLOSED
296554.83,4653202.14,1748.3,ID103524608,BINGO #19,L,Closed,,CLOSED
284103.46,4697975.64,1678.8,ID102919204,F & H #5,L,Closed,,CLOSED
283279.16,4697188.62,1698.8,ID103325294,F & H #6,L,Closed,,CLOSED
283279.16,4697188.62,1698.8,ID103506447,F & H #7,L,Closed,,CLOSED
283279.16,4697188.62,1698.8,ID103224425,F & H #8,L,Closed,,CLOSED
283279.16,4697188.62,1698.8,ID103360998,F & H #9,L,Closed,,CLOSED
330892.90,4659886.61,1909.9,ID103435097,EDE FRACTION,L,Closed,,CLOSED
331696.18,4661396.19,1905.5,ID103349482,MAY FRACTION,L,Closed,,CLOSED
330611.55,4660546.62,2028.7,ID103526855,SEPTEMBER FRACTION,L,Closed,,CLOSED
332456.68,4660242.67,1693.7,ID103293111,PEP NO 10,L,Closed,,CLOSED
332456.68,4660242.67,1693.7,ID103454076,PEP NO 11,L,Closed,,CLOSED
331590.19,4660907.65,1858.8,ID103453110,PEP NO 16 FRACTION,L,Closed,,CLOSED
331696.18,4661396.19,1905.5,ID103227742,PEP NO 17 FRACTION,L,Closed,,CLOSED
332027.91,4660833.90,1784.3,ID103367601,PEP NO 18,L,Closed,,CLOSED
332054.66,4661402.10,1804.6,ID103471237,PEP NO 19,L,Closed,,CLOSED
332054.66,4661402.10,1804.6,ID103300458,PEP NO 20,L,Closed,,CLOSED
332054.66,4661402.10,1804.6,ID103376319,PEP NO 21,L,Closed,,CLOSED
284493.23,4673836.16,2069.5,ID103455385,EASTERN STAR #1,L,Closed,,CLOSED
284499.06,4673000.15,1987.8,ID103227777,EASTERN STAR #2,L,Closed,,CLOSED
262005.09,4664349.31,1896.7,ID103288352,CC-1,L,Closed,,CLOSED
262451.88,4664364.28,1969.1,ID103468394,CC-2,L,Closed,,CLOSED
262005.09,4664349.31,1896.7,ID103475436,CC-3,L,Closed,,CLOSED
262451.88,4664364.28,1969.1,ID103288501,CC-4,L,Closed,,CLOSED
262005.09,4664349.31,1896.7,ID103325786,CC-5,L,Closed,,CLOSED
262451.88,4664364.28,1969.1,ID103504681,CC-6,L,Closed,,CLOSED
261202.35,4663945.06,1837.0,ID103503244,CC-7,L,Closed,,CLOSED
262484.49,4663930.73,1959.9,ID103446904,CC-8,L,Closed,,CLOSED
263630.50,4663535.44,2026.8,ID103453733,CC-9,L,Closed,,CLOSED
262575.61,4663833.18,1992.1,ID103142268,CC-10,L,Closed,,CLOSED
263630.50,4663535.44,2026.8,ID103409352,CC-11,L,Closed,,CLOSED
262779.54,4663519.49,2010.7,ID103378460,CC-12,L,Closed,,CLOSED
263630.50,4663535.44,2026.8,ID103017459,CC-13,L,Closed,,CLOSED
262779.54,4663519.49,2010.7,ID103016600,CC-14,L,Closed,,CLOSED
262335.01,4662760.69,2034.5,ID103461855,CC-15,L,Closed,,CLOSED
262779.54,4663519.49,2010.7,ID103403034,CC-16,L,Closed,,CLOSED
262451.89,4662985.77,2007.3,ID103362124,CC-17,L,Closed,,CLOSED
262839.26,4663053.91,2063.7,ID103469288,CC-18,L,Closed,,CLOSED
262332.95,4662699.61,2040.4,ID103298269,CC-19,L,Closed,,CLOSED
262839.26,4663053.91,2063.7,ID103377803,CC-20,L,Closed,,CLOSED
262840.43,4662669.22,2126.4,ID103474937,CC-21,L,Closed,,CLOSED
262332.95,4662699.61,2040.4,ID103294633,CC-22,L,Closed,,CLOSED
262840.43,4662669.22,2126.4,ID103373811,CC-23,L,Closed,,CLOSED
263198.28,4662671.67,2076.4,ID103488757,CC-24,L,Closed,,CLOSED
262840.43,4662669.22,2126.4,ID103366336,CC-25,L,Closed,,CLOSED
263198.28,4662671.67,2076.4,ID103287928,CC-26,L,Closed,,CLOSED
262831.30,4661780.17,2324.0,ID103410491,CC-27,L,Closed,,CLOSED
263226.77,4662088.19,2174.5,ID103507152,CC-28,L,Closed,,CLOSED
262831.30,4661780.17,2324.0,ID103228982,CC-29,L,Closed,,CLOSED
263601.00,4662109.01,2133.4,ID103288584,CC-30,L,Closed,,CLOSED
262832.76,4664660.54,1905.7,ID103520267,CC-31,L,Closed,,CLOSED
263283.47,4665139.01,1880.3,ID103346811,CC-32,L,Closed,,CLOSED
262805.80,4664276.79,1938.4,ID103453829,CC-33,L,Closed,,CLOSED
263219.46,4664662.01,1927.5,ID103277776,CC-34,L,Closed,,CLOSED
262805.80,4664276.79,1938.4,ID103525353,CC-35,L,Closed,,CLOSED
263641.99,4665140.34,1906.8,ID103362505,CC-36,L,Closed,,CLOSED
262805.80,4664276.79,1938.4,ID103349446,CC-37,L,Closed,,CLOSED
263191.65,4664277.18,1964.8,ID103150224,CC-38,L,Closed,,CLOSED
262805.80,4664276.79,1938.4,ID103281116,CC-39,L,Closed,,CLOSED
263699.84,4664246.82,1992.2,ID103346699,CC-40,L,Closed,,CLOSED
263192.53,4663883.61,1989.8,ID103451898,CC-41,L,Closed,,CLOSED
263699.84,4664246.82,1992.2,ID103459888,CC-42,L,Closed,,CLOSED
263164.99,4663506.56,1999.5,ID103404109,CC-43,L,Closed,,CLOSED
263673.86,4663890.84,2048.2,ID103378424,CC-44,L,Closed,,CLOSED
263164.99,4663506.56,1999.5,ID103459116,CC-45,L,Closed,,CLOSED
263585.83,4663536.93,2016.9,ID103143007,CC-46,L,Closed,,CLOSED
263585.83,4663536.93,2016.9,ID103299051,CC-47,L,Closed,,CLOSED
263585.83,4663536.93,2016.9,ID103379795,CC-48,L,Closed,,CLOSED
263644.16,4663028.05,2041.2,ID103361244,CC-49,L,Closed,,CLOSED
264092.00,4663444.41,2075.1,ID103463287,CC-50,L,Closed,,CLOSED
263644.16,4663028.05,2041.2,ID103404585,CC-51,L,Closed,,CLOSED
263924.08,4663127.63,2069.5,ID103502311,CC-52,L,Closed,,CLOSED
263644.58,4662644.50,2094.2,ID103284179,CC-53,L,Closed,,CLOSED
263943.22,4662709.00,2039.5,ID103143787,CC-54,L,Closed,,CLOSED
263644.58,4662644.50,2094.2,ID103373639,CC-55,L,Closed,,CLOSED
264004.43,4662706.96,2036.9,ID103375716,CC-56,L,Closed,,CLOSED
263644.58,4662644.50,2094.2,ID103487964,CC-57,L,Closed,,CLOSED
264004.43,4662706.96,2036.9,ID103290610,CC-58,L,Closed,,CLOSED
264004.43,4662706.96,2036.9,ID103273491,CC-59,L,Closed,,CLOSED
264004.43,4662706.96,2036.9,ID103364908,CC-60,L,Closed,,CLOSED
263596.52,4661752.31,2171.7,ID103243456,CC-61,L,Closed,,CLOSED
260708.89,4660277.51,1777.8,ID103527015,EC #1,L,Closed,,CLOSED
261069.47,4660185.28,1839.6,ID103462042,EC #2,L,Closed,,CLOSED
260708.89,4660277.51,1777.8,ID103407795,EC #3,L,Closed,,CLOSED
261069.47,4660185.28,1839.6,ID103341754,EC #4,L,Closed,,CLOSED
260708.89,4660277.51,1777.8,ID103457081,EC #5,L,Closed,,CLOSED
261069.47,4660185.28,1839.6,ID103282196,EC #6,L,Closed,,CLOSED
260715.87,4659798.13,1750.9,ID103349217,EC #7,L,Closed,,CLOSED
261100.85,4659765.10,1811.1,ID103470302,EC #8,L,Closed,,CLOSED
260711.11,4659412.52,1809.8,ID103522704,EC #9,L,Closed,,CLOSED
261087.91,4659382.00,1841.2,ID103291587,EC #10,L,Closed,,CLOSED
260711.11,4659412.52,1809.8,ID103329392,EC #11,L,Closed,,CLOSED
261087.91,4659382.00,1841.2,ID103501607,EC #12,L,Closed,,CLOSED
260711.11,4659412.52,1809.8,ID103222278,EC #13,L,Closed,,CLOSED
261087.91,4659382.00,1841.2,ID103329731,EC #14,L,Closed,,CLOSED
260711.11,4659412.52,1809.8,ID103341093,EC #15,L,Closed,,CLOSED
261087.91,4659382.00,1841.2,ID103274271,EC #16,L,Closed,,CLOSED
244746.57,4690814.94,1674.3,ID103527248,AC 48,L,Closed,,CLOSED
244349.32,4690804.96,1805.3,ID103368163,AC 49,L,Closed,,CLOSED
244320.10,4691111.82,1730.4,ID103344566,AC 50,L,Closed,,CLOSED
244320.10,4691111.82,1730.4,ID103522121,AC 51,L,Closed,,CLOSED
244309.89,4691442.46,1635.6,ID103464792,AC 52,L,Closed,,CLOSED
244309.89,4691442.46,1635.6,ID103408746,AC 53,L,Closed,,CLOSED
244309.89,4691442.46,1635.6,ID103503211,AC 54,L,Closed,,CLOSED
244320.10,4691111.82,1730.4,ID103117921,AC 55,L,Closed,,CLOSED
244349.32,4690804.96,1805.3,ID103487106,AC 56,L,Closed,,CLOSED
244337.29,4690407.31,1833.6,ID103298294,AC 57,L,Closed,,CLOSED
244337.29,4690407.31,1833.6,ID103490103,AC 58,L,Closed,,CLOSED
244337.29,4690407.31,1833.6,ID103446119,AC 59,L,Closed,,CLOSED
244735.73,4690449.49,1694.4,ID103367813,AC 60,L,Closed,,CLOSED
245162.08,4690351.68,1710.6,ID103464351,AC 61,L,Closed,,CLOSED
245162.08,4690351.68,1710.6,ID103406002,AC 67,L,Closed,,CLOSED
245124.62,4689843.76,1764.2,ID103520252,AC 68,L,Closed,,CLOSED
245124.62,4689843.76,1764.2,ID101682497,AC 69,L,Closed,,CLOSED
244281.46,4689917.85,1734.7,ID102916274,AC 70,L,Closed,,CLOSED
244281.46,4689917.85,1734.7,ID103405108,AC 71,L,Closed,,CLOSED
244281.46,4689917.85,1734.7,ID103378794,AC 72,L,Closed,,CLOSED
244337.29,4690407.31,1833.6,ID103081360,AC 73,L,Closed,,CLOSED
245146.52,4690740.33,1624.0,ID103466492,AC 74,L,Closed,,CLOSED
243988.30,4691153.97,1661.1,ID103409689,AC 75,L,Closed,,CLOSED
243995.99,4690867.91,1669.8,ID103286332,AC 76,L,Closed,,CLOSED
243973.60,4690458.40,1741.1,ID103287790,AC 77,L,Closed,,CLOSED
330822.12,4662220.32,2032.4,ID103326420,GULCH FRACTION,L,Closed,,CLOSED
331162.52,4661713.33,2076.7,ID103306707,PINE FRACTION,L,Closed,,CLOSED
330849.66,4661504.17,2172.2,ID102916380,VIOLA FRACTION,L,Closed,,CLOSED
332054.66,4661402.10,1804.6,ID103468677,PEP #22,L,Closed,,CLOSED
332412.73,4661425.82,1745.5,ID103276733,PEP #23,L,Closed,,CLOSED
332434.73,4661795.26,1752.1,ID102267967,PEP #24,L,Closed,,CLOSED
332062.96,4661786.31,1813.0,ID103324589,PEP #25,L,Closed,,CLOSED
332072.91,4662204.93,1820.2,ID103458262,PEP #26,L,Closed,,CLOSED
332432.82,4662273.04,1759.3,ID103279336,PEP #27,L,Closed,,CLOSED
332432.82,4662273.04,1759.3,ID102268360,PEP #28,L,Closed,,CLOSED
332072.91,4662204.93,1820.2,ID103015684,PEP #29,L,Closed,,CLOSED
332072.91,4662204.93,1820.2,ID103111680,PEP #30,L,Closed,,CLOSED
332432.82,4662273.04,1759.3,ID102919076,PEP #31,L,Closed,,CLOSED
332516.53,4662627.69,1751.9,ID103113279,PEP #32,L,Closed,,CLOSED
332082.07,4662590.23,1829.7,ID103406157,PEP #33,L,Closed,,CLOSED
229918.08,4729553.55,1192.8,ID103284437,CANADIAN FALLS,L,Closed,,CLOSED
229918.08,4729553.55,1192.8,ID103450945,CHINA RIDGE,L,Closed,,CLOSED
229918.08,4729553.55,1192.8,ID103343919,LITTLE FALLS,L,Closed,,CLOSED
229918.08,4729553.55,1192.8,ID103275876,OLD SHOSHONE,L,Closed,,CLOSED
285788.79,4725924.70,1270.5,ID103112778,GINNEY MAE #2,L,Closed,,CLOSED
287911.15,4691026.71,2020.9,ID103295037,QUARTZITE #1,L,Closed,,CLOSED
287877.77,4691448.98,2039.9,ID102265177,QUARTZITE #2,L,Closed,,CLOSED
287911.15,4691026.71,2020.9,ID103113447,QUARTZITE #3,L,Closed,,CLOSED
287877.77,4691448.98,2039.9,ID103118378,QUARTZITE #4,L,Closed,,CLOSED
288288.13,4691031.98,2003.1,ID103084186,QUARTZITE #5,L,Closed,,CLOSED
287877.77,4691448.98,2039.9,ID103368324,QUARTZITE #6,L,Closed,,CLOSED
288763.50,4691428.87,1883.2,ID101688347,QUARTZITE #7,L,Closed,,CLOSED
288260.46,4691452.95,1938.4,ID103278610,QUARTZITE #8,L,Closed,,CLOSED
287566.45,4690998.26,2061.4,ID103484305,QUARTZITE #9,L,Closed,,CLOSED
287531.21,4691467.26,2040.2,ID103362384,QUARTZITE #10,L,Closed,,CLOSED
287455.87,4690723.75,2127.4,ID103519462,QUARTZITE #11,L,Closed,,CLOSED
287107.85,4692349.31,2019.5,ID103518757,QUARTZITE #12,L,Closed,,CLOSED
287455.87,4690723.75,2127.4,ID103294987,QUARTZITE #13,L,Closed,,CLOSED
287159.69,4691098.42,2170.3,ID103221853,QUARTZITE #14,L,Closed,,CLOSED
287080.41,4690741.82,2160.7,ID103218439,QUARTZITE #15,L,Closed,,CLOSED
287159.69,4691098.42,2170.3,ID102920813,QUARTZITE #16,L,Closed,,CLOSED
288763.50,4691428.87,1883.2,ID103326962,QUARTZITE #17,L,Closed,,CLOSED
288280.18,4691832.48,1929.4,ID103307348,QUARTZITE #18,L,Closed,,CLOSED
288330.60,4692245.54,1853.8,ID102919873,QUARTZITE #29,L,Closed,,CLOSED
287966.25,4692627.80,1814.9,ID103349123,QUARTZITE #30,L,Closed,,CLOSED
287973.59,4692244.12,1879.2,ID103281746,QUARTZITE #31,L,Closed,,CLOSED
289465.04,4690657.50,1858.3,ID103486048,QUARTZITE #32,L,Closed,,CLOSED
287895.08,4691829.69,1943.2,ID103456168,QUARTZITE #33,L,Closed,,CLOSED
287973.59,4692244.12,1879.2,ID103015135,QUARTZITE #34,L,Closed,,CLOSED
287895.08,4691829.69,1943.2,ID103486266,QUARTZITE #35,L,Closed,,CLOSED
287895.08,4691829.69,1943.2,ID103410148,QUARTZITE #36,L,Closed,,CLOSED
287895.08,4691829.69,1943.2,ID102912919,QUARTZITE #37,L,Closed,,CLOSED
287482.19,4692296.81,1910.2,ID103462983,QUARZITE #38,L,Closed,,CLOSED
287537.07,4691850.55,1973.0,ID103380676,QUARZITE #39,L,Closed,,CLOSED
287107.33,4692304.87,2026.3,ID103222682,QUARZITE #40,L,Closed,,CLOSED
287174.89,4691842.66,2015.6,ID103288003,QUARZITE #41,L,Closed,,CLOSED
287107.33,4692304.87,2026.3,ID103490855,QUARZITE #42,L,Closed,,CLOSED
287183.01,4691458.94,2072.7,ID103406308,QUARZITE #43,L,Closed,,CLOSED
287174.89,4691842.66,2015.6,ID103443690,QUARZITE #44,L,Closed,,CLOSED
287183.01,4691458.94,2072.7,ID103484467,QUARZITE #45,L,Closed,,CLOSED
287482.19,4692296.81,1910.2,ID103488059,QUARZITE #46,L,Closed,,CLOSED
296004.79,4691234.15,1940.4,ID103473182,QUARZITE #47,L,Closed,,CLOSED
296059.77,4691564.85,1963.6,ID103472999,QUARZITE #48,L,Closed,,CLOSED
296063.18,4691964.86,1970.5,ID103481724,QUARZITE #49,L,Closed,,CLOSED
296063.18,4691964.86,1970.5,ID103323157,QUARZITE #51,L,Closed,,CLOSED
296063.14,4691963.75,1970.2,ID103476594,QUARZITE #53,L,Closed,,CLOSED
287129.28,4692674.33,1917.9,ID103290860,QUARZITE #55,L,Closed,,CLOSED
287129.28,4692674.33,1917.9,ID103375084,QUARZITE #57,L,Closed,,CLOSED
243923.47,4689899.79,1734.0,ID103019810,AC #62,L,Closed,,CLOSED
244281.46,4689917.85,1734.7,ID103240921,AC #63,L,Closed,,CLOSED
244277.71,4689453.18,1775.8,ID103524200,AC #64,L,Closed,,CLOSED
244277.71,4689453.18,1775.8,ID103401024,AC #65,L,Closed,,CLOSED
244277.71,4689453.18,1775.8,ID103111005,AC #66,L,Closed,,CLOSED
243956.07,4689527.20,1784.3,ID103467026,AC #78,L,Closed,,CLOSED
244277.71,4689453.18,1775.8,ID103276482,AC #79,L,Closed,,CLOSED
246449.08,4681367.14,1726.4,ID103083870,COTTONWOOD #1,L,Closed,,CLOSED
246448.23,4681000.23,1724.1,ID103016496,COTTONWOOD #2,L,Closed,,CLOSED
246448.23,4681000.23,1724.1,ID103468543,COTTONWOOD #3,L,Closed,,CLOSED
245937.93,4680986.42,1826.1,ID103451522,COTTONWOOD #4,L,Closed,,CLOSED
245552.13,4680988.15,1857.0,ID103401722,COTTONWOOD #5,L,Closed,,CLOSED
245846.30,4680691.73,1722.1,ID103329434,COTTONWOOD #6,L,Closed,,CLOSED
245318.93,4680549.60,1743.2,ID103373215,COTTONWOOD #7,L,Closed,,CLOSED
245064.02,4680697.83,1826.1,ID103373003,COTTONWOOD #8,L,Closed,,CLOSED
247404.37,4687819.74,1773.2,ID103223327,LITTLE CEDAR #1,L,Closed,,CLOSED
247404.37,4687819.74,1773.2,ID103327825,LITTLE CEDAR #2,L,Closed,,CLOSED
247400.43,4687389.57,1721.1,ID103483492,LITTLE CEDAR #3,L,Closed,,CLOSED
247044.57,4687433.53,1793.8,ID103296805,LITTLE CEDAR #4,L,Closed,,CLOSED
240004.69,4682068.64,2172.7,ID103068007,ROBBER #5046,L,Closed,,CLOSED
240433.42,4681977.17,2174.1,ID103375027,ROBBER #5047,L,Closed,,CLOSED
240802.57,4681950.19,2173.1,ID103409857,ROBBER #5048,L,Closed,,CLOSED
241266.76,4681946.42,2201.2,ID103271551,ROBBER #5049,L,Closed,,CLOSED
241649.93,4681918.97,2144.1,ID103364960,ROBBER #5050,L,Closed,,CLOSED
242362.88,4681489.13,2122.2,ID103244840,ROBBER #5051,L,Closed,,CLOSED
242845.30,4681531.50,2094.7,ID102916604,ROBBER #5052,L,Closed,,CLOSED
243167.34,4681458.56,2095.0,ID103323837,ROBBER #5053,L,Closed,,CLOSED
243648.95,4681478.77,2021.8,ID103481909,ROBBER #5054,L,Closed,,CLOSED
244034.83,4681456.92,2026.8,ID103470635,ROBBER #5055,L,Closed,,CLOSED
244455.05,4681470.53,1958.3,ID103282778,ROBBER #5056,L,Closed,,CLOSED
241649.93,4681918.97,2144.1,ID103321097,ROBBER #5150,L,Closed,,CLOSED
242454.40,4681889.43,2069.0,ID103471264,ROBBER #5151,L,Closed,,CLOSED
242812.97,4681889.63,1996.5,ID103348279,ROBBER #5152,L,Closed,,CLOSED
243169.75,4681863.23,2021.2,ID103296441,ROBBER #5153,L,Closed,,CLOSED
243555.55,4681862.48,2003.6,ID103229314,ROBBER #5154,L,Closed,,CLOSED
243975.83,4681878.28,1980.0,ID103290396,ROBBER #5155,L,Closed,,CLOSED
244424.15,4681893.09,1941.2,ID103465025,ROBBER #5156,L,Closed,,CLOSED
241649.93,4681918.97,2144.1,ID103406057,ROBBER #5250,L,Closed,,CLOSED
242454.40,4681889.43,2069.0,ID103469900,ROBBER #5251,L,Closed,,CLOSED
242812.97,4681889.63,1996.5,ID103473075,ROBBER #5252,L,Closed,,CLOSED
243169.75,4681863.23,2021.2,ID103414769,ROBBER #5253,L,Closed,,CLOSED
243555.55,4681862.48,2003.6,ID103293178,ROBBER #5254,L,Closed,,CLOSED
243975.83,4681878.28,1980.0,ID103330482,ROBBER #5255,L,Closed,,CLOSED
244424.15,4681893.09,1941.2,ID103524330,ROBBER #5256,L,Closed,,CLOSED
241649.93,4681918.97,2144.1,ID103115593,ROBBER #5350,L,Closed,,CLOSED
242454.40,4681889.43,2069.0,ID103480960,ROBBER #5351,L,Closed,,CLOSED
242812.97,4681889.63,1996.5,ID103369722,ROBBER #5352,L,Closed,,CLOSED
243169.75,4681863.23,2021.2,ID103366133,ROBBER #5353,L,Closed,,CLOSED
243555.55,4681862.48,2003.6,ID103014526,ROBBER #5354,L,Closed,,CLOSED
243975.83,4681878.28,1980.0,ID103452340,ROBBER #5355,L,Closed,,CLOSED
244424.15,4681893.09,1941.2,ID103477649,ROBBER #5356,L,Closed,,CLOSED
241650.87,4682303.69,2158.5,ID103146800,ROBBER #5450,L,Closed,,CLOSED
242455.28,4682274.14,2097.3,ID103115319,ROBBER #5451,L,Closed,,CLOSED
242827.08,4682274.97,1989.6,ID103113574,ROBBER #5452,L,Closed,,CLOSED
243197.82,4682246.95,1970.1,ID103296196,ROBBER #5453,L,Closed,,CLOSED
243584.47,4682247.28,1927.4,ID103223645,ROBBER #5454,L,Closed,,CLOSED
244004.20,4682248.65,1903.5,ID103523972,ROBBER #5455,L,Closed,,CLOSED
244485.50,4682262.25,1919.7,ID103380762,ROBBER #5456,L,Closed,,CLOSED
241681.16,4682722.91,2153.4,ID103463817,ROBBER #5550,L,Closed,,CLOSED
242395.60,4682696.66,2029.0,ID103284232,ROBBER #5551,L,Closed,,CLOSED
242781.36,4682695.87,2110.9,ID102916566,ROBBER #5552,L,Closed,,CLOSED
243244.52,4682665.57,2059.2,ID103326227,ROBBER #5553,L,Closed,,CLOSED
243649.88,4682726.38,1984.1,ID103462534,ROBBER #5554,L,Closed,,CLOSED
244006.79,4682682.22,1978.3,ID103452744,ROBBER #5555,L,Closed,,CLOSED
244455.06,4682697.03,1932.4,ID103116931,ROBBER #5556,L,Closed,,CLOSED
241681.16,4682722.91,2153.4,ID103405659,ROBBER #5650,L,Closed,,CLOSED
242395.60,4682696.66,2029.0,ID103527128,ROBBER #5651,L,Closed,,CLOSED
242781.36,4682695.87,2110.9,ID103291352,ROBBER #5652,L,Closed,,CLOSED
243244.52,4682665.57,2059.2,ID103323025,ROBBER #5653,L,Closed,,CLOSED
243649.88,4682726.38,1984.1,ID103326863,ROBBER #5654,L,Closed,,CLOSED
244006.79,4682682.22,1978.3,ID103226018,ROBBER #5655,L,Closed,,CLOSED
244455.06,4682697.03,1932.4,ID103458331,ROBBER #5656,L,Closed,,CLOSED
241681.16,4682722.91,2153.4,ID102916567,ROBBER #5750,L,Closed,,CLOSED
242395.60,4682696.66,2029.0,ID103326228,ROBBER #5751,L,Closed,,CLOSED
242781.36,4682695.87,2110.9,ID103502420,ROBBER #5752,L,Closed,,CLOSED
243244.52,4682665.57,2059.2,ID102914659,ROBBER #5753,L,Closed,,CLOSED
243649.88,4682726.38,1984.1,ID103241734,ROBBER #5754,L,Closed,,CLOSED
244006.79,4682682.22,1978.3,ID103420186,ROBBER #5755,L,Closed,,CLOSED
244455.06,4682697.03,1932.4,ID103403830,ROBBER #5756,L,Closed,,CLOSED
241681.16,4682722.91,2153.4,ID102913769,ROBBER #5850,L,Closed,,CLOSED
242395.60,4682696.66,2029.0,ID103117491,ROBBER #5851,L,Closed,,CLOSED
242781.36,4682695.87,2110.9,ID103482395,ROBBER #5852,L,Closed,,CLOSED
243244.52,4682665.57,2059.2,ID103482661,ROBBER #5853,L,Closed,,CLOSED
243649.88,4682726.38,1984.1,ID102919710,ROBBER #5854,L,Closed,,CLOSED
244006.79,4682682.22,1978.3,ID103462845,ROBBER #5855,L,Closed,,CLOSED
244455.06,4682697.03,1932.4,ID103442715,ROBBER #5856,L,Closed,,CLOSED
241682.10,4683107.63,2127.7,ID103486644,ROBBER #5950,L,Closed,,CLOSED
242423.72,4683080.38,2102.8,ID103284261,ROBBER #5951,L,Closed,,CLOSED
242810.33,4683080.67,2087.1,ID103224998,ROBBER #5952,L,Closed,,CLOSED
243259.40,4683049.77,2094.3,ID103288202,ROBBER #5953,L,Closed,,CLOSED
243711.26,4683095.54,2034.8,ID103377445,ROBBER #5954,L,Closed,,CLOSED
244034.33,4683052.62,1970.4,ID103481128,ROBBER #5955,L,Closed,,CLOSED
244516.36,4683065.08,1975.4,ID103489979,ROBBER #5956,L,Closed,,CLOSED
241711.56,4683526.88,2106.7,ID103290167,ROBBER #6050,L,Closed,,CLOSED
242427.56,4683545.05,2122.0,ID103360909,ROBBER #6051,L,Closed,,CLOSED
242812.78,4683530.93,2098.0,ID103405372,ROBBER #6052,L,Closed,,CLOSED
243234.28,4683559.98,2096.9,ID103511245,ROBBER #6053,L,Closed,,CLOSED
243680.88,4683530.32,2081.4,ID103327410,ROBBER #6054,L,Closed,,CLOSED
244035.30,4683441.77,2024.1,ID103363903,ROBBER #6055,L,Closed,,CLOSED
244485.11,4683499.89,1969.9,ID103407122,ROBBER #6056,L,Closed,,CLOSED
241711.56,4683526.88,2106.7,ID103459726,ROBBER #6150,L,Closed,,CLOSED
242427.56,4683545.05,2122.0,ID103286791,ROBBER #6151,L,Closed,,CLOSED
242812.78,4683530.93,2098.0,ID103287744,ROBBER #6152,L,Closed,,CLOSED
243234.28,4683559.98,2096.9,ID103344802,ROBBER #6153,L,Closed,,CLOSED
243680.88,4683530.32,2081.4,ID103525312,ROBBER #6154,L,Closed,,CLOSED
244035.30,4683441.77,2024.1,ID103402430,ROBBER #6155,L,Closed,,CLOSED
244485.11,4683499.89,1969.9,ID103307934,ROBBER #6156,L,Closed,,CLOSED
241711.56,4683526.88,2106.7,ID103307426,ROBBER #6250,L,Closed,,CLOSED
242427.56,4683545.05,2122.0,ID103116972,ROBBER #6251,L,Closed,,CLOSED
242812.78,4683530.93,2098.0,ID103465361,ROBBER #6252,L,Closed,,CLOSED
243234.28,4683559.98,2096.9,ID103484200,ROBBER #6253,L,Closed,,CLOSED
243680.88,4683530.32,2081.4,ID102920533,ROBBER #6254,L,Closed,,CLOSED
244035.30,4683441.77,2024.1,ID103111692,ROBBER #6255,L,Closed,,CLOSED
244485.11,4683499.89,1969.9,ID103481594,ROBBER #6256,L,Closed,,CLOSED
241711.56,4683526.88,2106.7,ID103437540,ROBBER #6350,L,Closed,,CLOSED
242427.56,4683545.05,2122.0,ID103408188,ROBBER #6351,L,Closed,,CLOSED
242812.78,4683530.93,2098.0,ID103068237,ROBBER #6352,L,Closed,,CLOSED
243234.28,4683559.98,2096.9,ID103117982,ROBBER #6353,L,Closed,,CLOSED
243680.88,4683530.32,2081.4,ID102918034,ROBBER #6354,L,Closed,,CLOSED
244035.30,4683441.77,2024.1,ID103501026,ROBBER #6355,L,Closed,,CLOSED
244485.11,4683499.89,1969.9,ID103490726,ROBBER #6356,L,Closed,,CLOSED
241712.50,4683911.60,2110.1,ID103361171,ROBBER #6450,L,Closed,,CLOSED
242456.01,4683915.42,2178.6,ID102915202,ROBBER #6451,L,Closed,,CLOSED
242842.33,4683909.04,2135.7,ID103373662,ROBBER #6452,L,Closed,,CLOSED
243324.07,4683914.76,2091.1,ID103379761,ROBBER #6453,L,Closed,,CLOSED
243742.26,4683899.48,2060.8,ID103473551,ROBBER #6454,L,Closed,,CLOSED
244064.16,4683825.46,2014.6,ID103468160,ROBBER #6455,L,Closed,,CLOSED
244546.45,4683869.05,1952.7,ID103186896,ROBBER #6456,L,Closed,,CLOSED
241698.26,4684332.46,2098.3,ID103377511,ROBBER #6550,L,Closed,,CLOSED
242546.16,4684301.31,2100.9,ID103277759,ROBBER #6551,L,Closed,,CLOSED
242904.61,4684301.51,2061.6,ID103289886,ROBBER #6552,L,Closed,,CLOSED
243263.71,4684319.50,2007.4,ID103482926,ROBBER #6553,L,Closed,,CLOSED
243711.89,4684334.26,1999.1,ID103282053,ROBBER #6554,L,Closed,,CLOSED
244067.89,4684290.13,2006.5,ID103476087,ROBBER #6555,L,Closed,,CLOSED
244574.79,4684239.42,1970.3,ID103343040,ROBBER #6556,L,Closed,,CLOSED
241698.26,4684332.46,2098.3,ID103284648,ROBBER #6650,L,Closed,,CLOSED
242546.16,4684301.31,2100.9,ID103224953,ROBBER #6651,L,Closed,,CLOSED
242904.61,4684301.51,2061.6,ID103328985,ROBBER #6652,L,Closed,,CLOSED
243263.71,4684319.50,2007.4,ID103290479,ROBBER #6653,L,Closed,,CLOSED
243711.89,4684334.26,1999.1,ID103246032,ROBBER #6654,L,Closed,,CLOSED
244067.89,4684290.13,2006.5,ID103371680,ROBBER #6655,L,Closed,,CLOSED
244574.79,4684239.42,1970.3,ID103223523,ROBBER #6656,L,Closed,,CLOSED
241698.26,4684332.46,2098.3,ID103472555,ROBBER #6750,L,Closed,,CLOSED
242546.16,4684301.31,2100.9,ID103328557,ROBBER #6751,L,Closed,,CLOSED
242904.61,4684301.51,2061.6,ID103341115,ROBBER #6752,L,Closed,,CLOSED
243263.71,4684319.50,2007.4,ID103279557,ROBBER #6753,L,Closed,,CLOSED
243711.89,4684334.26,1999.1,ID103142866,ROBBER #6754,L,Closed,,CLOSED
244067.89,4684290.13,2006.5,ID103295488,ROBBER #6755,L,Closed,,CLOSED
244574.79,4684239.42,1970.3,ID103241735,ROBBER #6756,L,Closed,,CLOSED
241698.26,4684332.46,2098.3,ID103452833,ROBBER #6850,L,Closed,,CLOSED
242546.16,4684301.31,2100.9,ID103523381,ROBBER #6851,L,Closed,,CLOSED
242904.61,4684301.51,2061.6,ID103015690,ROBBER #6852,L,Closed,,CLOSED
243263.71,4684319.50,2007.4,ID103455134,ROBBER #6853,L,Closed,,CLOSED
243711.89,4684334.26,1999.1,ID103276662,ROBBER #6854,L,Closed,,CLOSED
244067.89,4684290.13,2006.5,ID102260594,ROBBER #6855,L,Closed,,CLOSED
244574.79,4684239.42,1970.3,ID103326194,ROBBER #6856,L,Closed,,CLOSED
244959.43,4684596.82,1916.8,ID103378092,ROBBER #6857,L,Closed,,CLOSED
241713.22,4684716.66,2088.4,ID103222317,ROBBER #6950,L,Closed,,CLOSED
242547.88,4684685.99,2073.7,ID103503505,ROBBER #6951,L,Closed,,CLOSED
242919.55,4684686.82,2058.3,ID103407638,ROBBER #6952,L,Closed,,CLOSED
243291.30,4684689.90,2096.7,ID103505538,ROBBER #6953,L,Closed,,CLOSED
243773.27,4684703.42,2010.7,ID103228646,ROBBER #6954,L,Closed,,CLOSED
244096.26,4684660.50,1908.6,ID103504885,ROBBER #6955,L,Closed,,CLOSED
244574.80,4684625.27,1990.4,ID103286927,ROBBER #6956,L,Closed,,CLOSED
244959.43,4684596.82,1916.8,ID103350785,ROBBER #6957,L,Closed,,CLOSED
241686.60,4685182.46,2107.5,ID103458997,ROBBER #7050,L,Closed,,CLOSED
242489.86,4685152.94,2142.3,ID103116019,ROBBER #7051,L,Closed,,CLOSED
242875.00,4685138.81,2106.7,ID103405395,ROBBER #7052,L,Closed,,CLOSED
243296.40,4685167.86,2056.2,ID103307900,ROBBER #7053,L,Closed,,CLOSED
243742.90,4685138.20,2012.0,ID103230452,ROBBER #7054,L,Closed,,CLOSED
244100.48,4685138.49,1899.1,ID103375019,ROBBER #7055,L,Closed,,CLOSED
244546.12,4685107.80,1893.0,ID103456528,ROBBER #7056,L,Closed,,CLOSED
244902.04,4685062.60,1811.3,ID103505539,ROBBER #7057,L,Closed,,CLOSED
241686.60,4685182.46,2107.5,ID103228647,ROBBER #7150,L,Closed,,CLOSED
242489.86,4685152.94,2142.3,ID103524446,ROBBER #7151,L,Closed,,CLOSED
242875.00,4685138.81,2106.7,ID103368095,ROBBER #7152,L,Closed,,CLOSED
243296.40,4685167.86,2056.2,ID103483632,ROBBER #7153,L,Closed,,CLOSED
243742.90,4685138.20,2012.0,ID102913840,ROBBER #7154,L,Closed,,CLOSED
244100.48,4685138.49,1899.1,ID103524201,ROBBER #7155,L,Closed,,CLOSED
244546.12,4685107.80,1893.0,ID103401025,ROBBER #7156,L,Closed,,CLOSED
244902.04,4685062.60,1811.3,ID103344196,ROBBER #7157,L,Closed,,CLOSED
241686.60,4685182.46,2107.5,ID103328755,ROBBER #7250,L,Closed,,CLOSED
242489.86,4685152.94,2142.3,ID103522096,ROBBER #7251,L,Closed,,CLOSED
242875.00,4685138.81,2106.7,ID103380180,ROBBER #7252,L,Closed,,CLOSED
243296.40,4685167.86,2056.2,ID103345521,ROBBER #7253,L,Closed,,CLOSED
243742.90,4685138.20,2012.0,ID103522602,ROBBER #7254,L,Closed,,CLOSED
244100.48,4685138.49,1899.1,ID103467314,ROBBER #7255,L,Closed,,CLOSED
244546.12,4685107.80,1893.0,ID103443888,ROBBER #7256,L,Closed,,CLOSED
244902.04,4685062.60,1811.3,ID103329435,ROBBER #7257,L,Closed,,CLOSED
241715.10,4685552.82,2117.7,ID103373216,ROBBER #7350,L,Closed,,CLOSED
242518.32,4685523.30,2147.8,ID103415677,ROBBER #7351,L,Closed,,CLOSED
242904.55,4685516.92,2142.3,ID103329944,ROBBER #7352,L,Closed,,CLOSED
243386.17,4685522.64,2043.0,ID103455204,ROBBER #7353,L,Closed,,CLOSED
243804.28,4685507.36,1972.1,ID103374724,ROBBER #7354,L,Closed,,CLOSED
244189.39,4685493.30,1939.8,ID103447506,ROBBER #7355,L,Closed,,CLOSED
244607.45,4685476.96,1887.7,ID103147181,ROBBER #7356,L,Closed,,CLOSED
244929.58,4685434.11,1887.4,ID103368514,ROBBER #7357,L,Closed,,CLOSED
241717.00,4685940.85,2127.9,ID103410513,ROBBER #7450,L,Closed,,CLOSED
242521.85,4685956.85,2105.1,ID103118355,ROBBER #7451,L,Closed,,CLOSED
242906.94,4685942.72,2067.0,ID103070411,ROBBER #7452,L,Closed,,CLOSED
243414.10,4685879.68,2014.5,ID103365697,ROBBER #7453,L,Closed,,CLOSED
243833.49,4685877.69,2086.3,ID101686300,ROBBER #7454,L,Closed,,CLOSED
244217.27,4685850.34,1956.6,ID103015713,ROBBER #7455,L,Closed,,CLOSED
244577.04,4685911.74,1977.1,ID103063318,ROBBER #7456,L,Closed,,CLOSED
244932.96,4685867.65,1968.7,ID103112046,ROBBER #7457,L,Closed,,CLOSED
241717.00,4685940.85,2127.9,ID103468749,ROBBER #7550,L,Closed,,CLOSED
242521.85,4685956.85,2105.1,ID103522858,ROBBER #7551,L,Closed,,CLOSED
242906.94,4685942.72,2067.0,ID103380550,ROBBER #7552,L,Closed,,CLOSED
243414.10,4685879.68,2014.5,ID103345627,ROBBER #7553,L,Closed,,CLOSED
243414.10,4685879.68,2014.5,ID103242141,ROBBER #7554,L,Closed,,CLOSED
244217.27,4685850.34,1956.6,ID103526584,ROBBER #7555,L,Closed,,CLOSED
244577.04,4685911.74,1977.1,ID103380694,ROBBER #7556,L,Closed,,CLOSED
243414.10,4685879.68,2014.5,ID103342733,ROBBER #7653,L,Closed,,CLOSED
243833.49,4685877.69,2086.3,ID103453452,ROBBER #7654,L,Closed,,CLOSED
244217.27,4685850.34,1956.6,ID103284343,ROBBER #7655,L,Closed,,CLOSED
244577.04,4685911.74,1977.1,ID103249498,ROBBER #7656,L,Closed,,CLOSED
243414.10,4685879.68,2014.5,ID103438719,ROBBER #7753,L,Closed,,CLOSED
243833.49,4685877.69,2086.3,ID103482075,ROBBER #7754,L,Closed,,CLOSED
244217.27,4685850.34,1956.6,ID103228612,ROBBER #7755,L,Closed,,CLOSED
244577.04,4685911.74,1977.1,ID103293159,ROBBER #7756,L,Closed,,CLOSED
240689.60,4678350.34,2185.7,ID103457372,CASS #4656,L,Closed,,CLOSED
241109.56,4678396.02,2206.5,ID103294338,CASS #4657,L,Closed,,CLOSED
240633.24,4678861.72,2206.7,ID103221157,CASS #4756,L,Closed,,CLOSED
241107.53,4678767.51,2194.6,ID103369671,CASS #4757,L,Closed,,CLOSED
240633.24,4678861.72,2206.7,ID103364790,CASS #4856,L,Closed,,CLOSED
241107.53,4678767.51,2194.6,ID101685367,CASS #4857,L,Closed,,CLOSED
240633.24,4678861.72,2206.7,ID103377093,CASS #4956,L,Closed,,CLOSED
241107.53,4678767.51,2194.6,ID103286645,CASS #4957,L,Closed,,CLOSED
239072.35,4678831.62,2222.4,ID103290729,CASS #5052,L,Closed,,CLOSED
239535.11,4678827.81,2182.0,ID103017426,CASS #5053,L,Closed,,CLOSED
239915.94,4678799.25,2131.5,ID103017663,CASS #5054,L,Closed,,CLOSED
240276.15,4678861.55,2206.0,ID103065654,CASS #5055,L,Closed,,CLOSED
240633.24,4678861.72,2206.7,ID103520261,CASS #5056,L,Closed,,CLOSED
241107.53,4678767.51,2194.6,ID101684515,CASS #5057,L,Closed,,CLOSED
248004.43,4678937.23,2022.0,ID103277572,CASS #5151,L,Closed,,CLOSED
239087.44,4679215.82,2186.6,ID103321988,CASS #5152,L,Closed,,CLOSED
239536.18,4679213.64,2158.3,ID103345709,CASS #5153,L,Closed,,CLOSED
239916.99,4679185.08,2184.6,ID103455797,CASS #5154,L,Closed,,CLOSED
240337.73,4679230.69,2202.8,ID103272749,CASS #5155,L,Closed,,CLOSED
240723.16,4679215.35,2207.4,ID103065508,CASS #5156,L,Closed,,CLOSED
241115.12,4679153.09,2196.5,ID103112483,CASS #5157,L,Closed,,CLOSED
247988.50,4679414.82,2026.1,ID103469790,CASS #5158,L,Closed,,CLOSED
239102.98,4679634.48,2178.4,ID103417920,CASS #5252,L,Closed,,CLOSED
239859.01,4679650.94,2193.0,ID103306378,CASS #5254,L,Closed,,CLOSED
240366.29,4679601.05,2191.1,ID103445318,CASS #5255,L,Closed,,CLOSED
240750.42,4679573.53,2204.7,ID102915423,CASS #5256,L,Closed,,CLOSED
241110.54,4679634.76,2211.8,ID103350322,CASS #5257,L,Closed,,CLOSED
238263.66,4679667.91,2202.9,ID103418666,CASS #5351,L,Closed,,CLOSED
239102.98,4679634.48,2178.4,ID103483633,CASS #5352,L,Closed,,CLOSED
239473.28,4679635.20,2186.8,ID103460405,CASS #5353,L,Closed,,CLOSED
239859.01,4679650.94,2193.0,ID103020723,CASS #5354,L,Closed,,CLOSED
240366.29,4679601.05,2191.1,ID103484773,CASS #5355,L,Closed,,CLOSED
240750.42,4679573.53,2204.7,ID103484870,CASS #5356,L,Closed,,CLOSED
241110.54,4679634.76,2211.8,ID102918896,CASS #5357,L,Closed,,CLOSED
238263.66,4679667.91,2202.9,ID103466809,CASS #5451,L,Closed,,CLOSED
239473.28,4679635.20,2186.8,ID103404071,CASS #5453,L,Closed,,CLOSED
239859.01,4679650.94,2193.0,ID103368331,CASS #5454,L,Closed,,CLOSED
240366.29,4679601.05,2191.1,ID101688352,CASS #5455,L,Closed,,CLOSED
240750.42,4679573.53,2204.7,ID103172831,CASS #5456,L,Closed,,CLOSED
241110.54,4679634.76,2211.8,ID103146801,CASS #5457,L,Closed,,CLOSED
247988.50,4679414.82,2026.1,ID103115320,CASS #5551,L,Closed,,CLOSED
239473.28,4679635.20,2186.8,ID103113575,CASS #5553,L,Closed,,CLOSED
239859.01,4679650.94,2193.0,ID102929875,CASS #5554,L,Closed,,CLOSED
240366.29,4679601.05,2191.1,ID103409113,CASS #5555,L,Closed,,CLOSED
241464.28,4679545.01,2194.7,ID103282872,CASS #5556,L,Closed,,CLOSED
241110.54,4679634.76,2211.8,ID103514413,CASS #5557,L,Closed,,CLOSED
237939.07,4680560.74,2209.9,ID103349386,CASS #5650,L,Closed,,CLOSED
238766.07,4680465.45,2232.9,ID103455839,CASS #5651,L,Closed,,CLOSED
239134.43,4680437.31,2226.1,ID103015550,CASS #5652,L,Closed,,CLOSED
239504.69,4680438.03,2217.7,ID103118328,CASS #5653,L,Closed,,CLOSED
239892.11,4680455.93,2194.4,ID103477650,CASS #5654,L,Closed,,CLOSED
238766.07,4680465.45,2232.9,ID103287500,CASS #5655,L,Closed,,CLOSED
240693.42,4680380.72,2205.8,ID103115321,CASS #5656,L,Closed,,CLOSED
241173.99,4680437.51,2185.8,ID103113576,CASS #5657,L,Closed,,CLOSED
237939.07,4680560.74,2209.9,ID103296197,CASS #5750,L,Closed,,CLOSED
238766.07,4680465.45,2232.9,ID103224187,CASS #5751,L,Closed,,CLOSED
239134.43,4680437.31,2226.1,ID103523973,CASS #5752,L,Closed,,CLOSED
239504.69,4680438.03,2217.7,ID103380763,CASS #5753,L,Closed,,CLOSED
239892.11,4680455.93,2194.4,ID103017716,CASS #5754,L,Closed,,CLOSED
240339.69,4680469.40,2233.8,ID103463223,CASS #5755,L,Closed,,CLOSED
240693.42,4680380.72,2205.8,ID103285432,CASS #5756,L,Closed,,CLOSED
241173.99,4680437.51,2185.8,ID102915633,CASS #5757,L,Closed,,CLOSED
237939.07,4680560.74,2209.9,ID103114370,CASS #5850,L,Closed,,CLOSED
238766.07,4680465.45,2232.9,ID103462518,CASS #5851,L,Closed,,CLOSED
239134.43,4680437.31,2226.1,ID103451547,CASS #5852,L,Closed,,CLOSED
239504.69,4680438.03,2217.7,ID103116042,CASS #5853,L,Closed,,CLOSED
239892.11,4680455.93,2194.4,ID103249782,CASS #5854,L,Closed,,CLOSED
240339.69,4680469.40,2233.8,ID103526676,CASS #5855,L,Closed,,CLOSED
240693.42,4680380.72,2205.8,ID103460487,CASS #5856,L,Closed,,CLOSED
237939.07,4680560.74,2209.9,ID103016023,CASS #5950,L,Closed,,CLOSED
238766.07,4680465.45,2232.9,ID103464229,CASS #5951,L,Closed,,CLOSED
239134.43,4680437.31,2226.1,ID103481828,CASS #5952,L,Closed,,CLOSED
239504.69,4680438.03,2217.7,ID103456030,CASS #5953,L,Closed,,CLOSED
239892.11,4680455.93,2194.4,ID103019738,CASS #5954,L,Closed,,CLOSED
240339.69,4680469.40,2233.8,ID103482456,CASS #5955,L,Closed,,CLOSED
240693.42,4680380.72,2205.8,ID103508491,CASS #5956,L,Closed,,CLOSED
238000.35,4680918.76,2214.5,ID103224031,CASS #6050,L,Closed,,CLOSED
238774.25,4680841.02,2195.5,ID103067974,CASS #6051,L,Closed,,CLOSED
239150.10,4680814.82,2180.6,ID103452294,CASS #6052,L,Closed,,CLOSED
239528.51,4680813.01,2181.6,ID102915264,CASS #6053,L,Closed,,CLOSED
239921.19,4680817.37,2210.9,ID103309536,CASS #6054,L,Closed,,CLOSED
240402.50,4680827.37,2211.2,ID103489275,CASS #6055,L,Closed,,CLOSED
237969.22,4681346.95,2203.7,ID103310635,CASS #6150,L,Closed,,CLOSED
238706.35,4681259.44,2172.9,ID102913033,CASS #6151,L,Closed,,CLOSED
239569.49,4681227.39,2218.4,ID103372089,CASS #6153,L,Closed,,CLOSED
239924.69,4681202.00,2206.4,ID103378744,CASS #6154,L,Closed,,CLOSED
240432.63,4681195.45,2209.1,ID103110989,CASS #6155,L,Closed,,CLOSED
237969.22,4681346.95,2203.7,ID103467011,CASS #6250,L,Closed,,CLOSED
238706.35,4681259.44,2172.9,ID103420808,CASS #6251,L,Closed,,CLOSED
239569.49,4681227.39,2218.4,ID103062027,CASS #6253,L,Closed,,CLOSED
239924.69,4681202.00,2206.4,ID103117237,CASS #6254,L,Closed,,CLOSED
240432.63,4681195.45,2209.1,ID103463033,CASS #6255,L,Closed,,CLOSED
237969.22,4681346.95,2203.7,ID103271993,CASS #6350,L,Closed,,CLOSED
238706.35,4681259.44,2172.9,ID102916632,CASS #6351,L,Closed,,CLOSED
239569.49,4681227.39,2218.4,ID103324217,CASS #6353,L,Closed,,CLOSED
239924.69,4681202.00,2206.4,ID103407165,CASS #6354,L,Closed,,CLOSED
240432.63,4681195.45,2209.1,ID103450883,CASS #6355,L,Closed,,CLOSED
237969.22,4681346.95,2203.7,ID103348903,CASS #6450,L,Closed,,CLOSED
238706.35,4681259.44,2172.9,ID103323838,CASS #6451,L,Closed,,CLOSED
239569.49,4681227.39,2218.4,ID103461513,CASS #6453,L,Closed,,CLOSED
239924.69,4681202.00,2206.4,ID103457162,CASS #6454,L,Closed,,CLOSED
237839.52,4681945.62,2181.2,ID103111683,CASS #6550,L,Closed,,CLOSED
238735.33,4681638.68,2148.8,ID103326490,CASS #6551,L,Closed,,CLOSED
239213.37,4681606.46,2192.1,ID103403635,CASS #6552,L,Closed,,CLOSED
239583.57,4681607.18,2229.1,ID103306340,CASS #6553,L,Closed,,CLOSED
239953.52,4681579.02,2195.3,ID103226651,CASS #6554,L,Closed,,CLOSED
237938.19,4682132.10,2155.3,ID103366900,CASS #6650,L,Closed,,CLOSED
238860.01,4682036.60,2152.7,ID101686969,CASS #6651,L,Closed,,CLOSED
239243.15,4682007.91,2206.4,ID103465026,CASS #6652,L,Closed,,CLOSED
239633.74,4682069.04,2204.0,ID103229085,CASS #6653,L,Closed,,CLOSED
325513.28,4661636.14,2186.0,ID103506978,MOUNTAIN TOP #1,L,Closed,,CLOSED
325513.28,4661636.14,2186.0,ID102914450,MOUNTAIN TOP #2,L,Closed,,CLOSED
325513.28,4661636.14,2186.0,ID103461756,MOUNTAIN TOP #3,L,Closed,,CLOSED
240046.30,4683973.11,2140.9,ID103273496,JDS #1,L,Closed,,CLOSED
240046.30,4683973.11,2140.9,ID103364910,JDS #2,L,Closed,,CLOSED
240046.30,4683973.11,2140.9,ID103243462,JDS #3,L,Closed,,CLOSED
240527.84,4684017.56,2113.7,ID103527342,JDS #4,L,Closed,,CLOSED
239663.66,4683678.15,2122.4,ID103462048,JDS #5,L,Closed,,CLOSED
240017.22,4683589.42,2151.7,ID103407802,JDS #6,L,Closed,,CLOSED
240017.22,4683589.42,2151.7,ID103470484,JDS #7,L,Closed,,CLOSED
240017.22,4683589.42,2151.7,ID103458038,JDS #8,L,Closed,,CLOSED
239694.62,4683243.31,2156.4,ID103282199,JDS #9,L,Closed,,CLOSED
239694.62,4683243.31,2156.4,ID103349222,JDS #10,L,Closed,,CLOSED
240016.02,4683200.26,2134.7,ID103470307,JDS #11,L,Closed,,CLOSED
290195.13,4685626.28,1800.0,ID103474527,RJ #1,L,Closed,,CLOSED
290195.13,4685626.28,1800.0,ID103295753,RJ #2,L,Closed,,CLOSED
290195.13,4685626.28,1800.0,ID103222951,RJ #3,L,Closed,,CLOSED
290195.13,4685626.28,1800.0,ID103295344,RJ #4,L,Closed,,CLOSED
290553.89,4685647.79,1753.0,ID103376089,RJ #5,L,Closed,,CLOSED
290912.28,4685684.89,1725.3,ID103309378,RJ #6,L,Closed,,CLOSED
290912.28,4685684.89,1725.3,ID103224543,RJ #7,L,Closed,,CLOSED
290912.28,4685684.89,1725.3,ID103525364,RJ #8,L,Closed,,CLOSED
290017.90,4686404.04,1981.6,ID103362520,RJ #11,L,Closed,,CLOSED
290017.90,4686404.04,1981.6,ID103486566,RJ #12,L,Closed,,CLOSED
290017.90,4686404.04,1981.6,ID102916330,RJ #13,L,Closed,,CLOSED
290017.90,4686404.04,1981.6,ID103464576,RJ #14,L,Closed,,CLOSED
290337.95,4686428.92,1971.7,ID103401989,RJ #15,L,Closed,,CLOSED
290932.36,4686496.76,1911.4,ID103249843,RJ #16,L,Closed,,CLOSED
290932.36,4686496.76,1911.4,ID103454680,RJ #17,L,Closed,,CLOSED
290932.36,4686496.76,1911.4,ID103526605,RJ #18,L,Closed,,CLOSED
290062.39,4686705.03,2070.0,ID103380713,RJ #21,L,Closed,,CLOSED
290062.39,4686705.03,2070.0,ID103243256,RJ #22,L,Closed,,CLOSED
290062.39,4686705.03,2070.0,ID103524063,RJ #23,L,Closed,,CLOSED
290062.39,4686705.03,2070.0,ID103469013,RJ #24,L,Closed,,CLOSED
290149.99,4687233.68,2180.1,ID103435319,RJ #31,L,Closed,,CLOSED
290149.99,4687233.68,2180.1,ID103309495,RJ #32,L,Closed,,CLOSED
290149.99,4687233.68,2180.1,ID103293582,RJ #33,L,Closed,,CLOSED
290149.99,4687233.68,2180.1,ID103280887,RJ #34,L,Closed,,CLOSED
290356.07,4690122.83,1959.0,ID103281159,MICA #7,L,Closed,,CLOSED
290356.07,4690122.83,1959.0,ID103328229,MICA #9,L,Closed,,CLOSED
289850.48,4690614.80,1870.1,ID103294349,MICA #10,L,Closed,,CLOSED
290356.07,4690122.83,1959.0,ID103449112,MICA #11,L,Closed,,CLOSED
289850.48,4690614.80,1870.1,ID103148078,MICA #12,L,Closed,,CLOSED
289890.32,4689771.12,2073.6,ID103362758,MICA #13,L,Closed,,CLOSED
289974.82,4690086.46,1976.1,ID103483242,MICA #14,L,Closed,,CLOSED
289890.32,4689771.12,2073.6,ID103526383,MICA #15,L,Closed,,CLOSED
289551.12,4690146.97,1966.5,ID103081417,MICA #16,L,Closed,,CLOSED
289551.36,4694623.95,1553.7,ID103367904,MICA #17,L,Closed,,CLOSED
289551.12,4690146.97,1966.5,ID101683190,MICA #18,L,Closed,,CLOSED
289489.27,4689817.62,2027.7,ID103018595,MICA #19,L,Closed,,CLOSED
289551.12,4690146.97,1966.5,ID103065663,MICA #20,L,Closed,,CLOSED
289489.27,4689817.62,2027.7,ID103114038,MICA #21,L,Closed,,CLOSED
289131.52,4689740.57,2093.2,ID103468838,MICA #23,L,Closed,,CLOSED
288740.98,4691010.52,1961.1,ID103522471,MICA #33,L,Closed,,CLOSED
289112.98,4691014.87,1954.6,ID103401046,MICA #34,L,Closed,,CLOSED
289112.98,4691014.87,1954.6,ID103247277,MICA #35,L,Closed,,CLOSED
289484.97,4690991.45,1844.4,ID103465397,MICA #36,L,Closed,,CLOSED
289480.13,4691406.17,1826.8,ID103274033,MICA #37,L,Closed,,CLOSED
289106.49,4690634.94,1896.3,ID103323069,MICA #38,L,Closed,,CLOSED
289464.53,4690613.05,1868.8,ID103015586,MICA #39,L,Closed,,CLOSED
289464.53,4690613.05,1868.8,ID103469800,MICA #40,L,Closed,,CLOSED
240189.98,4686893.53,2009.0,ID103380468,MOON #1,L,Closed,,CLOSED
240189.98,4686893.53,2009.0,ID103502439,MOON #2,L,Closed,,CLOSED
240189.98,4686893.53,2009.0,ID103223098,MOON #3,L,Closed,,CLOSED
240113.20,4686046.79,1982.7,ID103514475,MOON #4,L,Closed,,CLOSED
240113.20,4686046.79,1982.7,ID103474804,MOON #5,L,Closed,,CLOSED
240945.21,4686775.52,2048.0,ID103271462,MOON #6,L,Closed,,CLOSED
240945.21,4686775.52,2048.0,ID103484196,MOON #7,L,Closed,,CLOSED
240945.21,4686775.52,2048.0,ID103361882,MOON #8,L,Closed,,CLOSED
240945.21,4686775.52,2048.0,ID103068015,MOON #9,L,Closed,,CLOSED
240916.33,4686015.96,2080.4,ID103472984,MOON #10,L,Closed,,CLOSED
240916.33,4686015.96,2080.4,ID103410820,MOON #11,L,Closed,,CLOSED
240916.33,4686015.96,2080.4,ID103271557,MOON #12,L,Closed,,CLOSED
241363.59,4686030.60,2118.1,ID103364965,MOON #13,L,Closed,,CLOSED
241363.59,4686030.60,2118.1,ID103274777,MOON #14,L,Closed,,CLOSED
277009.84,4680438.50,2149.5,ID102912981,BJ-NO 1,L,Closed,,CLOSED
277009.84,4680438.50,2149.5,ID103114015,BJ-NO 2,L,Closed,,CLOSED
276999.37,4680811.21,2091.9,ID103410546,BJ-NO 4,L,Closed,,CLOSED
276999.37,4680811.21,2091.9,ID103282333,BJ-NO 5,L,Closed,,CLOSED
277105.00,4679715.18,2190.0,ID103141631,BJ-NO 8,L,Closed,,CLOSED
277105.00,4679715.18,2190.0,ID103017780,BJ-NO 9,L,Closed,,CLOSED
325158.80,4664032.58,2452.1,ID103371163,BP NO. 1,L,Closed,,CLOSED
325158.80,4664032.58,2452.1,ID103330856,BP NO. 2,L,Closed,,CLOSED
325158.80,4664032.58,2452.1,ID103527846,BP NO. 3,L,Closed,,CLOSED
325158.80,4664032.58,2452.1,ID103473573,BP NO. 4,L,Closed,,CLOSED
325140.53,4663227.51,2220.6,ID103297130,BP NO. 5,L,Closed,,CLOSED
325140.53,4663227.51,2220.6,ID103451923,BP NO. 6,L,Closed,,CLOSED
325140.53,4663227.51,2220.6,ID103227185,BP NO. 7,L,Closed,,CLOSED
325140.53,4663227.51,2220.6,ID103454973,BP NO. 8,L,Closed,,CLOSED
325146.29,4662791.83,2121.0,ID101689392,BP NO. 9,L,Closed,,CLOSED
325160.41,4662392.60,2098.4,ID103405320,BP NO. 10,L,Closed,,CLOSED
325160.41,4662392.60,2098.4,ID103445176,BP NO. 11,L,Closed,,CLOSED
325160.41,4662392.60,2098.4,ID103487096,BP NO. 12,L,Closed,,CLOSED
325103.45,4662030.70,2074.9,ID103298288,BP NO. 13,L,Closed,,CLOSED
325104.11,4661656.25,2163.2,ID103501087,BP NO. 14,L,Closed,,CLOSED
325104.11,4661656.25,2163.2,ID103446109,BP NO. 15,L,Closed,,CLOSED
325104.11,4661656.25,2163.2,ID103367805,BP NO. 16,L,Closed,,CLOSED
325104.11,4661656.25,2163.2,ID103464338,BP NO. 17,L,Closed,,CLOSED
325084.60,4661202.31,2258.9,ID102928390,BP NO. 18,L,Closed,,CLOSED
325084.94,4660814.54,2376.3,ID103520244,BP NO. 19,L,Closed,,CLOSED
325084.94,4660814.54,2376.3,ID101682492,BP NO. 20,L,Closed,,CLOSED
325084.94,4660814.54,2376.3,ID103469318,BP NO. 21,L,Closed,,CLOSED
325113.05,4660378.31,2374.4,ID103403924,BP NO. 22,L,Closed,,CLOSED
325139.59,4659978.78,2228.4,ID103378787,BP NO. 23,L,Closed,,CLOSED
325139.59,4659978.78,2228.4,ID103289223,BP NO. 24,L,Closed,,CLOSED
325139.59,4659978.78,2228.4,ID103465904,BP NO. 25,L,Closed,,CLOSED
325139.59,4659978.78,2228.4,ID103408597,BP NO. 26,L,Closed,,CLOSED
325569.56,4664049.08,2412.0,ID103286319,BP NO. 27,L,Closed,,CLOSED
325569.56,4664049.08,2412.0,ID103476771,BP NO. 28,L,Closed,,CLOSED
325569.56,4664049.08,2412.0,ID103419342,BP NO. 29,L,Closed,,CLOSED
325569.56,4664049.08,2412.0,ID103505816,BP NO. 30,L,Closed,,CLOSED
325551.36,4663245.12,2174.9,ID103502892,BP NO. 31,L,Closed,,CLOSED
325551.36,4663245.12,2174.9,ID103474167,BP NO. 32,L,Closed,,CLOSED
325551.36,4663245.12,2174.9,ID103298757,BP NO. 33,L,Closed,,CLOSED
325551.36,4663245.12,2174.9,ID103407145,BP NO. 34,L,Closed,,CLOSED
325531.02,4662823.42,2144.9,ID103504563,BP NO. 35,L,Closed,,CLOSED
325532.33,4662441.18,2146.6,ID103224482,BP NO. 36,L,Closed,,CLOSED
325532.33,4662441.18,2146.6,ID103523817,BP NO. 37,L,Closed,,CLOSED
325532.33,4662441.18,2146.6,ID103327119,BP NO. 38,L,Closed,,CLOSED
325512.82,4662019.46,2149.1,ID103483396,BP NO. 39,L,Closed,,CLOSED
325513.28,4661636.14,2186.0,ID102916128,BP NO. 40,L,Closed,,CLOSED
325513.28,4661636.14,2186.0,ID103146428,BP NO. 41,L,Closed,,CLOSED
325513.28,4661636.14,2186.0,ID103514659,BP NO. 42,L,Closed,,CLOSED
325513.28,4661636.14,2186.0,ID103249725,BP NO. 43,L,Closed,,CLOSED
325493.76,4661214.42,2189.6,ID103345680,BP NO. 44,L,Closed,,CLOSED
325493.43,4660832.22,2300.1,ID103149225,BP NO. 45,L,Closed,,CLOSED
325493.43,4660832.22,2300.1,ID103291475,BP NO. 46,L,Closed,,CLOSED
325493.43,4660832.22,2300.1,ID103455171,BP NO. 47,L,Closed,,CLOSED
325472.98,4660372.75,2368.0,ID103363209,BP NO. 48,L,Closed,,CLOSED
325526.05,4659973.68,2370.6,ID103462739,BP NO. 49,L,Closed,,CLOSED
325526.05,4659973.68,2370.6,ID103407981,BP NO. 50,L,Closed,,CLOSED
325526.05,4659973.68,2370.6,ID103113872,BP NO. 51,L,Closed,,CLOSED
325526.05,4659973.68,2370.6,ID103419606,BP NO. 52,L,Closed,,CLOSED
326041.41,4663993.00,2593.4,ID103413034,BP NO. 53,L,Closed,,CLOSED
326041.41,4663993.00,2593.4,ID103291277,BP NO. 54,L,Closed,,CLOSED
326041.41,4663993.00,2593.4,ID103114842,BP NO. 55,L,Closed,,CLOSED
326041.41,4663993.00,2593.4,ID103372353,BP NO. 56,L,Closed,,CLOSED
326023.53,4663233.48,2265.3,ID103226622,BP NO. 57,L,Closed,,CLOSED
326023.53,4663233.48,2265.3,ID103286002,BP NO. 58,L,Closed,,CLOSED
326023.53,4663233.48,2265.3,ID103366031,BP NO. 59,L,Closed,,CLOSED
326023.53,4663233.48,2265.3,ID103344749,BP NO. 60,L,Closed,,CLOSED
326025.82,4662755.67,2137.5,ID103373391,BP NO. 61,L,Closed,,CLOSED
326003.46,4662385.12,2173.0,ID103285234,BP NO. 62,L,Closed,,CLOSED
326003.46,4662385.12,2173.0,ID103323215,BP NO. 63,L,Closed,,CLOSED
326003.46,4662385.12,2173.0,ID103020125,BP NO. 64,L,Closed,,CLOSED
326068.82,4661981.31,2137.9,ID103300123,BP NO. 65,L,Closed,,CLOSED
325984.76,4661625.62,2165.8,ID103065463,BP NO. 66,L,Closed,,CLOSED
325984.76,4661625.62,2165.8,ID103111452,BP NO. 67,L,Closed,,CLOSED
325984.76,4661625.62,2165.8,ID103470504,BP NO. 68,L,Closed,,CLOSED
325984.76,4661625.62,2165.8,ID103528712,BP NO. 69,L,Closed,,CLOSED
326049.04,4661177.39,2053.1,ID103402915,BP NO. 70,L,Closed,,CLOSED
325964.96,4660821.70,2140.2,ID101684491,BP NO. 71,L,Closed,,CLOSED
325964.96,4660821.70,2140.2,ID103272176,BP NO. 72,L,Closed,,CLOSED
325964.96,4660821.70,2140.2,ID103070073,BP NO. 73,L,Closed,,CLOSED
326027.72,4660311.30,2178.8,ID103016048,BP NO. 74,L,Closed,,CLOSED
326031.50,4659926.78,2230.4,ID103478875,BP NO. 75,L,Closed,,CLOSED
326031.50,4659926.78,2230.4,ID103417886,BP NO. 76,L,Closed,,CLOSED
326031.50,4659926.78,2230.4,ID103143418,BP NO. 77,L,Closed,,CLOSED
326031.50,4659926.78,2230.4,ID103327162,BP NO. 78,L,Closed,,CLOSED
326549.14,4663949.40,2557.5,ID103454598,BP NO. 79,L,Closed,,CLOSED
326549.14,4663949.40,2557.5,ID103328537,BP NO. 80,L,Closed,,CLOSED
326549.14,4663949.40,2557.5,ID103142976,BP NO. 81,L,Closed,,CLOSED
326549.14,4663949.40,2557.5,ID103325771,BP NO. 82,L,Closed,,CLOSED
326469.70,4663208.06,2239.2,ID103467943,BP NO. 83,L,Closed,,CLOSED
326469.70,4663208.06,2239.2,ID103459359,BP NO. 84,L,Closed,,CLOSED
326469.70,4663208.06,2239.2,ID102914048,BP NO. 85,L,Closed,,CLOSED
326469.70,4663208.06,2239.2,ID103327488,BP NO. 86,L,Closed,,CLOSED
326505.06,4662727.21,2069.6,ID103407958,BP NO. 87,L,Closed,,CLOSED
326510.48,4662341.55,2007.4,ID103502526,BP NO. 88,L,Closed,,CLOSED
326510.48,4662341.55,2007.4,ID103471441,BP NO. 89,L,Closed,,CLOSED
326510.48,4662341.55,2007.4,ID103290740,BP NO. 90,L,Closed,,CLOSED
326487.29,4661969.91,2075.0,ID103473396,BP NO. 91,L,Closed,,CLOSED
326431.03,4661600.20,2030.3,ID103461372,BP NO. 92,L,Closed,,CLOSED
326431.03,4661600.20,2030.3,ID103229149,BP NO. 93,L,Closed,,CLOSED
326431.03,4661600.20,2030.3,ID103330090,BP NO. 94,L,Closed,,CLOSED
326431.03,4661600.20,2030.3,ID103472426,BP NO. 95,L,Closed,,CLOSED
326465.57,4661119.38,2004.4,ID103466709,BP NO. 96,L,Closed,,CLOSED
326471.00,4660733.71,2034.5,ID103482827,BP NO. 97,L,Closed,,CLOSED
326471.00,4660733.71,2034.5,ID103361174,BP NO. 98,L,Closed,,CLOSED
326471.00,4660733.71,2034.5,ID101685166,BP NO. 99,L,Closed,,CLOSED
326447.01,4660363.21,2043.4,ID103418709,BP NO. 100,L,Closed,,CLOSED
326390.75,4659993.50,2129.3,ID103407912,BP NO. 101,L,Closed,,CLOSED
326390.75,4659993.50,2129.3,ID103365311,BP NO. 102,L,Closed,,CLOSED
326390.75,4659993.50,2129.3,ID103082309,BP NO. 103,L,Closed,,CLOSED
326390.75,4659993.50,2129.3,ID103294704,BP NO. 104,L,Closed,,CLOSED
329999.01,4657582.69,1811.1,ID103404732,BP NO. 105,L,Closed,,CLOSED
329999.01,4657582.69,1811.1,ID103286411,BP NO. 106,L,Closed,,CLOSED
329999.01,4657582.69,1811.1,ID103366121,BP NO. 107,L,Closed,,CLOSED
329999.01,4657582.69,1811.1,ID103482186,BP NO. 108,L,Closed,,CLOSED
329983.01,4656778.70,1733.1,ID103306969,BP NO. 109,L,Closed,,CLOSED
329983.01,4656778.70,1733.1,ID103445750,BP NO. 110,L,Closed,,CLOSED
329983.01,4656778.70,1733.1,ID103468577,BP NO. 111,L,Closed,,CLOSED
329983.01,4656778.70,1733.1,ID103273946,BP NO. 112,L,Closed,,CLOSED
326933.26,4663925.53,2376.8,ID102914853,BP NO. 113,L,Closed,,CLOSED
326933.26,4663925.53,2376.8,ID103323830,BP NO. 114,L,Closed,,CLOSED
326933.26,4663925.53,2376.8,ID103461925,BP NO. 115,L,Closed,,CLOSED
326933.26,4663925.53,2376.8,ID103372985,BP NO. 116,L,Closed,,CLOSED
326827.26,4663212.62,2191.3,ID103488696,BP NO. 117,L,Closed,,CLOSED
326827.26,4663212.62,2191.3,ID103330112,BP NO. 118,L,Closed,,CLOSED
326827.26,4663212.62,2191.3,ID103118257,BP NO. 119,L,Closed,,CLOSED
326827.26,4663212.62,2191.3,ID103118416,BP NO. 120,L,Closed,,CLOSED
326890.04,4662702.22,2085.8,ID103408416,BP NO. 121,L,Closed,,CLOSED
326894.69,4662317.68,2014.8,ID103448517,BP NO. 122,L,Closed,,CLOSED
326894.69,4662317.68,2014.8,ID103288379,BP NO. 123,L,Closed,,CLOSED
326894.69,4662317.68,2014.8,ID103463938,BP NO. 124,L,Closed,,CLOSED
326872.69,4661960.46,1958.9,ID103481402,BP NO. 125,L,Closed,,CLOSED
326787.84,4661604.78,1940.3,ID103378876,BP NO. 126,L,Closed,,CLOSED
326787.84,4661604.78,1940.3,ID102916047,BP NO. 127,L,Closed,,CLOSED
326787.84,4661604.78,1940.3,ID103294729,BP NO. 128,L,Closed,,CLOSED
326787.84,4661604.78,1940.3,ID103061044,BP NO. 129,L,Closed,,CLOSED
326850.68,4661095.49,1932.1,ID103114060,BP NO. 130,L,Closed,,CLOSED
326855.30,4660709.85,1952.7,ID102913623,BP NO. 131,L,Closed,,CLOSED
326855.30,4660709.85,1952.7,ID103462088,BP NO. 132,L,Closed,,CLOSED
326855.30,4660709.85,1952.7,ID103407830,BP NO. 133,L,Closed,,CLOSED
326832.51,4660353.76,1948.8,ID103367531,BP NO. 134,L,Closed,,CLOSED
326747.64,4659998.08,2045.8,ID102913591,BP NO. 135,L,Closed,,CLOSED
326747.64,4659998.08,2045.8,ID103297364,BP NO. 136,L,Closed,,CLOSED
326747.64,4659998.08,2045.8,ID103378703,BP NO. 137,L,Closed,,CLOSED
326747.64,4659998.08,2045.8,ID103223908,BP NO. 138,L,Closed,,CLOSED
330358.49,4657587.39,1783.7,ID103455083,BP NO. 139,L,Closed,,CLOSED
330358.49,4657587.39,1783.7,ID103020086,BP NO. 140,L,Closed,,CLOSED
330358.49,4657587.39,1783.7,ID103287162,BP NO. 141,L,Closed,,CLOSED
330358.49,4657587.39,1783.7,ID103504575,BP NO. 142,L,Closed,,CLOSED
330341.73,4656784.53,1720.0,ID103222011,BP NO. 143,L,Closed,,CLOSED
330341.73,4656784.53,1720.0,ID103522989,BP NO. 144,L,Closed,,CLOSED
330341.73,4656784.53,1720.0,ID103512248,BP NO. 145,L,Closed,,CLOSED
330341.73,4656784.53,1720.0,ID103344214,BP NO. 146,L,Closed,,CLOSED
327289.98,4663931.24,2345.5,ID103456860,BP NO. 147,L,Closed,,CLOSED
327289.98,4663931.24,2345.5,ID103457710,BP NO. 148,L,Closed,,CLOSED
327289.98,4663931.24,2345.5,ID103407385,BP NO. 149,L,Closed,,CLOSED
327289.98,4663931.24,2345.5,ID103432283,BP NO. 150,L,Closed,,CLOSED
327211.44,4663189.87,2119.6,ID103454599,BP NO. 151,L,Closed,,CLOSED
327211.44,4663189.87,2119.6,ID103145260,BP NO. 152,L,Closed,,CLOSED
327211.44,4663189.87,2119.6,ID103401490,BP NO. 153,L,Closed,,CLOSED
327211.44,4663189.87,2119.6,ID103454061,BP NO. 154,L,Closed,,CLOSED
327261.73,4662708.67,2025.5,ID103451026,BP NO. 155,L,Closed,,CLOSED
327252.28,4662322.26,1958.7,ID103283090,BP NO. 156,L,Closed,,CLOSED
327252.28,4662322.26,1958.7,ID103343888,BP NO. 157,L,Closed,,CLOSED
327252.28,4662322.26,1958.7,ID103274058,BP NO. 158,L,Closed,,CLOSED
327290.36,4661950.24,1920.6,ID103445534,BP NO. 159,L,Closed,,CLOSED
327172.12,4661582.04,1901.8,ID103501349,BP NO. 160,L,Closed,,CLOSED
327172.12,4661582.04,1901.8,ID103471442,BP NO. 161,L,Closed,,CLOSED
327172.12,4661582.04,1901.8,ID103013876,BP NO162,L,Closed,,CLOSED
327172.12,4661582.04,1901.8,ID103296255,BP NO163,L,Closed,,CLOSED
327221.60,4661100.86,1907.6,ID103223472,BP NO164,L,Closed,,CLOSED
327212.18,4660715.56,1870.2,ID103288026,BP NO165,L,Closed,,CLOSED
327212.18,4660715.56,1870.2,ID103362328,BP NO166,L,Closed,,CLOSED
327212.18,4660715.56,1870.2,ID101684562,BP NO167,L,Closed,,CLOSED
327250.26,4660343.54,1948.3,ID103272832,BP NO168,L,Closed,,CLOSED
327194.05,4659973.82,1956.3,ID103286780,BP NO169,L,Closed,,CLOSED
327194.05,4659973.82,1956.3,ID103372513,BP NO170,L,Closed,,CLOSED
327194.05,4659973.82,1956.3,ID103224784,BP NO171,L,Closed,,CLOSED
327194.05,4659973.82,1956.3,ID103473154,BP NO172,L,Closed,,CLOSED
330806.71,4657563.33,1746.3,ID103378843,BP NO173,L,Closed,,CLOSED
330806.71,4657563.33,1746.3,ID103448693,BP NO174,L,Closed,,CLOSED
330806.71,4657563.33,1746.3,ID103226435,BP NO175,L,Closed,,CLOSED
330806.71,4657563.33,1746.3,ID103286194,BP NO176,L,Closed,,CLOSED
330700.84,4656807.04,1701.8,ID103365090,BP NO177,L,Closed,,CLOSED
330700.84,4656807.04,1701.8,ID103344768,BP NO178,L,Closed,,CLOSED
330700.84,4656807.04,1701.8,ID102918418,BP NO179,L,Closed,,CLOSED
330700.84,4656807.04,1701.8,ID103324714,BP NO180,L,Closed,,CLOSED
327522.42,4654425.08,1731.4,ID103367167,BP NO181,L,Closed,,CLOSED
327646.84,4663909.19,2331.3,ID103247365,BP NO182,L,Closed,,CLOSED
327629.10,4663148.56,2084.9,ID103452988,BP NO183,L,Closed,,CLOSED
327629.10,4663148.56,2084.9,ID103511411,BP NO184,L,Closed,,CLOSED
327629.10,4663148.56,2084.9,ID103363579,BP NO185,L,Closed,,CLOSED
327629.10,4663148.56,2084.9,ID103470554,BP NO186,L,Closed,,CLOSED
327695.37,4662744.74,2096.5,ID103528438,BP NO187,L,Closed,,CLOSED
327610.57,4662389.06,2000.9,ID103402922,BP NO188,L,Closed,,CLOSED
327610.57,4662389.06,2000.9,ID103405885,BP NO189,L,Closed,,CLOSED
327610.57,4662389.06,2000.9,ID103307393,BP NO190,L,Closed,,CLOSED
327612.98,4661911.25,1980.0,ID103297257,BP NO191,L,Closed,,CLOSED
327589.87,4661540.73,2018.8,ID103230321,BP NO192,L,Closed,,CLOSED
327589.87,4661540.73,2018.8,ID103341193,BP NO193,L,Closed,,CLOSED
327589.87,4661540.73,2018.8,ID103454384,BP NO194,L,Closed,,CLOSED
327589.87,4661540.73,2018.8,ID103299425,BP NO195,L,Closed,,CLOSED
327592.54,4661107.35,1972.9,ID103230300,BP NO196,L,Closed,,CLOSED
327569.43,4660736.83,1918.2,ID103528512,BP NO197,L,Closed,,CLOSED
327569.43,4660736.83,1918.2,ID103116472,BP NO198,L,Closed,,CLOSED
327569.43,4660736.83,1918.2,ID103408033,BP NO199,L,Closed,,CLOSED
327635.73,4660333.02,1842.2,ID103288123,BP NO200,L,Closed,,CLOSED
327550.93,4659978.44,1911.1,ID103525203,BP NO201,L,Closed,,CLOSED
327550.93,4659978.44,1911.1,ID103117439,BP NO202,L,Closed,,CLOSED
327550.93,4659978.44,1911.1,ID103451184,BP NO203,L,Closed,,CLOSED
327550.93,4659978.44,1911.1,ID102921067,BP NO204,L,Closed,,CLOSED
331165.38,4657569.20,1717.2,ID103147241,BP NO205,L,Closed,,CLOSED
331165.38,4657569.20,1717.2,ID103016460,BP NO206,L,Closed,,CLOSED
331165.38,4657569.20,1717.2,ID103018622,BP NO207,L,Closed,,CLOSED
330806.71,4657563.33,1746.3,ID103065760,BP NO208,L,Closed,,CLOSED
330700.84,4656807.04,1701.8,ID103366099,BP NO209,L,Closed,,CLOSED
330700.84,4656807.04,1701.8,ID103240893,BP NO210,L,Closed,,CLOSED
330700.84,4656807.04,1701.8,ID103282985,BP NO211,L,Closed,,CLOSED
330700.84,4656807.04,1701.8,ID103278816,BP NO212,L,Closed,,CLOSED
327997.75,4661909.65,2018.0,ID103365882,BP NO213,L,Closed,,CLOSED
327973.65,4661531.37,1979.6,ID103344630,BP NO214,L,Closed,,CLOSED
327973.65,4661531.37,1979.6,ID103453007,BP NO215,L,Closed,,CLOSED
327973.65,4661531.37,1979.6,ID103322141,BP NO216,L,Closed,,CLOSED
327973.65,4661531.37,1979.6,ID103245862,BP NO217,L,Closed,,CLOSED
328073.05,4661126.76,1986.4,ID103454633,BP NO218,L,Closed,,CLOSED
328016.87,4660757.04,1962.9,ID103224915,BP NO219,L,Closed,,CLOSED
328016.87,4660757.04,1962.9,ID103460096,BP NO220,L,Closed,,CLOSED
328016.87,4660757.04,1962.9,ID103364412,BP NO221,L,Closed,,CLOSED
328053.49,4660322.84,1869.7,ID103349562,BP NO222,L,Closed,,CLOSED
327997.32,4659953.12,1886.1,ID103371000,BP NO223,L,Closed,,CLOSED
327997.32,4659953.12,1886.1,ID103488900,BP NO224,L,Closed,,CLOSED
327997.32,4659953.12,1886.1,ID103363062,BP NO225,L,Closed,,CLOSED
327997.32,4659953.12,1886.1,ID103414436,BP NO226,L,Closed,,CLOSED
328040.79,4659187.68,1862.3,ID103456081,BP NO227,L,Closed,,CLOSED
328040.79,4659187.68,1862.3,ID103278407,BP NO228,L,Closed,,CLOSED
328040.79,4659187.68,1862.3,ID103082470,BP NO229,L,Closed,,CLOSED
328018.91,4658832.68,1844.5,ID103371226,BP NO230,L,Closed,,CLOSED
327963.89,4658510.70,1852.8,ID103452770,BP NO231,L,Closed,,CLOSED
327963.89,4658510.70,1852.8,ID103014872,BP NO232,L,Closed,,CLOSED
327963.89,4658510.70,1852.8,ID103146481,BP NO233,L,Closed,,CLOSED
328002.18,4658076.47,1878.7,ID103112441,BP NO234,L,Closed,,CLOSED
328807.44,4661480.02,2023.0,ID103457925,BP NO235,L,Closed,,CLOSED
328807.44,4661480.02,2023.0,ID102925453,BP NO236,L,Closed,,CLOSED
328807.44,4661480.02,2023.0,ID103471135,BP NO237,L,Closed,,CLOSED
328807.44,4661480.02,2023.0,ID101684546,BP NO238,L,Closed,,CLOSED
328851.89,4661060.08,2055.5,ID103454356,BP NO239,L,Closed,,CLOSED
328850.01,4660674.60,2050.8,ID103227211,BP NO240,L,Closed,,CLOSED
328850.01,4660674.60,2050.8,ID103485074,BP NO241,L,Closed,,CLOSED
328850.01,4660674.60,2050.8,ID103113269,BP NO242,L,Closed,,CLOSED
328832.45,4660257.28,2012.7,ID103293837,BP NO243,L,Closed,,CLOSED
328830.54,4659870.69,1995.7,ID103300742,BP NO244,L,Closed,,CLOSED
328830.54,4659870.69,1995.7,ID103410077,BP NO245,L,Closed,,CLOSED
328830.54,4659870.69,1995.7,ID103455631,BP NO246,L,Closed,,CLOSED
328830.54,4659870.69,1995.7,ID102919967,BP NO247,L,Closed,,CLOSED
328784.13,4659218.53,2081.9,ID103326432,BP NO248,L,Closed,,CLOSED
328784.13,4659218.53,2081.9,ID103283188,BP NO249,L,Closed,,CLOSED
328784.13,4659218.53,2081.9,ID103329715,BP NO250,L,Closed,,CLOSED
328726.02,4658767.74,2102.4,ID102918419,BP NO251,L,Closed,,CLOSED
328703.78,4658430.53,2076.6,ID103115336,BP NO252,L,Closed,,CLOSED
328703.78,4658430.53,2076.6,ID103468093,BP NO253,L,Closed,,CLOSED
328703.78,4658430.53,2076.6,ID103284937,BP NO254,L,Closed,,CLOSED
328709.96,4658035.97,2074.0,ID102913218,BP NO255,L,Closed,,CLOSED
329197.18,4661546.14,2153.9,ID103324161,BP NO256,L,Closed,,CLOSED
329197.18,4661546.14,2153.9,ID103486397,BP NO257,L,Closed,,CLOSED
329197.18,4661546.14,2153.9,ID102914563,BP NO258,L,Closed,,CLOSED
329229.55,4661036.50,2194.6,ID103284549,BP NO259,L,Closed,,CLOSED
329220.27,4660652.31,2171.4,ID103274840,BP NO260,L,Closed,,CLOSED
329220.27,4660652.31,2171.4,ID103405886,BP NO261,L,Closed,,CLOSED
329220.27,4660652.31,2171.4,ID103458134,BP NO262,L,Closed,,CLOSED
329210.13,4660232.59,2132.9,ID103143638,BP NO263,L,Closed,,CLOSED
329200.85,4659848.40,2144.4,ID103487569,BP NO264,L,Closed,,CLOSED
329200.85,4659848.40,2144.4,ID103407567,BP NO265,L,Closed,,CLOSED
329200.85,4659848.40,2144.4,ID103503180,BP NO266,L,Closed,,CLOSED
329200.85,4659848.40,2144.4,ID103223154,BP NO267,L,Closed,,CLOSED
329140.24,4659155.47,2168.1,ID103362938,BP NO268,L,Closed,,CLOSED
329140.24,4659155.47,2168.1,ID101683865,BP NO269,L,Closed,,CLOSED
329140.24,4659155.47,2168.1,ID103272165,BP NO270,L,Closed,,CLOSED
329144.52,4658784.29,2087.1,ID103113873,BP NO271,L,Closed,,CLOSED
329123.23,4658451.49,2027.7,ID103372366,BP NO272,L,Closed,,CLOSED
329123.23,4658451.49,2027.7,ID103413035,BP NO273,L,Closed,,CLOSED
329123.23,4658451.49,2027.7,ID103329914,BP NO274,L,Closed,,CLOSED
329127.66,4658018.09,1922.2,ID103114843,BP NO275,L,Closed,,CLOSED
329604.74,4659914.20,2283.1,ID103372354,BP NO276,L,Closed,,CLOSED
329588.33,4659199.10,2071.3,ID103226623,BP NO277,L,Closed,,CLOSED
329588.33,4659199.10,2071.3,ID103065796,BP NO278,L,Closed,,CLOSED
329588.33,4659199.10,2071.3,ID103366033,BP NO279,L,Closed,,CLOSED
329530.84,4658771.63,2018.2,ID103344750,BP NO280,L,Closed,,CLOSED
329508.83,4658442.19,2023.0,ID103373392,BP NO281,L,Closed,,CLOSED
329508.83,4658442.19,2023.0,ID103139796,BP NO282,L,Closed,,CLOSED
329508.83,4658442.19,2023.0,ID103511377,BP NO283,L,Closed,,CLOSED
329514.30,4658016.54,1917.2,ID103478858,BP NO284,L,Closed,,CLOSED
329961.38,4659874.51,2176.6,ID103300124,BP NO285,L,Closed,,CLOSED
329943.62,4659136.11,2053.0,ID103065464,BP NO286,L,Closed,,CLOSED
329943.62,4659136.11,2053.0,ID103111453,BP NO287,L,Closed,,CLOSED
329943.62,4659136.11,2053.0,ID103465301,BP NO288,L,Closed,,CLOSED
330011.57,4658794.50,2038.8,ID103521707,BP NO289,L,Closed,,CLOSED
329928.61,4658477.64,1908.7,ID103402916,BP NO290,L,Closed,,CLOSED
329928.61,4658477.64,1908.7,ID103019265,BP NO291,L,Closed,,CLOSED
329928.61,4658477.64,1908.7,ID103463507,BP NO292,L,Closed,,CLOSED
329994.17,4657967.22,1870.3,ID103272576,BP NO293,L,Closed,,CLOSED
330314.72,4658455.03,1894.0,ID102913270,BP NO294,L,Closed,,CLOSED
330314.72,4658455.03,1894.0,ID103014374,BP NO295,L,Closed,,CLOSED
330366.93,4657973.82,1830.0,ID103469112,BP NO296,L,Closed,,CLOSED
330839.93,4659160.16,1848.7,ID103299876,BP NO297,L,Closed,,CLOSED
330839.93,4659160.16,1848.7,ID103230110,BP NO298,L,Closed,,CLOSED
330785.40,4658714.84,1832.4,ID103527089,BP NO299,L,Closed,,CLOSED
330778.77,4658368.37,1804.1,ID103116439,BP NO300,L,Closed,,CLOSED
330778.77,4658368.37,1804.1,ID101689393,BP NO301,L,Closed,,CLOSED
330778.77,4658368.37,1804.1,ID103405321,BP NO302,L,Closed,,CLOSED
330801.03,4657948.98,1765.9,ID103447554,BP NO303,L,Closed,,CLOSED
331194.24,4659922.74,1852.3,ID103471662,BP NO304,L,Closed,,CLOSED
331197.57,4659160.51,1814.9,ID103142672,BP NO305,L,Closed,,CLOSED
331197.57,4659160.51,1814.9,ID103378480,BP NO307,L,Closed,,CLOSED
331164.47,4658710.23,1781.8,ID102914470,BP NO308,L,Closed,,CLOSED
331150.64,4658373.92,1761.8,ID103017601,BP NO309,L,Closed,,CLOSED
331150.64,4658373.92,1761.8,ID103138638,BP NO310,L,Closed,,CLOSED
331150.64,4658373.92,1761.8,ID103520245,BP NO311,L,Closed,,CLOSED
331172.95,4657955.65,1717.4,ID103111167,BP NO312,L,Closed,,CLOSED
332101.44,4659922.25,1733.8,ID103371756,BP NO313,L,Closed,,CLOSED
332002.31,4659129.12,1771.4,ID103060932,BP NO314,L,Closed,,CLOSED
332002.31,4659129.12,1771.4,ID103519210,BP NO315,L,Closed,,CLOSED
332002.31,4659129.12,1771.4,ID103474624,BP NO316,L,Closed,,CLOSED
331994.76,4658741.56,1790.5,ID103273330,BP NO317,L,Closed,,CLOSED
331926.74,4658387.66,1759.8,ID103321941,BP NO318,L,Closed,,CLOSED
331926.74,4658387.66,1759.8,ID103241905,BP NO319,L,Closed,,CLOSED
331926.74,4658387.66,1759.8,ID103454608,BP NO320,L,Closed,,CLOSED
331978.97,4657937.58,1729.0,ID103419343,BP NO321,L,Closed,,CLOSED
332484.78,4659087.68,1721.3,ID103186943,BP NO322,L,Closed,,CLOSED
332484.78,4659087.68,1721.3,ID103015425,BP NO323,L,Closed,,CLOSED
332454.38,4658712.89,1719.1,ID103461449,BP NO324,L,Closed,,CLOSED
332435.43,4658332.26,1738.1,ID103272609,BP NO325,L,Closed,,CLOSED
332435.43,4658332.26,1738.1,ID103305735,BP NO326,L,Closed,,CLOSED
332351.75,4657945.40,1693.1,ID102915398,BP NO328,L,Closed,,CLOSED
332806.58,4659077.85,1642.0,ID103282418,BP NO329,L,Closed,,CLOSED
332806.58,4659077.85,1642.0,ID103276562,BP NO330,L,Closed,,CLOSED
332798.73,4658675.85,1637.6,ID103483397,BP NO331,L,Closed,,CLOSED
332792.48,4658341.59,1632.3,ID103455986,BP NO332,L,Closed,,CLOSED
332792.48,4658341.59,1632.3,ID103143660,BP NO333,L,Closed,,CLOSED
332792.48,4658341.59,1632.3,ID103410425,BP NO334,L,Closed,,CLOSED
332737.65,4657948.48,1648.9,ID103405628,BP NO335,L,Closed,,CLOSED
333169.12,4659075.95,1590.4,ID103361297,BP NO336,L,Closed,,CLOSED
333169.12,4659075.95,1590.4,ID103461305,BP NO337,L,Closed,,CLOSED
333169.12,4659075.95,1590.4,ID103486413,BP NO338,L,Closed,,CLOSED
333173.53,4658701.44,1584.7,ID103471112,BP NO339,L,Closed,,CLOSED
333195.19,4658320.97,1569.0,ID101688927,BP NO340,L,Closed,,CLOSED
333195.19,4658320.97,1569.0,ID103462740,BP NO341,L,Closed,,CLOSED
333195.19,4658320.97,1569.0,ID103299823,BP NO342,L,Closed,,CLOSED
333155.51,4657901.96,1573.2,ID103377805,BP NO343,L,Closed,,CLOSED
328031.64,4663913.14,2215.7,ID103085267,BP NO344,L,Closed,,CLOSED
328031.64,4663913.14,2215.7,ID103464286,BP NO345,L,Closed,,CLOSED
328897.15,4663953.23,2023.7,ID103405618,BP NO346,L,Closed,,CLOSED
328897.15,4663953.23,2023.7,ID103502327,BP NO347,L,Closed,,CLOSED
328897.15,4663953.23,2023.7,ID103227884,BP NO348,L,Closed,,CLOSED
329253.58,4663913.49,1982.8,ID103325996,BP NO350,L,Closed,,CLOSED
329253.58,4663913.49,1982.8,ID103366034,BP NO351,L,Closed,,CLOSED
329322.40,4663064.11,2191.1,ID103487986,BP NO352,L,Closed,,CLOSED
329322.40,4663064.11,2191.1,ID103290627,BP NO353,L,Closed,,CLOSED
329322.40,4663064.11,2191.1,ID103512234,BP NO354,L,Closed,,CLOSED
329299.03,4662644.71,2283.2,ID103365992,BP NO355,L,Closed,,CLOSED
329699.96,4663932.71,1947.7,ID103244769,BP NO356,L,Closed,,CLOSED
329699.96,4663932.71,1947.7,ID103527355,BP NO357,L,Closed,,CLOSED
329699.96,4663932.71,1947.7,ID103401127,BP NO358,L,Closed,,CLOSED
329699.96,4663932.71,1947.7,ID103408874,BP NO359,L,Closed,,CLOSED
329681.43,4663129.88,2153.1,ID102916145,BP NO360,L,Closed,,CLOSED
329681.43,4663129.88,2153.1,ID103521708,BP NO361,L,Closed,,CLOSED
329681.43,4663129.88,2153.1,ID103283305,BP NO362,L,Closed,,CLOSED
329681.43,4663129.88,2153.1,ID103349232,BP NO363,L,Closed,,CLOSED
329718.95,4662695.68,2324.1,ID103329957,BP NO364,L,Closed,,CLOSED
329662.87,4662325.95,2265.3,ID103523097,BP NO365,L,Closed,,CLOSED
330055.33,4663848.60,2061.2,ID103291603,BP NO366,L,Closed,,CLOSED
330055.33,4663848.60,2061.2,ID103329410,BP NO367,L,Closed,,CLOSED
330055.33,4663848.60,2061.2,ID103296271,BP NO368,L,Closed,,CLOSED
330055.33,4663848.60,2061.2,ID103223112,BP NO369,L,Closed,,CLOSED
330038.97,4663134.60,2281.6,ID103472326,BP NO370,L,Closed,,CLOSED
330038.97,4663134.60,2281.6,ID103451399,BP NO371,L,Closed,,CLOSED
330038.97,4663134.60,2281.6,ID103016695,BP NO372,L,Closed,,CLOSED
330038.97,4663134.60,2281.6,ID103468667,BP NO373,L,Closed,,CLOSED
330040.79,4662625.71,2255.8,ID103380049,BP NO374,L,Closed,,CLOSED
330017.49,4662241.86,2251.0,ID103452501,BP NO375,L,Closed,,CLOSED
330017.49,4662241.86,2251.0,ID102914267,BP NO376,L,Closed,,CLOSED
330532.70,4663849.35,2141.9,ID103483183,BP NO377,L,Closed,,CLOSED
330532.70,4663849.35,2141.9,ID103375672,BP NO378,L,Closed,,CLOSED
330532.70,4663849.35,2141.9,ID103228166,BP NO379,L,Closed,,CLOSED
330532.70,4663849.35,2141.9,ID103140878,BP NO380,L,Closed,,CLOSED
330485.13,4663108.33,2110.6,ID103307707,BP NO381,L,Closed,,CLOSED
330485.13,4663108.33,2110.6,ID103141001,BP NO382,L,Closed,,CLOSED
330485.13,4663108.33,2110.6,ID103501589,BP NO383,L,Closed,,CLOSED
330485.13,4663108.33,2110.6,ID103488553,BP NO384,L,Closed,,CLOSED
330521.87,4662674.15,2227.0,ID103506930,BP NO385,L,Closed,,CLOSED
330465.86,4662305.52,2084.4,ID103068032,BP NO386,L,Closed,,CLOSED
330465.86,4662305.52,2084.4,ID103294686,BP NO387,L,Closed,,CLOSED
330465.86,4662305.52,2084.4,ID103458806,BP NO388,L,Closed,,CLOSED
330903.60,4663826.01,2052.8,ID103020398,BP NO389,L,Closed,,CLOSED
330903.60,4663826.01,2052.8,ID103462391,BP NO390,L,Closed,,CLOSED
330903.60,4663826.01,2052.8,ID103371956,BP NO391,L,Closed,,CLOSED
330903.60,4663826.01,2052.8,ID103459820,BP NO392,L,Closed,,CLOSED
330840.52,4663023.15,2037.3,ID103528631,BP NO393,L,Closed,,CLOSED
330840.52,4663023.15,2037.3,ID103472767,BP NO394,L,Closed,,CLOSED
330840.52,4663023.15,2037.3,ID103374140,BP NO395,L,Closed,,CLOSED
330840.52,4663023.15,2037.3,ID103329517,BP NO396,L,Closed,,CLOSED
330844.55,4662604.20,2111.0,ID103321111,BP NO397,L,Closed,,CLOSED
331307.24,4663891.91,1949.7,ID103347997,BP NO398,L,Closed,,CLOSED
331307.24,4663891.91,1949.7,ID103294069,BP NO399,L,Closed,,CLOSED
331307.24,4663891.91,1949.7,ID103229191,BP NO400,L,Closed,,CLOSED
331307.24,4663891.91,1949.7,ID103229627,BP NO401,L,Closed,,CLOSED
331319.45,4663087.24,1953.0,ID103473441,BP NO402,L,Closed,,CLOSED
331319.45,4663087.24,1953.0,ID103347027,BP NO403,L,Closed,,CLOSED
331319.45,4663087.24,1953.0,ID103298628,BP NO404,L,Closed,,CLOSED
331319.45,4663087.24,1953.0,ID103229550,BP NO405,L,Closed,,CLOSED
331325.39,4662608.25,2070.3,ID103289269,BP NO406,L,Closed,,CLOSED
332049.80,4663843.10,1819.0,ID103414412,BP NO407,L,Closed,,CLOSED
332049.80,4663843.10,1819.0,ID103453860,BP NO408,L,Closed,,CLOSED
332049.80,4663843.10,1819.0,ID103377848,BP NO409,L,Closed,,CLOSED
332049.80,4663843.10,1819.0,ID103083252,BP NO410,L,Closed,,CLOSED
332062.85,4663069.53,1815.6,ID103468944,BP NO411,L,Closed,,CLOSED
332062.85,4663069.53,1815.6,ID103405034,BP NO412,L,Closed,,CLOSED
332062.85,4663069.53,1815.6,ID103307537,BP NO413,L,Closed,,CLOSED
332062.85,4663069.53,1815.6,ID103068063,BP NO414,L,Closed,,CLOSED
332082.07,4662590.23,1829.7,ID103360928,BP NO415,L,Closed,,CLOSED
332072.91,4662204.93,1820.2,ID103404658,BP NO416,L,Closed,,CLOSED
332470.91,4663878.65,1762.8,ID103276266,BP NO417,L,Closed,,CLOSED
332470.91,4663878.65,1762.8,ID103287745,BP NO418,L,Closed,,CLOSED
332470.91,4663878.65,1762.8,ID103279178,BP NO419,L,Closed,,CLOSED
332470.91,4663878.65,1762.8,ID102920669,BP NO420,L,Closed,,CLOSED
332539.04,4662983.78,1755.5,ID103276408,BP NO421,L,Closed,,CLOSED
332539.04,4662983.78,1755.5,ID103478738,BP NO422,L,Closed,,CLOSED
332539.04,4662983.78,1755.5,ID103374928,BP NO423,L,Closed,,CLOSED
332539.04,4662983.78,1755.5,ID103451818,BP NO424,L,Closed,,CLOSED
332516.53,4662627.69,1751.9,ID103521847,BP NO425,L,Closed,,CLOSED
332855.91,4663857.30,1722.3,ID103290774,BP NO426,L,Closed,,CLOSED
332855.91,4663857.30,1722.3,ID103244744,BP NO427,L,Closed,,CLOSED
332470.91,4663878.65,1762.8,ID103300240,BP NO428,L,Closed,,CLOSED
332470.91,4663878.65,1762.8,ID103251753,BP NO429,L,Closed,,CLOSED
332539.04,4662983.78,1755.5,ID103369932,BP NO430,L,Closed,,CLOSED
332539.04,4662983.78,1755.5,ID103528332,BP NO431,L,Closed,,CLOSED
332539.04,4662983.78,1755.5,ID103283459,BP NO432,L,Closed,,CLOSED
332539.04,4662983.78,1755.5,ID103228708,BP NO433,L,Closed,,CLOSED
332516.53,4662627.69,1751.9,ID103361073,BP NO434,L,Closed,,CLOSED
333363.47,4663770.87,1671.8,ID103278209,BP NO435,L,Closed,,CLOSED
333363.47,4663770.87,1671.8,ID103291659,BP NO436,L,Closed,,CLOSED
331613.63,4657546.30,1669.7,ID103451622,BP NO437,L,Closed,,CLOSED
331613.63,4657546.30,1669.7,ID103522353,BP NO438,L,Closed,,CLOSED
331972.30,4657552.22,1670.7,ID103468898,BP NO439,L,Closed,,CLOSED
331972.30,4657552.22,1670.7,ID103406857,BP NO440,L,Closed,,CLOSED
332331.37,4657574.81,1700.2,ID103454028,BP NO441,L,Closed,,CLOSED
332331.37,4657574.81,1700.2,ID103275075,BP NO442,L,Closed,,CLOSED
332412.73,4661425.82,1745.5,ID102269593,BP NO443,L,Closed,,CLOSED
332412.73,4661425.82,1745.5,ID103456962,BP NO444,L,Closed,,CLOSED
332456.68,4660242.67,1693.7,ID103118461,BP NO445,L,Closed,,CLOSED
332397.57,4659948.55,1706.0,ID103526483,BP NO446,L,Closed,,CLOSED
332397.57,4659948.55,1706.0,ID103014394,BP NO447,L,Closed,,CLOSED
333134.83,4657516.93,1572.6,ID103020554,BP NO448,L,Closed,,CLOSED
333134.83,4657516.93,1572.6,ID103310114,BP NO449,L,Closed,,CLOSED
333134.83,4657516.93,1572.6,ID103225399,BP NO450,L,Closed,,CLOSED
333134.83,4657516.93,1572.6,ID103228167,BP NO451,L,Closed,,CLOSED
333120.43,4656800.68,1546.7,ID103326058,BP NO452,L,Closed,,CLOSED
333120.43,4656800.68,1546.7,ID103275233,BP NO453,L,Closed,,CLOSED
333120.43,4656800.68,1546.7,ID103409052,BP NO454,L,Closed,,CLOSED
333120.43,4656800.68,1546.7,ID103224472,BP NO455,L,Closed,,CLOSED
288274.11,4690650.05,2017.3,ID102916222,MICA 30,L,Closed,,CLOSED
288740.98,4691010.52,1961.1,ID103485885,MICA 31,L,Closed,,CLOSED
288740.98,4691010.52,1961.1,ID103375616,MICA 32,L,Closed,,CLOSED
276318.46,4680591.64,2117.1,ID103475779,BJ-18,L,Closed,,CLOSED
276318.46,4680591.64,2117.1,ID103293851,BJ-19,L,Closed,,CLOSED
276318.46,4680591.64,2117.1,ID103371483,BJ-20,L,Closed,,CLOSED
276318.46,4680591.64,2117.1,ID103229413,BJ-21,L,Closed,,CLOSED
275987.25,4680591.08,2003.7,ID103282743,BJ-22,L,Closed,,CLOSED
276410.65,4680971.09,2124.0,ID103401933,BJ-25,L,Closed,,CLOSED
276410.65,4680971.09,2124.0,ID103244523,BJ-26,L,Closed,,CLOSED
276410.65,4680971.09,2124.0,ID103522075,BJ-27,L,Closed,,CLOSED
276410.65,4680971.09,2124.0,ID103456234,BJ-28,L,Closed,,CLOSED
276083.04,4680979.30,2021.4,ID103141343,BJ-29,L,Closed,,CLOSED
276414.33,4681372.26,2133.1,ID103323941,BJ-32,L,Closed,,CLOSED
276414.33,4681372.26,2133.1,ID103468476,BJ-33,L,Closed,,CLOSED
276414.33,4681372.26,2133.1,ID103327989,BJ-34,L,Closed,,CLOSED
276414.33,4681372.26,2133.1,ID103113022,BJ-35,L,Closed,,CLOSED
276065.26,4681380.04,2044.7,ID103409539,BJ-36,L,Closed,,CLOSED
275459.33,4681387.16,1970.4,ID103528468,BJ-37,L,Closed,,CLOSED
275459.33,4681387.16,1970.4,ID103114502,BJ-38,L,Closed,,CLOSED
328542.50,4699417.30,1698.5,ID103503804,RATTLER #1,L,Closed,,CLOSED
328766.24,4699511.81,1714.0,ID103501786,RATTLER #2,L,Closed,,CLOSED
328073.25,4699916.61,1704.7,ID103282805,RATTLER #3,L,Closed,,CLOSED
328468.36,4699816.90,1741.1,ID103322181,RATTLER #4,L,Closed,,CLOSED
328468.36,4699816.90,1741.1,ID103341385,RATTLER #5,L,Closed,,CLOSED
328073.25,4699916.61,1704.7,ID103457821,RATTLER #6,L,Closed,,CLOSED
328073.25,4699916.61,1704.7,ID103373273,RATTLER #7,L,Closed,,CLOSED
244190.97,4687505.93,2071.1,ID103226287,F & H CLAIM #7,L,Closed,,CLOSED
244698.61,4687889.96,2045.5,ID103370003,F & H CLAIM #8,L,Closed,,CLOSED
245020.63,4687847.10,2014.5,ID103525575,F & H CLAIM #9,L,Closed,,CLOSED
244993.13,4687476.71,2037.1,ID103291876,F & H CLAIM #10,L,Closed,,CLOSED
244993.13,4687476.71,2037.1,ID103247148,F & H CLAIM #11,L,Closed,,CLOSED
245020.63,4687847.10,2014.5,ID103525710,F & H CLAIM #12,L,Closed,,CLOSED
245874.71,4687885.03,1913.6,ID103461294,F & H CLAIM #13,L,Closed,,CLOSED
245793.63,4687402.05,2016.8,ID103486402,F & H CLAIM #14,L,Closed,,CLOSED
245793.63,4687402.05,2016.8,ID103282308,F & H CLAIM #15,L,Closed,,CLOSED
245874.71,4687885.03,1913.6,ID103143978,F & H CLAIM #16,L,Closed,,CLOSED
246251.76,4687880.27,1818.0,ID103371330,F & H CLAIM #17,L,Closed,,CLOSED
246178.34,4687402.57,1906.6,ID103377828,F & H CLAIM #18,L,Closed,,CLOSED
246597.48,4687419.65,1891.4,ID103364223,F & H CLAIM #19,L,Closed,,CLOSED
246588.17,4688143.87,1709.0,ID103464926,F & H CLAIM #20,L,Closed,,CLOSED
246588.17,4688143.87,1709.0,ID103407646,F & H CLAIM #21,L,Closed,,CLOSED
246597.48,4687419.65,1891.4,ID103503739,F & H CLAIM #22,L,Closed,,CLOSED
247044.57,4687433.53,1793.8,ID103284199,F & H CLAIM #23,L,Closed,,CLOSED
247400.43,4687389.57,1721.1,ID102914039,F & H CLAIM #24,L,Closed,,CLOSED
247400.43,4687389.57,1721.1,ID103463969,F & H CLAIM #25,L,Closed,,CLOSED
246597.48,4687419.65,1891.4,ID103380590,F & H CLAIM #26,L,Closed,,CLOSED
245112.83,4688679.95,1959.3,ID103366536,F & H CLAIM #27,L,Closed,,CLOSED
245112.83,4688679.95,1959.3,ID103462097,F & H CLAIM #28,L,Closed,,CLOSED
245079.17,4689456.22,1899.7,ID103371331,F & H CLAIM #29,L,Closed,,CLOSED
321183.27,4678551.10,1717.8,ID103464908,PL NO1,L,Closed,,CLOSED
321183.27,4678551.10,1717.8,ID103406633,PL NO2,L,Closed,,CLOSED
321183.27,4678551.10,1717.8,ID103484981,PL NO3,L,Closed,,CLOSED
321183.27,4678551.10,1717.8,ID103283273,PL NO4,L,Closed,,CLOSED
321200.64,4678195.09,1782.2,ID102915979,PL NO5,L,Closed,,CLOSED
321230.00,4677661.01,1856.5,ID103375128,PL NO6,L,Closed,,CLOSED
321230.00,4677661.01,1856.5,ID103378766,PL NO7,L,Closed,,CLOSED
321230.00,4677661.01,1856.5,ID103488660,PL NO8,L,Closed,,CLOSED
321236.22,4677288.62,1958.4,ID103227116,PL NO9,L,Closed,,CLOSED
321178.10,4676918.98,2063.3,ID103274299,PL NO10,L,Closed,,CLOSED
321178.10,4676918.98,2063.3,ID103366006,PL NO11,L,Closed,,CLOSED
321178.10,4676918.98,2063.3,ID103246037,PL NO12,L,Closed,,CLOSED
321178.10,4676918.98,2063.3,ID102920604,PL NO13,L,Closed,,CLOSED
321185.67,4676112.11,2107.6,ID103463177,PL NO14,L,Closed,,CLOSED
321185.67,4676112.11,2107.6,ID103287183,PL NO15,L,Closed,,CLOSED
321185.67,4676112.11,2107.6,ID103297898,PL NO16,L,Closed,,CLOSED
321185.67,4676112.11,2107.6,ID103456369,PL NO17,L,Closed,,CLOSED
321556.30,4678511.62,1739.2,ID103284421,PL NO18,L,Closed,,CLOSED
321556.30,4678511.62,1739.2,ID103402777,PL NO19,L,Closed,,CLOSED
321556.30,4678511.62,1739.2,ID103341707,PL NO20,L,Closed,,CLOSED
321556.30,4678511.62,1739.2,ID103523686,PL NO21,L,Closed,,CLOSED
321590.34,4678128.53,1830.6,ID103293351,PL NO22,L,Closed,,CLOSED
321600.16,4677637.16,1872.9,ID103401061,PL NO23,L,Closed,,CLOSED
321600.16,4677637.16,1872.9,ID103308016,PL NO24,L,Closed,,CLOSED
321600.16,4677637.16,1872.9,ID102920508,PL NO25,L,Closed,,CLOSED
321558.12,4677249.33,1930.8,ID103467932,PL NO26,L,Closed,,CLOSED
321533.82,4676877.72,1992.4,ID103435288,PL NO27,L,Closed,,CLOSED
321533.82,4676877.72,1992.4,ID103365411,PL NO28,L,Closed,,CLOSED
321533.82,4676877.72,1992.4,ID102918831,PL NO29,L,Closed,,CLOSED
321533.82,4676877.72,1992.4,ID103487494,PL NO30,L,Closed,,CLOSED
321555.79,4676116.04,2029.1,ID103375769,PL NO31,L,Closed,,CLOSED
321555.79,4676116.04,2029.1,ID103489442,PL NO32,L,Closed,,CLOSED
321555.79,4676116.04,2029.1,ID103138449,PL NO33,L,Closed,,CLOSED
321555.79,4676116.04,2029.1,ID103113378,PL NO34,L,Closed,,CLOSED
322359.18,4678492.39,1695.2,ID103482761,PL NO35,L,Closed,,CLOSED
322359.18,4678492.39,1695.2,ID103506405,PL NO36,L,Closed,,CLOSED
322359.18,4678492.39,1695.2,ID103490578,PL NO37,L,Closed,,CLOSED
322359.18,4678492.39,1695.2,ID103275899,PL NO38,L,Closed,,CLOSED
322367.50,4678135.51,1733.0,ID103475935,PL NO39,L,Closed,,CLOSED
322359.59,4677659.04,1765.3,ID103297308,PL NO40,L,Closed,,CLOSED
322359.59,4677659.04,1765.3,ID103328330,PL NO41,L,Closed,,CLOSED
322359.59,4677659.04,1765.3,ID103517423,PL NO42,L,Closed,,CLOSED
322422.12,4677191.91,1767.5,ID103483424,PL NO43,L,Closed,,CLOSED
322423.94,4676806.30,1791.5,ID103454955,PL NO44,L,Closed,,CLOSED
322423.94,4676806.30,1791.5,ID103244809,PL NO45,L,Closed,,CLOSED
322423.94,4676806.30,1791.5,ID103525843,PL NO46,L,Closed,,CLOSED
322423.94,4676806.30,1791.5,ID103403200,PL NO47,L,Closed,,CLOSED
322312.32,4676049.12,1869.3,ID103470333,PL NO48,L,Closed,,CLOSED
322312.32,4676049.12,1869.3,ID103282449,PL NO49,L,Closed,,CLOSED
322312.32,4676049.12,1869.3,ID103517635,PL NO50,L,Closed,,CLOSED
322312.32,4676049.12,1869.3,ID103247112,PL NO51,L,Closed,,CLOSED
322790.18,4678558.18,1661.7,ID103457545,PL NO52,L,Closed,,CLOSED
322790.18,4678558.18,1661.7,ID103221500,PL NO53,L,Closed,,CLOSED
322790.18,4678558.18,1661.7,ID103310629,PL NO54,L,Closed,,CLOSED
322790.18,4678558.18,1661.7,ID103401926,PL NO55,L,Closed,,CLOSED
322824.58,4678153.98,1674.8,ID103241956,PL NO56,L,Closed,,CLOSED
322867.07,4677611.80,1693.6,ID103298600,PL NO57,L,Closed,,CLOSED
322867.07,4677611.80,1693.6,ID103445650,PL NO58,L,Closed,,CLOSED
322867.07,4677611.80,1693.6,ID103364238,PL NO59,L,Closed,,CLOSED
322841.19,4677240.22,1746.5,ID102267362,PL NO60,L,Closed,,CLOSED
322783.16,4676870.57,1782.0,ID103325002,PL NO61,L,Closed,,CLOSED
322783.16,4676870.57,1782.0,ID101469199,PL NO62,L,Closed,,CLOSED
322783.16,4676870.57,1782.0,ID103478102,PL NO63,L,Closed,,CLOSED
322783.16,4676870.57,1782.0,ID103374206,PL NO64,L,Closed,,CLOSED
322788.54,4676002.66,1950.3,ID103015630,PL NO65,L,Closed,,CLOSED
322788.54,4676002.66,1950.3,ID103014797,PL NO66,L,Closed,,CLOSED
322788.54,4676002.66,1950.3,ID103081655,PL NO67,L,Closed,,CLOSED
322788.54,4676002.66,1950.3,ID103015372,PL NO68,L,Closed,,CLOSED
323140.80,4676872.68,1768.3,ID103325621,PL NO69,L,Closed,,CLOSED
323140.80,4676872.68,1768.3,ID103477615,PL NO70,L,Closed,,CLOSED
323140.80,4676872.68,1768.3,ID103518181,PL NO71,L,Closed,,CLOSED
323140.80,4676872.68,1768.3,ID103473644,PL NO72,L,Closed,,CLOSED
323158.77,4675977.79,1876.6,ID103454119,PL NO73,L,Closed,,CLOSED
323158.77,4675977.79,1876.6,ID103222983,PL NO74,L,Closed,,CLOSED
323158.77,4675977.79,1876.6,ID103487578,PL NO75,L,Closed,,CLOSED
323158.77,4675977.79,1876.6,ID103434097,PL NO76,L,Closed,,CLOSED
328934.49,4665562.22,2302.8,ID103484411,BP NO456,L,Closed,,CLOSED
328934.49,4665562.22,2302.8,ID103223162,BP NO457,L,Closed,,CLOSED
328934.49,4665562.22,2302.8,ID103364145,BP NO458,L,Closed,,CLOSED
328934.49,4665562.22,2302.8,ID103366398,BP NO459,L,Closed,,CLOSED
328970.78,4665080.26,2297.0,ID103482429,BP NO460,L,Closed,,CLOSED
328976.33,4664694.59,2228.8,ID103323143,BP NO461,L,Closed,,CLOSED
328976.33,4664694.59,2228.8,ID103325434,BP NO462,L,Closed,,CLOSED
328976.33,4664694.59,2228.8,ID103420626,BP NO463,L,Closed,,CLOSED
328953.29,4664324.06,2165.5,ID103362279,BP NO464,L,Closed,,CLOSED
329289.98,4665521.39,2176.7,ID103466181,BP NO465,L,Closed,,CLOSED
329289.98,4665521.39,2176.7,ID103440098,BP NO466,L,Closed,,CLOSED
329289.98,4665521.39,2176.7,ID103434098,BP NO467,L,Closed,,CLOSED
329289.98,4665521.39,2176.7,ID103484412,BP NO468,L,Closed,,CLOSED
329354.84,4665056.52,2225.7,ID103305916,BP NO469,L,Closed,,CLOSED
329359.58,4664670.87,2169.8,ID103476007,BP NO470,L,Closed,,CLOSED
329359.58,4664670.87,2169.8,ID103461655,BP NO471,L,Closed,,CLOSED
329359.58,4664670.87,2169.8,ID103139433,BP NO472,L,Closed,,CLOSED
329275.78,4664284.04,2142.4,ID103118857,BP NO473,L,Closed,,CLOSED
329797.58,4665476.91,2102.6,ID103367484,BP NO474,L,Closed,,CLOSED
329797.58,4665476.91,2102.6,ID103362739,BP NO475,L,Closed,,CLOSED
329797.58,4665476.91,2102.6,ID103243553,BP NO476,L,Closed,,CLOSED
329797.58,4665476.91,2102.6,ID103376126,BP NO477,L,Closed,,CLOSED
329774.59,4665106.38,2170.7,ID103286838,BP NO478,L,Closed,,CLOSED
329718.52,4664736.65,2137.5,ID103295682,BP NO479,L,Closed,,CLOSED
329718.52,4664736.65,2137.5,ID103455307,BP NO480,L,Closed,,CLOSED
329718.52,4664736.65,2137.5,ID103014174,BP NO481,L,Closed,,CLOSED
329756.03,4664302.44,1976.9,ID103405774,BP NO482,L,Closed,,CLOSED
330181.62,4665453.22,2036.6,ID103299079,BP NO483,L,Closed,,CLOSED
330181.62,4665453.22,2036.6,ID103344646,BP NO484,L,Closed,,CLOSED
330181.62,4665453.22,2036.6,ID103523441,BP NO485,L,Closed,,CLOSED
330181.62,4665453.22,2036.6,ID103380525,BP NO486,L,Closed,,CLOSED
330097.07,4665067.50,2053.4,ID103342779,BP NO487,L,Closed,,CLOSED
330074.92,4664696.95,2040.5,ID103285640,BP NO488,L,Closed,,CLOSED
330074.92,4664696.95,2040.5,ID103223675,BP NO489,L,Closed,,CLOSED
330074.92,4664696.95,2040.5,ID103361056,BP NO490,L,Closed,,CLOSED
330077.80,4664232.47,1898.6,ID102917071,BP NO491,L,Closed,,CLOSED
330540.52,4665519.03,1996.1,ID103406121,BP NO492,L,Closed,,CLOSED
330540.52,4665519.03,1996.1,ID103377028,BP NO493,L,Closed,,CLOSED
330540.52,4665519.03,1996.1,ID103222688,BP NO494,L,Closed,,CLOSED
330540.52,4665519.03,1996.1,ID103527617,BP NO495,L,Closed,,CLOSED
330577.24,4665084.85,1998.4,ID103016605,BP NO496,L,Closed,,CLOSED
330522.07,4664716.20,1890.3,ID103345294,BP NO497,L,Closed,,CLOSED
330522.07,4664716.20,1890.3,ID103274940,BP NO498,L,Closed,,CLOSED
330522.07,4664716.20,1890.3,ID103411637,BP NO499,L,Closed,,CLOSED
330534.50,4664234.83,1980.7,ID103327675,BP NO500,L,Closed,,CLOSED
330895.78,4665433.85,1962.7,ID103375947,BP NO501,L,Closed,,CLOSED
330895.78,4665433.85,1962.7,ID103474919,BP NO502,L,Closed,,CLOSED
330895.78,4665433.85,1962.7,ID103299568,BP NO503,L,Closed,,CLOSED
330895.78,4665433.85,1962.7,ID103371198,BP NO504,L,Closed,,CLOSED
330963.27,4665074.48,1882.8,ID103376706,BP NO505,L,Closed,,CLOSED
330879.50,4664719.85,1839.2,ID103287279,BP NO506,L,Closed,,CLOSED
330879.50,4664719.85,1839.2,ID103368422,BP NO507,L,Closed,,CLOSED
330911.97,4664210.22,2030.7,ID103485105,BP NO508,L,Closed,,CLOSED
331373.92,4665436.85,1872.9,ID103527809,BP NO509,L,Closed,,CLOSED
331373.92,4665436.85,1872.9,ID103290519,BP NO510,L,Closed,,CLOSED
331373.92,4665436.85,1872.9,ID103501562,BP NO511,L,Closed,,CLOSED
331373.92,4665436.85,1872.9,ID103503264,BP NO512,L,Closed,,CLOSED
331355.54,4664632.91,1896.8,ID103447102,BP NO513,L,Closed,,CLOSED
331355.54,4664632.91,1896.8,ID103322247,BP NO514,L,Closed,,CLOSED
331363.22,4664261.65,1926.3,ID103341630,BP NO515,L,Closed,,CLOSED
332117.07,4665419.13,1795.0,ID103453635,BP NO516,L,Closed,,CLOSED
332117.07,4665419.13,1795.0,ID103506085,BP NO517,L,Closed,,CLOSED
332117.07,4665419.13,1795.0,ID103488318,BP NO518,L,Closed,,CLOSED
332114.55,4665000.34,1745.1,ID103525063,BP NO519,L,Closed,,CLOSED
332098.77,4664615.20,1783.8,ID103292620,BP NO520,L,Closed,,CLOSED
332098.77,4664615.20,1783.8,ID103403248,BP NO521,L,Closed,,CLOSED
332098.77,4664615.20,1783.8,ID103363099,BP NO522,L,Closed,,CLOSED
332072.86,4664221.41,1791.3,ID103461085,BP NO523,L,Closed,,CLOSED
332506.35,4665442.11,1754.9,ID103414997,BP NO524,L,Closed,,CLOSED
332506.35,4665442.11,1754.9,ID103347703,BP NO525,L,Closed,,CLOSED
332506.35,4665442.11,1754.9,ID103278437,BP NO526,L,Closed,,CLOSED
332506.35,4665442.11,1754.9,ID103525254,BP NO527,L,Closed,,CLOSED
332510.22,4664977.61,1751.5,ID103292090,BP NO528,L,Closed,,CLOSED
332487.02,4664592.64,1749.3,ID103018818,BP NO529,L,Closed,,CLOSED
332487.02,4664592.64,1749.3,ID103141746,BP NO530,L,Closed,,CLOSED
332487.02,4664592.64,1749.3,ID103289965,BP NO531,L,Closed,,CLOSED
332554.63,4664234.41,1732.8,ID103481435,BP NO532,L,Closed,,CLOSED
332892.41,4665434.07,1728.5,ID103309340,BP NO533,L,Closed,,CLOSED
332892.41,4665434.07,1728.5,ID102923880,BP NO534,L,Closed,,CLOSED
332892.41,4665434.07,1728.5,ID103362631,BP NO535,L,Closed,,CLOSED
332892.41,4665434.07,1728.5,ID101687552,BP NO536,L,Closed,,CLOSED
332896.64,4664984.01,1735.6,ID103116514,BP NO537,L,Closed,,CLOSED
332873.47,4664599.04,1702.9,ID103374637,BP NO538,L,Closed,,CLOSED
332873.47,4664599.04,1702.9,ID103490463,BP NO539,L,Closed,,CLOSED
332873.47,4664599.04,1702.9,ID103182640,BP NO540,L,Closed,,CLOSED
332973.82,4664225.59,1698.2,ID103363485,BP NO541,L,Closed,,CLOSED
332412.73,4661425.82,1745.5,ID103350677,BP NO542,L,Closed,,CLOSED
332412.73,4661425.82,1745.5,ID103149272,BP NO543,L,Closed,,CLOSED
332448.95,4660475.06,1720.8,ID103457620,BP NO544,L,Closed,,CLOSED
332448.95,4660475.06,1720.8,ID102919236,BP NO545,L,Closed,,CLOSED
332448.95,4660475.06,1720.8,ID103326847,BP NO546,L,Closed,,CLOSED
332448.95,4660475.06,1720.8,ID103464696,BP NO547,L,Closed,,CLOSED
332017.56,4660537.51,1761.6,ID103180917,BP NO548,L,Closed,,CLOSED
332017.56,4660537.51,1761.6,ID103118813,BP NO549,L,Closed,,CLOSED
328302.74,4657666.98,1985.6,ID103406762,BP NO550,L,Closed,,CLOSED
328302.74,4657666.98,1985.6,ID103524072,BP NO551,L,Closed,,CLOSED
328302.74,4657666.98,1985.6,ID103292175,BP NO552,L,Closed,,CLOSED
328302.74,4657666.98,1985.6,ID103118634,BP NO553,L,Closed,,CLOSED
328686.72,4657657.67,2038.0,ID103329964,BP NO554,L,Closed,,CLOSED
329105.47,4657647.54,1944.7,ID103283086,BP NO555,L,Closed,,CLOSED
329105.47,4657647.54,1944.7,ID103342502,BP NO556,L,Closed,,CLOSED
329105.47,4657647.54,1944.7,ID103330599,BP NO557,L,Closed,,CLOSED
329105.47,4657647.54,1944.7,ID103296275,BP NO558,L,Closed,,CLOSED
320653.72,4671213.36,1881.2,ID103526227,JUMP START NO. 1,L,Closed,,CLOSED
320653.72,4671213.36,1881.2,ID103403162,JUMP START NO. 2,L,Closed,,CLOSED
320653.72,4671213.36,1881.2,ID103344270,JUMP START NO. 3,L,Closed,,CLOSED
320653.72,4671213.36,1881.2,ID103455830,JUMP START NO. 4,L,Closed,,CLOSED
320515.72,4670727.98,1906.6,ID103456696,JUMP START NO. 5,L,Closed,,CLOSED
320477.33,4670388.96,1853.0,ID103346574,JUMP START NO. 6,L,Closed,,CLOSED
320477.33,4670388.96,1853.0,ID103273649,JUMP START NO. 7,L,Closed,,CLOSED
320477.33,4670388.96,1853.0,ID102918832,JUMP START NO. 8,L,Closed,,CLOSED
320497.79,4670056.21,1849.1,ID103487495,JUMP START NO. 9,L,Closed,,CLOSED
320522.99,4669650.01,1840.9,ID103065479,JUMP START NO. 10,L,Closed,,CLOSED
320522.99,4669650.01,1840.9,ID103015452,JUMP START NO. 11,L,Closed,,CLOSED
320522.99,4669650.01,1840.9,ID103461949,JUMP START NO. 12,L,Closed,,CLOSED
320522.99,4669650.01,1840.9,ID103374510,JUMP START NO. 13,L,Closed,,CLOSED
320593.07,4668830.44,1856.2,ID103501829,JUMP START NO. 14,L,Closed,,CLOSED
320593.07,4668830.44,1856.2,ID103445302,JUMP START NO. 15,L,Closed,,CLOSED
320593.07,4668830.44,1856.2,ID102914618,JUMP START NO. 16,L,Closed,,CLOSED
320593.07,4668830.44,1856.2,ID103465779,JUMP START NO. 17,L,Closed,,CLOSED
320539.54,4668416.25,1829.9,ID103278410,JUMP START NO. 18,L,Closed,,CLOSED
321013.29,4671279.77,1940.1,ID102267789,JUMP START NO. 19,L,Closed,,CLOSED
321013.29,4671279.77,1940.1,ID103477809,JUMP START NO. 20,L,Closed,,CLOSED
321013.29,4671279.77,1940.1,ID103280219,JUMP START NO. 21,L,Closed,,CLOSED
321013.29,4671279.77,1940.1,ID103141389,JUMP START NO. 22,L,Closed,,CLOSED
320956.68,4670743.43,1930.7,ID103325706,JUMP START NO. 23,L,Closed,,CLOSED
320935.41,4670393.97,1883.9,ID103461950,JUMP START NO. 24,L,Closed,,CLOSED
320935.41,4670393.97,1883.9,ID103374511,JUMP START NO. 25,L,Closed,,CLOSED
320935.41,4670393.97,1883.9,ID103224940,JUMP START NO. 26,L,Closed,,CLOSED
320937.80,4670065.02,1814.8,ID103327775,JUMP START NO. 27,L,Closed,,CLOSED
320969.92,4669669.76,1920.7,ID103118285,JUMP START NO. 28,L,Closed,,CLOSED
320969.92,4669669.76,1920.7,ID103019651,JUMP START NO. 29,L,Closed,,CLOSED
320969.92,4669669.76,1920.7,ID103501813,JUMP START NO. 30,L,Closed,,CLOSED
320969.92,4669669.76,1920.7,ID103445602,JUMP START NO. 31,L,Closed,,CLOSED
320949.48,4668832.49,1830.2,ID103369955,JUMP START NO. 32,L,Closed,,CLOSED
320949.48,4668832.49,1830.2,ID103467908,JUMP START NO. 33,L,Closed,,CLOSED
320949.48,4668832.49,1830.2,ID103487626,JUMP START NO. 34,L,Closed,,CLOSED
320949.48,4668832.49,1830.2,ID103452307,JUMP START NO. 35,L,Closed,,CLOSED
320916.65,4668418.88,1848.9,ID103142193,JUMP START NO. 36,L,Closed,,CLOSED
321369.33,4671239.63,1965.6,ID103294807,JUMP START NO. 37,L,Closed,,CLOSED
321369.33,4671239.63,1965.6,ID103067961,JUMP START NO. 38,L,Closed,,CLOSED
321369.33,4671239.63,1965.6,ID103114086,JUMP START NO. 39,L,Closed,,CLOSED
321369.33,4671239.63,1965.6,ID103370794,JUMP START NO. 40,L,Closed,,CLOSED
321432.73,4670773.57,1942.0,ID103461113,JUMP START NO. 41,L,Closed,,CLOSED
321435.33,4670386.84,1841.9,ID103405857,JUMP START NO. 42,L,Closed,,CLOSED
321435.33,4670386.84,1841.9,ID103289141,JUMP START NO. 43,L,Closed,,CLOSED
321435.33,4670386.84,1841.9,ID102920214,JUMP START NO. 44,L,Closed,,CLOSED
321412.23,4670029.65,1862.1,ID103298203,JUMP START NO. 45,L,Closed,,CLOSED
321326.33,4669674.05,1864.1,ID103376696,JUMP START NO. 46,L,Closed,,CLOSED
321326.33,4669674.05,1864.1,ID103221471,JUMP START NO. 47,L,Closed,,CLOSED
321326.33,4669674.05,1864.1,ID103282732,JUMP START NO. 48,L,Closed,,CLOSED
321326.33,4669674.05,1864.1,ID103111150,JUMP START NO. 49,L,Closed,,CLOSED
321394.56,4668810.10,1881.2,ID103404538,JUMP START NO. 50,L,Closed,,CLOSED
321394.56,4668810.10,1881.2,ID103503712,JUMP START NO. 51,L,Closed,,CLOSED
321394.56,4668810.10,1881.2,ID103226235,JUMP START NO. 52,L,Closed,,CLOSED
321394.56,4668810.10,1881.2,ID103523495,JUMP START NO. 53,L,Closed,,CLOSED
321310.52,4668397.78,1885.4,ID103286896,JUMP START NO. 54,L,Closed,,CLOSED
321845.97,4671196.45,2033.0,ID103345803,JUMP START NO. 55,L,Closed,,CLOSED
321845.97,4671196.45,2033.0,ID103457034,JUMP START NO. 56,L,Closed,,CLOSED
321845.97,4671196.45,2033.0,ID103455682,JUMP START NO. 57,L,Closed,,CLOSED
321845.97,4671196.45,2033.0,ID103409527,JUMP START NO. 58,L,Closed,,CLOSED
321852.25,4670824.07,1923.2,ID103281343,JUMP START NO. 59,L,Closed,,CLOSED
321794.11,4670453.31,1861.1,ID103453803,JUMP START NO. 60,L,Closed,,CLOSED
321794.11,4670453.31,1861.1,ID101688977,JUMP START NO. 61,L,Closed,,CLOSED
321794.11,4670453.31,1861.1,ID103404177,JUMP START NO. 62,L,Closed,,CLOSED
321829.42,4670019.09,1939.9,ID103454714,JUMP START NO. 63,L,Closed,,CLOSED
321803.50,4669647.52,1922.6,ID102914487,JUMP START NO. 64,L,Closed,,CLOSED
321803.50,4669647.52,1922.6,ID103467792,JUMP START NO. 65,L,Closed,,CLOSED
321803.50,4669647.52,1922.6,ID103482222,JUMP START NO. 66,L,Closed,,CLOSED
321803.50,4669647.52,1922.6,ID103473231,JUMP START NO. 67,L,Closed,,CLOSED
321813.76,4668810.60,1938.8,ID101686338,JUMP START NO. 68,L,Closed,,CLOSED
321813.76,4668810.60,1938.8,ID103275972,JUMP START NO. 69,L,Closed,,CLOSED
321813.76,4668810.60,1938.8,ID103483125,JUMP START NO. 70,L,Closed,,CLOSED
321813.76,4668810.60,1938.8,ID103378414,JUMP START NO. 71,L,Closed,,CLOSED
321791.28,4668444.50,1946.2,ID103140984,JUMP START NO. 72,L,Closed,,CLOSED
322216.47,4671172.64,1952.8,ID103299756,JUMP START NO. 73,L,Closed,,CLOSED
322216.47,4671172.64,1952.8,ID103484946,JUMP START NO. 74,L,Closed,,CLOSED
322216.47,4671172.64,1952.8,ID103310134,JUMP START NO. 75,L,Closed,,CLOSED
322216.47,4671172.64,1952.8,ID103221319,JUMP START NO. 76,L,Closed,,CLOSED
322173.67,4670753.73,1895.1,ID103523679,JUMP START NO. 77,L,Closed,,CLOSED
322149.07,4670368.79,1934.1,ID103326777,JUMP START NO. 78,L,Closed,,CLOSED
322149.07,4670368.79,1934.1,ID103504753,JUMP START NO. 79,L,Closed,,CLOSED
322149.07,4670368.79,1934.1,ID103223191,JUMP START NO. 80,L,Closed,,CLOSED
322215.23,4670009.35,1972.0,ID103504095,JUMP START NO. 81,L,Closed,,CLOSED
322173.99,4669652.61,1953.0,ID103286918,JUMP START NO. 82,L,Closed,,CLOSED
322173.99,4669652.61,1953.0,ID103350781,JUMP START NO. 83,L,Closed,,CLOSED
322173.99,4669652.61,1953.0,ID103242254,JUMP START NO. 84,L,Closed,,CLOSED
322173.99,4669652.61,1953.0,ID103524794,JUMP START NO. 85,L,Closed,,CLOSED
322196.87,4668789.82,1985.2,ID103401383,JUMP START NO. 86,L,Closed,,CLOSED
322196.87,4668789.82,1985.2,ID103349484,JUMP START NO. 87,L,Closed,,CLOSED
322196.87,4668789.82,1985.2,ID102916170,JUMP START NO. 88,L,Closed,,CLOSED
322196.87,4668789.82,1985.2,ID103465721,JUMP START NO. 89,L,Closed,,CLOSED
322112.88,4668377.49,2027.8,ID103516396,JUMP START NO. 90,L,Closed,,CLOSED
322680.19,4671174.29,2018.4,ID103350525,JUMP START NO. 91,L,Closed,,CLOSED
322680.19,4671174.29,2018.4,ID103329995,JUMP START NO. 92,L,Closed,,CLOSED
322680.19,4671174.29,2018.4,ID103282110,JUMP START NO. 93,L,Closed,,CLOSED
322680.19,4671174.29,2018.4,ID103402123,JUMP START NO. 94,L,Closed,,CLOSED
322630.83,4670756.65,1973.0,ID103451751,JUMP START NO. 95,L,Closed,,CLOSED
322626.89,4670370.08,1955.5,ID103374744,JUMP START NO. 96,L,Closed,,CLOSED
322626.89,4670370.08,1955.5,ID103448144,JUMP START NO. 97,L,Closed,,CLOSED
322626.89,4670370.08,1955.5,ID103366373,JUMP START NO. 98,L,Closed,,CLOSED
322632.42,4669998.84,1950.5,ID103368607,JUMP START NO. 99,L,Closed,,CLOSED
322575.14,4669628.06,2022.7,ID103454269,JUMP START NO. 100,L,Closed,,CLOSED
322575.14,4669628.06,2022.7,ID103229376,JUMP START NO. 101,L,Closed,,CLOSED
322575.14,4669628.06,2022.7,ID103367609,JUMP START NO. 102,L,Closed,,CLOSED
322575.14,4669628.06,2022.7,ID103471249,JUMP START NO. 103,L,Closed,,CLOSED
322555.55,4668849.67,2110.5,ID103014584,JUMP START NO. 104,L,Closed,,CLOSED
322555.55,4668849.67,2110.5,ID103119199,JUMP START NO. 105,L,Closed,,CLOSED
322555.55,4668849.67,2110.5,ID103081337,JUMP START NO. 106,L,Closed,,CLOSED
322555.55,4668849.67,2110.5,ID103112242,JUMP START NO. 107,L,Closed,,CLOSED
322593.60,4668423.16,2158.2,ID103485916,JUMP START NO. 108,L,Closed,,CLOSED
323064.77,4671151.29,2018.5,ID103528196,JUMP START NO. 109,L,Closed,,CLOSED
323064.77,4671151.29,2018.5,ID103476335,JUMP START NO. 110,L,Closed,,CLOSED
323064.77,4671151.29,2018.5,ID103299604,JUMP START NO. 111,L,Closed,,CLOSED
323064.77,4671151.29,2018.5,ID103460757,JUMP START NO. 112,L,Closed,,CLOSED
323007.97,4670732.72,2010.1,ID103322268,JUMP START NO. 113,L,Closed,,CLOSED
322997.46,4670347.43,2021.1,ID103367106,JUMP START NO. 114,L,Closed,,CLOSED
322997.46,4670347.43,2021.1,ID103470622,JUMP START NO. 115,L,Closed,,CLOSED
322997.46,4670347.43,2021.1,ID103502297,JUMP START NO. 116,L,Closed,,CLOSED
322954.70,4669928.51,2076.9,ID103221121,JUMP START NO. 117,L,Closed,,CLOSED
322929.33,4669543.60,2055.9,ID102916183,JUMP START NO. 118,L,Closed,,CLOSED
322929.33,4669543.60,2055.9,ID103462867,JUMP START NO. 119,L,Closed,,CLOSED
322929.33,4669543.60,2055.9,ID103481585,JUMP START NO. 120,L,Closed,,CLOSED
322929.33,4669543.60,2055.9,ID103278836,JUMP START NO. 121,L,Closed,,CLOSED
322911.86,4668815.16,2208.2,ID103361768,JUMP START NO. 122,L,Closed,,CLOSED
322911.86,4668815.16,2208.2,ID103349631,JUMP START NO. 123,L,Closed,,CLOSED
322911.86,4668815.16,2208.2,ID103460758,JUMP START NO. 124,L,Closed,,CLOSED
322911.86,4668815.16,2208.2,ID103322269,JUMP START NO. 125,L,Closed,,CLOSED
322978.72,4668415.71,2278.3,ID103345700,JUMP START NO. 126,L,Closed,,CLOSED
320530.87,4668043.13,1849.7,ID103454669,JUMP START NO. 127,L,Closed,,CLOSED
320530.87,4668043.13,1849.7,ID103488683,JUMP START NO. 128,L,Closed,,CLOSED
320530.87,4668043.13,1849.7,ID103328926,JUMP START NO. 129,L,Closed,,CLOSED
320521.84,4667623.36,1885.8,ID103363343,JUMP START NO. 130,L,Closed,,CLOSED
320513.72,4667239.12,1879.1,ID103344504,JUMP START NO. 131,L,Closed,,CLOSED
320513.72,4667239.12,1879.1,ID103225929,JUMP START NO. 133,L,Closed,,CLOSED
320513.72,4667239.12,1879.1,ID103471725,JUMP START NO. 134,L,Closed,,CLOSED
320540.38,4666434.00,1916.8,ID103415035,JUMP START NO. 135,L,Closed,,CLOSED
320540.38,4666434.00,1916.8,ID103350313,JUMP START NO. 136,L,Closed,,CLOSED
320540.38,4666434.00,1916.8,ID103417977,JUMP START NO. 137,L,Closed,,CLOSED
320540.38,4666434.00,1916.8,ID102916034,JUMP START NO. 138,L,Closed,,CLOSED
320455.31,4666016.16,1878.6,ID103293956,JUMP START NO. 139,L,Closed,,CLOSED
320433.14,4665632.28,1871.2,ID103292643,JUMP START NO. 140,L,Closed,,CLOSED
320433.14,4665632.28,1871.2,ID103329278,JUMP START NO. 141,L,Closed,,CLOSED
320433.14,4665632.28,1871.2,ID103523360,JUMP START NO. 142,L,Closed,,CLOSED
320414.17,4665179.43,1869.5,ID103112464,JUMP START NO. 143,L,Closed,,CLOSED
320901.45,4668048.16,1877.9,ID103281469,JUMP START NO. 144,L,Closed,,CLOSED
320901.45,4668048.16,1877.9,ID102924042,JUMP START NO. 145,L,Closed,,CLOSED
320901.45,4668048.16,1877.9,ID103364873,JUMP START NO. 146,L,Closed,,CLOSED
320899.91,4667629.31,1915.6,ID101688340,JUMP START NO. 147,L,Closed,,CLOSED
320884.34,4667244.15,1905.3,ID103378692,JUMP START NO. 148,L,Closed,,CLOSED
320884.34,4667244.15,1905.3,ID103223087,JUMP START NO. 149,L,Closed,,CLOSED
320884.34,4667244.15,1905.3,ID103146781,JUMP START NO. 150,L,Closed,,CLOSED
320884.34,4667244.15,1905.3,ID103113297,JUMP START NO. 151,L,Closed,,CLOSED
320896.96,4666438.27,1918.5,ID103111576,JUMP START NO. 152,L,Closed,,CLOSED
320896.96,4666438.27,1918.5,ID103294981,JUMP START NO. 153,L,Closed,,CLOSED
320896.96,4666438.27,1918.5,ID103406014,JUMP START NO. 154,L,Closed,,CLOSED
320896.96,4666438.27,1918.5,ID103459675,JUMP START NO. 155,L,Closed,,CLOSED
320935.49,4666066.18,1947.4,ID102920055,JUMP START NO. 156,L,Closed,,CLOSED
320880.62,4665696.46,1914.8,ID103326955,JUMP START NO. 157,L,Closed,,CLOSED
320880.62,4665696.46,1914.8,ID103456847,JUMP START NO. 158,L,Closed,,CLOSED
320880.62,4665696.46,1914.8,ID103456707,JUMP START NO. 159,L,Closed,,CLOSED
320805.71,4665189.48,1889.7,ID103328295,JUMP START NO. 160,L,Closed,,CLOSED
321288.68,4668025.00,1923.5,ID103227967,JUMP START NO. 161,L,Closed,,CLOSED
321288.68,4668025.00,1923.5,ID103472536,JUMP START NO. 162,L,Closed,,CLOSED
321288.68,4668025.00,1923.5,ID102269759,JUMP START NO. 163,L,Closed,,CLOSED
321354.90,4667603.32,1960.4,ID103401099,JUMP START NO. 164,L,Closed,,CLOSED
321360.01,4667217.64,1997.8,ID103243185,JUMP START NO. 165,L,Closed,,CLOSED
321360.01,4667217.64,1997.8,ID103527094,JUMP START NO. 166,L,Closed,,CLOSED
321360.01,4667217.64,1997.8,ID103291091,JUMP START NO. 167,L,Closed,,CLOSED
321360.01,4667217.64,1997.8,ID103486002,JUMP START NO. 168,L,Closed,,CLOSED
321253.99,4666460.33,1982.8,ID103290161,JUMP START NO. 169,L,Closed,,CLOSED
321253.99,4666460.33,1982.8,ID103418251,JUMP START NO. 170,L,Closed,,CLOSED
321253.99,4666460.33,1982.8,ID103414184,JUMP START NO. 171,L,Closed,,CLOSED
321253.99,4666460.33,1982.8,ID103282673,JUMP START NO. 172,L,Closed,,CLOSED
321257.12,4665995.81,1974.0,ID101465990,JUMP START NO. 173,L,Closed,,CLOSED
321234.99,4665611.92,1885.1,ID103523767,JUMP START NO. 174,L,Closed,,CLOSED
321234.99,4665611.92,1885.1,ID103113480,JUMP START NO. 175,L,Closed,,CLOSED
321234.99,4665611.92,1885.1,ID103113668,JUMP START NO. 176,L,Closed,,CLOSED
321270.65,4665191.02,2022.6,ID103296203,JUMP START NO. 177,L,Closed,,CLOSED
321736.00,4668089.24,1960.7,ID103224574,JUMP START NO. 178,L,Closed,,CLOSED
321736.00,4668089.24,1960.7,ID103524020,JUMP START NO. 179,L,Closed,,CLOSED
321736.00,4668089.24,1960.7,ID103326664,JUMP START NO. 180,L,Closed,,CLOSED
321772.60,4667607.20,2028.1,ID102929860,JUMP START NO. 181,L,Closed,,CLOSED
321778.54,4667220.39,2048.1,ID103409105,JUMP START NO. 182,L,Closed,,CLOSED
321778.54,4667220.39,2048.1,ID103282869,JUMP START NO. 183,L,Closed,,CLOSED
321778.54,4667220.39,2048.1,ID103083146,JUMP START NO. 184,L,Closed,,CLOSED
321778.54,4667220.39,2048.1,ID103019778,JUMP START NO. 185,L,Closed,,CLOSED
321701.12,4666480.13,2017.5,ID103464259,JUMP START NO. 186,L,Closed,,CLOSED
321701.12,4666480.13,2017.5,ID103185385,JUMP START NO. 187,L,Closed,,CLOSED
321701.12,4666480.13,2017.5,ID103402581,JUMP START NO. 188,L,Closed,,CLOSED
321701.12,4666480.13,2017.5,ID103245887,JUMP START NO. 189,L,Closed,,CLOSED
321738.12,4666045.86,1946.0,ID103478441,JUMP START NO. 190,L,Closed,,CLOSED
321682.43,4665675.05,1911.9,ID103420685,JUMP START NO. 191,L,Closed,,CLOSED
321682.43,4665675.05,1911.9,ID102914858,JUMP START NO. 192,L,Closed,,CLOSED
321682.43,4665675.05,1911.9,ID103325096,JUMP START NO. 193,L,Closed,,CLOSED
321719.09,4665194.13,1962.9,ID103469642,JUMP START NO. 194,L,Closed,,CLOSED
322091.08,4668004.71,2004.7,ID103282688,JUMP START NO. 195,L,Closed,,CLOSED
322091.08,4668004.71,2004.7,ID103018012,JUMP START NO. 196,L,Closed,,CLOSED
322091.08,4668004.71,2004.7,ID103482483,JUMP START NO. 197,L,Closed,,CLOSED
322157.35,4667583.05,2047.9,ID103297788,JUMP START NO. 198,L,Closed,,CLOSED
322162.51,4667197.36,2071.0,ID103251555,JUMP START NO. 199,L,Closed,,CLOSED
322162.51,4667197.36,2071.0,ID103142739,JUMP START NO. 200,L,Closed,,CLOSED
322162.51,4667197.36,2071.0,ID103465980,JUMP START NO. 201,L,Closed,,CLOSED
322162.51,4667197.36,2071.0,ID103487143,JUMP START NO. 202,L,Closed,,CLOSED
322056.57,4666440.04,1990.5,ID103504803,JUMP START NO. 203,L,Closed,,CLOSED
322056.57,4666440.04,1990.5,ID103489325,JUMP START NO. 204,L,Closed,,CLOSED
322056.57,4666440.04,1990.5,ID103453499,JUMP START NO. 205,L,Closed,,CLOSED
322056.57,4666440.04,1990.5,ID102917034,JUMP START NO. 206,L,Closed,,CLOSED
322060.53,4666006.61,2038.0,ID103299797,JUMP START NO. 207,L,Closed,,CLOSED
322038.75,4665634.95,2051.1,ID103070186,JUMP START NO. 208,L,Closed,,CLOSED
322038.75,4665634.95,2051.1,ID103020012,JUMP START NO. 209,L,Closed,,CLOSED
322038.75,4665634.95,2051.1,ID103327607,JUMP START NO. 210,L,Closed,,CLOSED
322103.93,4665168.86,2091.8,ID103475052,JUMP START NO. 211,L,Closed,,CLOSED
322538.36,4668067.89,2112.4,ID103520148,JUMP START NO. 212,L,Closed,,CLOSED
322538.36,4668067.89,2112.4,ID101688294,JUMP START NO. 213,L,Closed,,CLOSED
322538.36,4668067.89,2112.4,ID103297569,JUMP START NO. 214,L,Closed,,CLOSED
322576.22,4667633.61,2146.7,ID103063152,JUMP START NO. 215,L,Closed,,CLOSED
322520.58,4667262.79,2132.6,ID103020463,JUMP START NO. 216,L,Closed,,CLOSED
322520.58,4667262.79,2132.6,ID103467054,JUMP START NO. 217,L,Closed,,CLOSED
322520.58,4667262.79,2132.6,ID103300251,JUMP START NO. 218,L,Closed,,CLOSED
322520.58,4667262.79,2132.6,ID103221730,JUMP START NO. 219,L,Closed,,CLOSED
322503.66,4666458.78,2108.0,ID103148633,JUMP START NO. 220,L,Closed,,CLOSED
322503.66,4666458.78,2108.0,ID103017370,JUMP START NO. 221,L,Closed,,CLOSED
322503.66,4666458.78,2108.0,ID103300141,JUMP START NO. 222,L,Closed,,CLOSED
322503.66,4666458.78,2108.0,ID103063234,JUMP START NO. 223,L,Closed,,CLOSED
322539.54,4665977.89,2055.1,ID103520149,JUMP START NO. 224,L,Closed,,CLOSED
322545.53,4665591.07,2186.5,ID101688295,JUMP START NO. 225,L,Closed,,CLOSED
322545.53,4665591.07,2186.5,ID103279279,JUMP START NO. 226,L,Closed,,CLOSED
322545.53,4665591.07,2186.5,ID103321976,JUMP START NO. 227,L,Closed,,CLOSED
322522.98,4665220.54,2112.0,ID103244590,JUMP START NO. 228,L,Closed,,CLOSED
320781.32,4664847.88,1928.8,ID103489848,CONE NO 1,L,Closed,,CLOSED
320781.32,4664847.88,1928.8,ID103275099,CONE NO 2,L,Closed,,CLOSED
320781.32,4664847.88,1928.8,ID103367129,CONE NO 3,L,Closed,,CLOSED
320781.32,4664847.88,1928.8,ID103296547,CONE NO 4,L,Closed,,CLOSED
320843.14,4664024.09,2016.0,ID103281697,CONE NO 5,L,Closed,,CLOSED
320843.14,4664024.09,2016.0,ID103518012,CONE NO 6,L,Closed,,CLOSED
320843.14,4664024.09,2016.0,ID103470076,CONE NO 7,L,Closed,,CLOSED
320843.14,4664024.09,2016.0,ID103453799,CONE NO 8,L,Closed,,CLOSED
320792.81,4663670.92,1998.2,ID103018699,CONE NO 9,L,Closed,,CLOSED
320769.49,4663305.96,2039.4,ID103407306,CONE NO 10,L,Closed,,CLOSED
320769.49,4663305.96,2039.4,ID103402990,CONE NO 11,L,Closed,,CLOSED
320769.49,4663305.96,2039.4,ID103244688,CONE NO 12,L,Closed,,CLOSED
320794.24,4662846.45,1998.4,ID103524084,CONE NO 13,L,Closed,,CLOSED
320837.06,4662414.25,1917.8,ID103516052,CONE NO 14,L,Closed,,CLOSED
320837.06,4662414.25,1917.8,ID103247090,CONE NO 15,L,Closed,,CLOSED
320837.06,4662414.25,1917.8,ID103451982,CONE NO 16,L,Closed,,CLOSED
320837.06,4662414.25,1917.8,ID103228569,CONE NO 17,L,Closed,,CLOSED
321261.72,4664805.70,2011.5,ID103309736,CONE NO 18,L,Closed,,CLOSED
321261.72,4664805.70,2011.5,ID103143600,CONE NO 19,L,Closed,,CLOSED
321261.72,4664805.70,2011.5,ID103371272,CONE NO 20,L,Closed,,CLOSED
321261.72,4664805.70,2011.5,ID103297816,CONE NO 21,L,Closed,,CLOSED
321287.64,4663999.49,2083.0,ID103251248,CONE NO 22,L,Closed,,CLOSED
321287.64,4663999.49,2083.0,ID103528766,CONE NO 23,L,Closed,,CLOSED
321287.64,4663999.49,2083.0,ID102267334,CONE NO 24,L,Closed,,CLOSED
321287.64,4663999.49,2083.0,ID103324989,CONE NO 25,L,Closed,,CLOSED
321266.19,4663642.26,2100.4,ID101469177,CONE NO 26,L,Closed,,CLOSED
321182.69,4663285.49,2148.9,ID103471976,CONE NO 27,L,Closed,,CLOSED
321182.69,4663285.49,2148.9,ID103373519,CONE NO 28,L,Closed,,CLOSED
321182.69,4663285.49,2148.9,ID103281076,CONE NO 29,L,Closed,,CLOSED
321216.13,4662775.76,2127.7,ID103475082,CONE NO 30,L,Closed,,CLOSED
321207.20,4662390.43,1984.0,ID103081464,CONE NO 31,L,Closed,,CLOSED
321207.20,4662390.43,1984.0,ID103014339,CONE NO 32,L,Closed,,CLOSED
321207.20,4662390.43,1984.0,ID103375241,CONE NO 33,L,Closed,,CLOSED
321207.20,4662390.43,1984.0,ID103477211,CONE NO 34,L,Closed,,CLOSED
322108.28,4664783.20,2016.1,ID103518000,CONE NO 35,L,Closed,,CLOSED
322108.28,4664783.20,2016.1,ID103473627,CONE NO 36,L,Closed,,CLOSED
322108.28,4664783.20,2016.1,ID103277466,CONE NO 37,L,Closed,,CLOSED
322108.28,4664783.20,2016.1,ID103222155,CONE NO 38,L,Closed,,CLOSED
322090.48,4663978.11,2251.6,ID103362337,CONE NO 39,L,Closed,,CLOSED
322090.48,4663978.11,2251.6,ID103415341,CONE NO 40,L,Closed,,CLOSED
322090.48,4663978.11,2251.6,ID103468811,CONE NO 41,L,Closed,,CLOSED
322090.48,4663978.11,2251.6,ID103294153,CONE NO 42,L,Closed,,CLOSED
322006.26,4663591.35,2229.1,ID103223378,CONE NO 43,L,Closed,,CLOSED
321983.66,4663219.70,2019.0,ID103459697,CONE NO 44,L,Closed,,CLOSED
321983.66,4663219.70,2019.0,ID102914726,CONE NO 45,L,Closed,,CLOSED
321983.66,4663219.70,2019.0,ID103323692,CONE NO 46,L,Closed,,CLOSED
322050.44,4662815.80,1922.6,ID103405961,CONE NO 47,L,Closed,,CLOSED
321967.00,4662460.13,1923.0,ID102268581,CONE NO 48,L,Closed,,CLOSED
321967.00,4662460.13,1923.0,ID103451567,CONE NO 49,L,Closed,,CLOSED
321967.00,4662460.13,1923.0,ID101466151,CONE NO 50,L,Closed,,CLOSED
321967.00,4662460.13,1923.0,ID103528130,CONE NO 51,L,Closed,,CLOSED
322467.33,4664849.72,2174.7,ID103290978,CONE NO 52,L,Closed,,CLOSED
322467.33,4664849.72,2174.7,ID103118462,CONE NO 53,L,Closed,,CLOSED
322467.33,4664849.72,2174.7,ID103420195,CONE NO 54,L,Closed,,CLOSED
322467.33,4664849.72,2174.7,ID103412826,CONE NO 55,L,Closed,,CLOSED
322447.21,4663983.57,2239.6,ID103327010,CONE NO 56,L,Closed,,CLOSED
322447.21,4663983.57,2239.6,ID101467517,CONE NO 57,L,Closed,,CLOSED
322447.21,4663983.57,2239.6,ID103222415,CONE NO 58,L,Closed,,CLOSED
322447.21,4663983.57,2239.6,ID103501886,CONE NO 59,L,Closed,,CLOSED
322390.96,4663589.44,2128.8,ID103287289,CONE NO 60,L,Closed,,CLOSED
322368.18,4663210.02,2015.8,ID103291021,CONE NO 61,L,Closed,,CLOSED
322368.18,4663210.02,2015.8,ID103275076,CONE NO 62,L,Closed,,CLOSED
322368.18,4663210.02,2015.8,ID102269594,CONE NO 63,L,Closed,,CLOSED
322467.23,4662805.31,2071.0,ID103290979,CONE NO 64,L,Closed,,CLOSED
322350.37,4662436.04,2042.1,ID103118463,CONE NO 65,L,Closed,,CLOSED
322350.37,4662436.04,2042.1,ID103526484,CONE NO 66,L,Closed,,CLOSED
322350.37,4662436.04,2042.1,ID103014395,CONE NO 67,L,Closed,,CLOSED
322350.37,4662436.04,2042.1,ID103485486,CONE NO 68,L,Closed,,CLOSED
322876.54,4667178.29,2227.9,ID103310116,CONE NO 69,L,Closed,,CLOSED
322860.24,4666463.15,2208.0,ID103225400,CONE NO 70,L,Closed,,CLOSED
322860.24,4666463.15,2208.0,ID103363712,CONE NO 71,L,Closed,,CLOSED
322860.24,4666463.15,2208.0,ID103326059,CONE NO 72,L,Closed,,CLOSED
322860.24,4666463.15,2208.0,ID103275234,CONE NO 73,L,Closed,,CLOSED
322924.35,4665952.66,2032.7,ID103300029,CONE NO 74,L,Closed,,CLOSED
322929.59,4665568.10,2196.6,ID103224473,CONE NO 75,L,Closed,,CLOSED
322929.59,4665568.10,2196.6,ID103068931,CONE NO 76,L,Closed,,CLOSED
322929.59,4665568.10,2196.6,ID103015491,CONE NO 77,L,Closed,,CLOSED
322908.22,4665210.86,2282.2,ID103344524,CONE NO 78,L,Closed,,CLOSED
322824.84,4664855.18,2259.6,ID103146278,CONE NO 79,L,Closed,,CLOSED
322824.84,4664855.18,2259.6,ID103402890,CONE NO 80,L,Closed,,CLOSED
322824.84,4664855.18,2259.6,ID103323056,CONE NO 81,L,Closed,,CLOSED
322824.84,4664855.18,2259.6,ID103474758,CONE NO 82,L,Closed,,CLOSED
322805.18,4664005.69,2223.7,ID103306752,CONE NO 83,L,Closed,,CLOSED
322805.18,4664005.69,2223.7,ID103186052,CONE NO 84,L,Closed,,CLOSED
322805.18,4664005.69,2223.7,ID103016327,CONE NO 85,L,Closed,,CLOSED
322805.18,4664005.69,2223.7,ID103463142,CONE NO 86,L,Closed,,CLOSED
322871.14,4663600.71,2112.4,ID103459304,CONE NO 87,L,Closed,,CLOSED
322786.92,4663245.06,2054.4,ID103293046,CONE NO 88,L,Closed,,CLOSED
322786.92,4663245.06,2054.4,ID103112868,CONE NO 89,L,Closed,,CLOSED
322786.92,4663245.06,2054.4,ID103371598,CONE NO 90,L,Closed,,CLOSED
322819.62,4662734.25,2177.0,ID103410198,CONE NO 91,L,Closed,,CLOSED
322810.78,4662348.92,2015.7,ID103141712,CONE NO 92,L,Closed,,CLOSED
322810.78,4662348.92,2015.7,ID103466903,CONE NO 93,L,Closed,,CLOSED
322810.78,4662348.92,2015.7,ID103404441,CONE NO 94,L,Closed,,CLOSED
322810.78,4662348.92,2015.7,ID103296772,CONE NO 95,L,Closed,,CLOSED
323323.87,4667241.51,2353.3,ID103221524,CONE NO 96,L,Closed,,CLOSED
323305.39,4666437.55,2353.8,ID103308344,CONE NO 97,L,Closed,,CLOSED
323305.39,4666437.55,2353.8,ID103019293,CONE NO 98,L,Closed,,CLOSED
323305.39,4666437.55,2353.8,ID103372601,CONE NO 99,L,Closed,,CLOSED
323305.39,4666437.55,2353.8,ID103139782,CONE NO 100,L,Closed,,CLOSED
323342.12,4665955.53,2181.6,ID103015767,CONE NO 101,L,Closed,,CLOSED
323348.18,4665569.83,2172.5,ID103300803,CONE NO 102,L,Closed,,CLOSED
323348.18,4665569.83,2172.5,ID103225281,CONE NO 103,L,Closed,,CLOSED
323348.18,4665569.83,2172.5,ID103285187,CONE NO 104,L,Closed,,CLOSED
323324.81,4665198.20,2244.3,ID103518919,CONE NO 105,L,Closed,,CLOSED
323270.06,4664828.47,2401.9,ID103474794,CONE NO 106,L,Closed,,CLOSED
323270.06,4664828.47,2401.9,ID103276483,CONE NO 107,L,Closed,,CLOSED
323270.06,4664828.47,2401.9,ID103516361,CONE NO 108,L,Closed,,CLOSED
323270.06,4664828.47,2401.9,ID103349250,CONE NO 109,L,Closed,,CLOSED
323250.76,4664024.52,2318.2,ID103328788,CONE NO 110,L,Closed,,CLOSED
323250.76,4664024.52,2318.2,ID103461211,CONE NO 111,L,Closed,,CLOSED
323250.76,4664024.52,2318.2,ID103084829,CONE NO 112,L,Closed,,CLOSED
323250.76,4664024.52,2318.2,ID103018234,CONE NO 113,L,Closed,,CLOSED
323287.86,4663589.16,2305.7,ID103324678,CONE NO 114,L,Closed,,CLOSED
323232.27,4663219.45,2136.7,ID103419310,CONE NO 115,L,Closed,,CLOSED
323232.27,4663219.45,2136.7,ID102915604,CONE NO 116,L,Closed,,CLOSED
323232.27,4663219.45,2136.7,ID103327826,CONE NO 117,L,Closed,,CLOSED
323245.05,4662738.03,2084.1,ID103453094,CONE NO 118,L,Closed,,CLOSED
323243.65,4662351.41,1978.2,ID103226924,CONE NO 119,L,Closed,,CLOSED
323243.65,4662351.41,1978.2,ID103366465,CONE NO 120,L,Closed,,CLOSED
323243.65,4662351.41,1978.2,ID103018157,CONE NO 121,L,Closed,,CLOSED
323243.65,4662351.41,1978.2,ID103486356,CONE NO 122,L,Closed,,CLOSED
323679.26,4667200.40,2523.6,ID103297526,CONE NO 123,L,Closed,,CLOSED
323661.65,4666396.41,2462.3,ID103308844,CONE NO 124,L,Closed,,CLOSED
323661.65,4666396.41,2462.3,ID103445900,CONE NO 125,L,Closed,,CLOSED
323661.65,4666396.41,2462.3,ID103366629,CONE NO 126,L,Closed,,CLOSED
323661.65,4666396.41,2462.3,ID103463733,CONE NO 127,L,Closed,,CLOSED
323726.92,4665930.35,2383.0,ID101468946,CONE NO 128,L,Closed,,CLOSED
323731.38,4665545.80,2363.6,ID103321018,CONE NO 129,L,Closed,,CLOSED
323731.38,4665545.80,2363.6,ID103521185,CONE NO 130,L,Closed,,CLOSED
323731.38,4665545.80,2363.6,ID102915274,CONE NO 131,L,Closed,,CLOSED
323647.27,4665159.03,2260.9,ID103487530,CONE NO 132,L,Closed,,CLOSED
323625.61,4664788.47,2371.4,ID103378774,CONE NO 133,L,Closed,,CLOSED
323625.61,4664788.47,2371.4,ID103473222,CONE NO 134,L,Closed,,CLOSED
323625.61,4664788.47,2371.4,ID103465893,CONE NO 135,L,Closed,,CLOSED
323625.61,4664788.47,2371.4,ID103408586,CONE NO 136,L,Closed,,CLOSED
323606.04,4663938.98,2454.0,ID103286305,CONE NO 137,L,Closed,,CLOSED
323606.04,4663938.98,2454.0,ID103476419,CONE NO 138,L,Closed,,CLOSED
323606.04,4663938.98,2454.0,ID103418535,CONE NO 139,L,Closed,,CLOSED
323606.04,4663938.98,2454.0,ID103504908,CONE NO 140,L,Closed,,CLOSED
323673.18,4663579.53,2299.4,ID103375299,CONE NO 141,L,Closed,,CLOSED
323589.01,4663223.87,2217.2,ID103473917,CONE NO 142,L,Closed,,CLOSED
323589.01,4663223.87,2217.2,ID103297954,CONE NO 143,L,Closed,,CLOSED
323589.01,4663223.87,2217.2,ID103406172,CONE NO 144,L,Closed,,CLOSED
323621.76,4662713.06,2042.0,ID103309328,CONE NO 145,L,Closed,,CLOSED
323612.97,4662327.74,1968.0,ID103223618,CONE NO 146,L,Closed,,CLOSED
323612.97,4662327.74,1968.0,ID103523170,CONE NO 147,L,Closed,,CLOSED
323612.97,4662327.74,1968.0,ID103327102,CONE NO 148,L,Closed,,CLOSED
323612.97,4662327.74,1968.0,ID103482607,CONE NO 149,L,Closed,,CLOSED
324231.55,4667195.51,2790.0,ID102916113,CONE NO 150,L,Closed,,CLOSED
324265.55,4666335.79,2730.0,ID103466843,CONE NO 151,L,Closed,,CLOSED
324265.55,4666335.79,2730.0,ID103443912,CONE NO 152,L,Closed,,CLOSED
324265.55,4666335.79,2730.0,ID103503908,CONE NO 153,L,Closed,,CLOSED
324265.55,4666335.79,2730.0,ID103227251,CONE NO 154,L,Closed,,CLOSED
324287.45,4665953.04,2715.9,ID103307684,CONE NO 155,L,Closed,,CLOSED
324195.60,4665586.45,2581.3,ID103069100,CONE NO 156,L,Closed,,CLOSED
324195.60,4665586.45,2581.3,ID103296625,CONE NO 157,L,Closed,,CLOSED
324195.60,4665586.45,2581.3,ID103459731,CONE NO 158,L,Closed,,CLOSED
324269.88,4665147.94,2615.8,ID103119006,CONE NO 159,L,Closed,,CLOSED
324177.23,4664782.48,2492.8,ID103467975,CONE NO 160,L,Closed,,CLOSED
324177.23,4664782.48,2492.8,ID103458092,CONE NO 161,L,Closed,,CLOSED
324177.23,4664782.48,2492.8,ID103142231,CONE NO 162,L,Closed,,CLOSED
324177.23,4664782.48,2492.8,ID103407098,CONE NO 163,L,Closed,,CLOSED
324184.80,4663923.43,2438.8,ID103376030,CONE NO 164,L,Closed,,CLOSED
324184.80,4663923.43,2438.8,ID103503909,CONE NO 165,L,Closed,,CLOSED
324184.80,4663923.43,2438.8,ID103227252,CONE NO 166,L,Closed,,CLOSED
324184.80,4663923.43,2438.8,ID103286230,CONE NO 167,L,Closed,,CLOSED
324232.29,4663504.49,2226.3,ID103367281,CONE NO 168,L,Closed,,CLOSED
324193.01,4663123.25,2097.0,ID103274788,CONE NO 169,L,Closed,,CLOSED
324193.01,4663123.25,2097.0,ID102919230,CONE NO 170,L,Closed,,CLOSED
324193.01,4663123.25,2097.0,ID103504319,CONE NO 171,L,Closed,,CLOSED
324214.79,4662734.95,2044.9,ID103477351,CONE NO 172,L,Closed,,CLOSED
324122.09,4662368.38,2003.5,ID103371112,CONE NO 173,L,Closed,,CLOSED
324122.09,4662368.38,2003.5,ID103456556,CONE NO 174,L,Closed,,CLOSED
324122.09,4662368.38,2003.5,ID103278812,CONE NO 175,L,Closed,,CLOSED
324122.09,4662368.38,2003.5,ID103364779,CONE NO 176,L,Closed,,CLOSED
324560.40,4667117.32,2744.1,ID103344618,CONE NO 177,L,Closed,,CLOSED
324614.77,4666310.44,2798.9,ID103528829,CONE NO 178,L,Closed,,CLOSED
324614.77,4666310.44,2798.9,ID103327282,CONE NO 179,L,Closed,,CLOSED
324614.77,4666310.44,2798.9,ID103483503,CONE NO 180,L,Closed,,CLOSED
324614.77,4666310.44,2798.9,ID103293682,CONE NO 181,L,Closed,,CLOSED
324567.74,4665916.07,2780.8,ID103284598,CONE NO 182,L,Closed,,CLOSED
324524.61,4665544.93,2777.1,ID103322636,CONE NO 183,L,Closed,,CLOSED
324524.61,4665544.93,2777.1,ID103345495,CONE NO 184,L,Closed,,CLOSED
324524.61,4665544.93,2777.1,ID103349552,CONE NO 185,L,Closed,,CLOSED
324597.09,4665133.14,2761.6,ID103300233,CONE NO 186,L,Closed,,CLOSED
324507.16,4664776.50,2665.0,ID103488888,CONE NO 187,L,Closed,,CLOSED
324507.16,4664776.50,2665.0,ID103528998,CONE NO 188,L,Closed,,CLOSED
324507.16,4664776.50,2665.0,ID103463319,CONE NO 189,L,Closed,,CLOSED
324507.16,4664776.50,2665.0,ID103486534,CONE NO 190,L,Closed,,CLOSED
324524.21,4663898.32,2315.0,ID103490526,CONE NO 191,L,Closed,,CLOSED
324524.21,4663898.32,2315.0,ID103288242,CONE NO 192,L,Closed,,CLOSED
324524.21,4663898.32,2315.0,ID103411238,CONE NO 193,L,Closed,,CLOSED
324524.21,4663898.32,2315.0,ID103452402,CONE NO 194,L,Closed,,CLOSED
324559.37,4663481.91,2187.7,ID103014862,CONE NO 195,L,Closed,,CLOSED
324542.42,4663099.01,2121.6,ID103147274,CONE NO 196,L,Closed,,CLOSED
324542.42,4663099.01,2121.6,ID103112427,CONE NO 197,L,Closed,,CLOSED
324542.42,4663099.01,2121.6,ID103019594,CONE NO 198,L,Closed,,CLOSED
324542.93,4662720.12,2089.0,ID103286171,CONE NO 199,L,Closed,,CLOSED
324452.98,4662363.48,2010.4,ID103367229,CONE NO 200,L,Closed,,CLOSED
324452.98,4662363.48,2010.4,ID103363970,CONE NO 201,L,Closed,,CLOSED
324452.98,4662363.48,2010.4,ID103409564,CONE NO 202,L,Closed,,CLOSED
324452.98,4662363.48,2010.4,ID103279841,CONE NO 203,L,Closed,,CLOSED
325213.39,4666837.79,2406.8,ID103367030,CONE NO 204,L,Closed,,CLOSED
325214.59,4666452.22,2606.9,ID103295110,CONE NO 205,L,Closed,,CLOSED
325214.59,4666452.22,2606.9,ID103456434,CONE NO 206,L,Closed,,CLOSED
325214.59,4666452.22,2606.9,ID103513030,CONE NO 207,L,Closed,,CLOSED
325194.99,4666028.27,2480.3,ID103469979,CONE NO 208,L,Closed,,CLOSED
325195.31,4665640.50,2681.8,ID103297545,CONE NO 209,L,Closed,,CLOSED
325195.31,4665640.50,2681.8,ID103225700,CONE NO 210,L,Closed,,CLOSED
325195.31,4665640.50,2681.8,ID103522205,CONE NO 211,L,Closed,,CLOSED
325195.31,4665640.50,2681.8,ID103403016,CONE NO 212,L,Closed,,CLOSED
325201.07,4665204.82,2638.7,ID103242091,CONE NO 213,L,Closed,,CLOSED
325215.17,4664805.60,2652.5,ID103371671,CONE NO 214,L,Closed,,CLOSED
325215.17,4664805.60,2652.5,ID103488439,CONE NO 215,L,Closed,,CLOSED
325215.17,4664805.60,2652.5,ID103363254,CONE NO 216,L,Closed,,CLOSED
325158.48,4664420.35,2679.0,ID102269183,CONE NO 217,L,Closed,,CLOSED
325622.78,4666805.44,2301.9,ID103458275,CONE NO 218,L,Closed,,CLOSED
325677.43,4666406.32,2399.0,ID103378238,CONE NO 219,L,Closed,,CLOSED
325677.43,4666406.32,2399.0,ID103083465,CONE NO 220,L,Closed,,CLOSED
325677.43,4666406.32,2399.0,ID103526449,CONE NO 221,L,Closed,,CLOSED
325604.67,4666039.25,2426.8,ID103292908,CONE NO 222,L,Closed,,CLOSED
325606.81,4665656.99,2495.1,ID103015880,CONE NO 223,L,Closed,,CLOSED
325606.81,4665656.99,2495.1,ID103523300,CONE NO 224,L,Closed,,CLOSED
325606.81,4665656.99,2495.1,ID103411258,CONE NO 225,L,Closed,,CLOSED
325606.81,4665656.99,2495.1,ID103458919,CONE NO 226,L,Closed,,CLOSED
325566.51,4665198.00,2493.9,ID101464541,CONE NO 227,L,Closed,,CLOSED
325613.74,4664799.07,2657.0,ID103471952,CONE NO 228,L,Closed,,CLOSED
325613.74,4664799.07,2657.0,ID103374230,CONE NO 229,L,Closed,,CLOSED
325613.74,4664799.07,2657.0,ID103455429,CONE NO 230,L,Closed,,CLOSED
325568.25,4664431.32,2646.8,ID103014830,CONE NO 231,L,Closed,,CLOSED
326181.94,4666742.75,2168.7,ID102919831,CONE NO 232,L,Closed,,CLOSED
326186.50,4666357.10,2163.4,ID103114281,CONE NO 233,L,Closed,,CLOSED
326186.50,4666357.10,2163.4,ID103294313,CONE NO 234,L,Closed,,CLOSED
326186.50,4666357.10,2163.4,ID103478275,CONE NO 235,L,Closed,,CLOSED
326100.97,4665940.34,2351.7,ID103481074,CONE NO 236,L,Closed,,CLOSED
326078.28,4665556.47,2240.8,ID103453249,CONE NO 237,L,Closed,,CLOSED
326078.28,4665556.47,2240.8,ID103141362,CONE NO 238,L,Closed,,CLOSED
326078.28,4665556.47,2240.8,ID103342794,CONE NO 239,L,Closed,,CLOSED
326078.28,4665556.47,2240.8,ID103284093,CONE NO 240,L,Closed,,CLOSED
326112.57,4665135.64,2427.9,ID103230246,CONE NO 241,L,Closed,,CLOSED
326103.94,4664751.43,2449.9,ID103181815,CONE NO 242,L,Closed,,CLOSED
326103.94,4664751.43,2449.9,ID103111357,CONE NO 243,L,Closed,,CLOSED
326103.94,4664751.43,2449.9,ID103468708,CONE NO 244,L,Closed,,CLOSED
326063.77,4664363.55,2635.9,ID103307384,CONE NO 245,L,Closed,,CLOSED
326599.71,4666748.03,2051.4,ID102914011,CONE NO 246,L,Closed,,CLOSED
326605.09,4666361.25,2033.0,ID103324509,CONE NO 247,L,Closed,,CLOSED
326605.09,4666361.25,2033.0,ID103487826,CONE NO 248,L,Closed,,CLOSED
326605.09,4666361.25,2033.0,ID103415464,CONE NO 249,L,Closed,,CLOSED
326581.92,4665990.72,2084.2,ID103285768,CONE NO 250,L,Closed,,CLOSED
326525.66,4665619.90,2136.4,ID103348008,CONE NO 251,L,Closed,,CLOSED
326525.66,4665619.90,2136.4,ID103523064,CONE NO 252,L,Closed,,CLOSED
326525.66,4665619.90,2136.4,ID103292127,CONE NO 253,L,Closed,,CLOSED
326525.66,4665619.90,2136.4,ID103115853,CONE NO 254,L,Closed,,CLOSED
326562.99,4665186.78,2218.3,ID103273021,CONE NO 255,L,Closed,,CLOSED
326506.76,4664817.07,2402.4,ID103224351,CONE NO 256,L,Closed,,CLOSED
326506.76,4664817.07,2402.4,ID103369644,CONE NO 257,L,Closed,,CLOSED
326506.76,4664817.07,2402.4,ID103365705,CONE NO 258,L,Closed,,CLOSED
326542.90,4664335.09,2480.6,ID103295294,CONE NO 259,L,Closed,,CLOSED
326985.30,4666723.01,2314.1,ID103328670,CONE NO 260,L,Closed,,CLOSED
326989.90,4666337.36,2256.1,ID103453302,CONE NO 261,L,Closed,,CLOSED
326989.90,4666337.36,2256.1,ID103342551,CONE NO 262,L,Closed,,CLOSED
326989.90,4666337.36,2256.1,ID103279648,CONE NO 263,L,Closed,,CLOSED
326904.39,4665919.47,2178.7,ID102270352,CONE NO 264,L,Closed,,CLOSED
326881.74,4665535.60,2271.4,ID103292128,CONE NO 265,L,Closed,,CLOSED
326881.74,4665535.60,2271.4,ID103115854,CONE NO 266,L,Closed,,CLOSED
326881.74,4665535.60,2271.4,ID103373902,CONE NO 267,L,Closed,,CLOSED
326881.74,4665535.60,2271.4,ID103228218,CONE NO 268,L,Closed,,CLOSED
326886.26,4665146.62,2300.2,ID103286448,CONE NO 269,L,Closed,,CLOSED
326863.94,4664776.08,2303.2,ID103368366,CONE NO 270,L,Closed,,CLOSED
326863.94,4664776.08,2303.2,ID103420771,CONE NO 271,L,Closed,,CLOSED
326863.94,4664776.08,2303.2,ID103408267,CONE NO 272,L,Closed,,CLOSED
326928.65,4664311.18,2373.6,ID103369609,CONE NO 273,L,Closed,,CLOSED
327355.95,4666729.48,2261.7,ID103512019,CONE NO 274,L,Closed,,CLOSED
327347.32,4666343.05,2241.9,ID103111164,CONE NO 275,L,Closed,,CLOSED
327347.32,4666343.05,2241.9,ID103370957,CONE NO 276,L,Closed,,CLOSED
327347.32,4666343.05,2241.9,ID103060920,CONE NO 277,L,Closed,,CLOSED
327289.96,4665925.58,2434.7,ID103118183,CONE NO 278,L,Closed,,CLOSED
327266.48,4665540.62,2435.0,ID103470518,CONE NO 279,L,Closed,,CLOSED
327266.48,4665540.62,2435.0,ID103522107,CONE NO 280,L,Closed,,CLOSED
327266.48,4665540.62,2435.0,ID103276652,CONE NO 281,L,Closed,,CLOSED
327266.48,4665540.62,2435.0,ID103517901,CONE NO 282,L,Closed,,CLOSED
327271.69,4665144.96,2442.7,ID103327460,CONE NO 283,L,Closed,,CLOSED
327248.39,4664767.77,2469.1,ID103273251,CONE NO 284,L,Closed,,CLOSED
327248.39,4664767.77,2469.1,ID103186935,CONE NO 285,L,Closed,,CLOSED
327248.39,4664767.77,2469.1,ID103015414,CONE NO 286,L,Closed,,CLOSED
327299.40,4664316.55,2477.0,ID103461438,CONE NO 287,L,Closed,,CLOSED
327789.40,4666767.77,2080.9,ID103372189,CONE NO 288,L,Closed,,CLOSED
327705.43,4666410.96,2237.6,ID103481227,CONE NO 289,L,Closed,,CLOSED
327705.43,4666410.96,2237.6,ID103527940,CONE NO 290,L,Closed,,CLOSED
327705.43,4666410.96,2237.6,ID103325902,CONE NO 291,L,Closed,,CLOSED
327738.48,4665901.29,2329.7,ID103503122,CONE NO 292,L,Closed,,CLOSED
327729.07,4665515.98,2344.6,ID103504838,CONE NO 293,L,Closed,,CLOSED
327729.07,4665515.98,2344.6,ID103448114,CONE NO 294,L,Closed,,CLOSED
327729.07,4665515.98,2344.6,ID103455979,CONE NO 295,L,Closed,,CLOSED
327729.07,4665515.98,2344.6,ID103143274,CONE NO 296,L,Closed,,CLOSED
327688.27,4665098.11,2321.0,ID103409462,CONE NO 297,L,Closed,,CLOSED
327665.63,4664713.13,2494.0,ID103378655,CONE NO 298,L,Closed,,CLOSED
327665.63,4664713.13,2494.0,ID103111423,CONE NO 299,L,Closed,,CLOSED
327665.63,4664713.13,2494.0,ID103018536,CONE NO 300,L,Closed,,CLOSED
327669.44,4664293.06,2366.6,ID103449114,CONE NO 301,L,Closed,,CLOSED
328529.18,4666718.65,1979.9,ID103148145,CONE NO 302,L,Closed,,CLOSED
328506.91,4666346.99,2055.2,ID103113167,CONE NO 303,L,Closed,,CLOSED
328506.91,4666346.99,2055.2,ID103372588,CONE NO 304,L,Closed,,CLOSED
328506.91,4666346.99,2055.2,ID103478878,CONE NO 305,L,Closed,,CLOSED
328510.44,4665913.60,2050.8,ID103519247,CONE NO 306,L,Closed,,CLOSED
328488.20,4665543.05,2138.2,ID103474977,CONE NO 307,L,Closed,,CLOSED
328488.20,4665543.05,2138.2,ID103274024,CONE NO 308,L,Closed,,CLOSED
328488.20,4665543.05,2138.2,ID103519066,CONE NO 309,L,Closed,,CLOSED
328488.20,4665543.05,2138.2,ID103248489,CONE NO 310,L,Closed,,CLOSED
328490.98,4665078.56,2201.8,ID103114041,CONE NO 311,L,Closed,,CLOSED
328468.39,4664693.58,2332.2,ID103468839,CONE NO 312,L,Closed,,CLOSED
328468.39,4664693.58,2332.2,ID103217603,CONE NO 313,L,Closed,,CLOSED
328468.39,4664693.58,2332.2,ID103017324,CONE NO 314,L,Closed,,CLOSED
328472.25,4664273.52,2240.7,ID103475695,CONE NO 315,L,Closed,,CLOSED
329008.45,4666737.01,2119.3,ID103276467,CONE NO 316,L,Closed,,CLOSED
328953.15,4666366.16,2151.9,ID103306948,CONE NO 317,L,Closed,,CLOSED
328953.15,4666366.16,2151.9,ID103448738,CONE NO 318,L,Closed,,CLOSED
328953.15,4666366.16,2151.9,ID103412268,CONE NO 319,L,Closed,,CLOSED
328990.59,4665931.94,2276.2,ID103329062,CONE NO 320,L,Closed,,CLOSED
328971.01,4667171.23,2052.0,ID103300678,CONE NO 321,L,Closed,,CLOSED
329309.70,4666370.85,2138.4,ID103490172,CONE NO 322,L,Closed,,CLOSED
329309.70,4666370.85,2138.4,ID103457117,CONE NO 323,L,Closed,,CLOSED
329309.70,4666370.85,2138.4,ID103143680,CONE NO 324,L,Closed,,CLOSED
329312.21,4665893.05,2217.9,ID103466942,CONE NO 325,L,Closed,,CLOSED
329785.79,4666668.22,1971.9,ID103406658,CONE NO 326,L,Closed,,CLOSED
329784.76,4666282.72,2022.1,ID103362226,CONE NO 327,L,Closed,,CLOSED
329784.76,4666282.72,2022.1,ID103462186,CONE NO 328,L,Closed,,CLOSED
329784.76,4666282.72,2022.1,ID103476881,CONE NO 329,L,Closed,,CLOSED
329792.02,4665863.68,2098.8,ID103471920,CONE NO 330,L,Closed,,CLOSED
330163.13,4666643.57,1978.8,ID103282311,CONE NO 331,L,Closed,,CLOSED
330154.68,4666258.25,2014.5,ID103143979,CONE NO 332,L,Closed,,CLOSED
330154.68,4666258.25,2014.5,ID103371332,CONE NO 333,L,Closed,,CLOSED
330154.68,4666258.25,2014.5,ID103378003,CONE NO 334,L,Closed,,CLOSED
330176.01,4665838.88,1994.4,ID103364224,CONE NO 335,L,Closed,,CLOSED
330613.04,4666644.98,1906.8,ID103465506,CONE NO 336,L,Closed,,CLOSED
330618.66,4666259.32,1932.6,ID103407647,CONE NO 337,L,Closed,,CLOSED
330618.66,4666259.32,1932.6,ID103503740,CONE NO 338,L,Closed,,CLOSED
330618.66,4666259.32,1932.6,ID103284200,CONE NO 339,L,Closed,,CLOSED
330595.71,4665888.79,1945.5,ID102914040,CONE NO 340,L,Closed,,CLOSED
330997.81,4666620.20,1831.8,ID103375140,CONE NO 341,L,Closed,,CLOSED
331003.48,4666235.65,1853.2,ID103379172,CONE NO 342,L,Closed,,CLOSED
331003.48,4666235.65,1853.2,ID103488675,CONE NO 343,L,Closed,,CLOSED
331003.48,4666235.65,1853.2,ID103361448,CONE NO 344,L,Closed,,CLOSED
330918.21,4665817.72,1872.2,ID103275089,CONE NO 345,L,Closed,,CLOSED
331370.10,4666626.84,1783.7,ID103367122,CONE NO 346,L,Closed,,CLOSED
331360.87,4666240.43,1806.3,ID103246050,CONE NO 347,L,Closed,,CLOSED
331360.87,4666240.43,1806.3,ID103528404,CONE NO 348,L,Closed,,CLOSED
331360.87,4666240.43,1806.3,ID103463664,CONE NO 349,L,Closed,,CLOSED
331375.69,4665822.33,1823.8,ID103480919,CONE NO 350,L,Closed,,CLOSED
331741.57,4666633.53,1765.6,ID103452746,CONE NO 351,L,Closed,,CLOSED
331719.50,4666262.98,1805.8,ID103116933,CONE NO 352,L,Closed,,CLOSED
331719.50,4666262.98,1805.8,ID103405661,CONE NO 353,L,Closed,,CLOSED
331719.50,4666262.98,1805.8,ID103453727,CONE NO 354,L,Closed,,CLOSED
331753.90,4665797.75,1800.5,ID102919043,CONE NO 355,L,Closed,,CLOSED
245809.01,4686596.43,1989.7,ID103150611,F & H #1,L,Closed,,CLOSED
246568.39,4686614.54,1927.7,ID103017415,F & H #2,L,Closed,,CLOSED
244190.97,4687505.93,2071.1,ID103481586,F & H #3,L,Closed,,CLOSED
244190.97,4687505.93,2071.1,ID103278837,F & H #4,L,Closed,,CLOSED
244190.97,4687505.93,2071.1,ID103369673,F & H #5,L,Closed,,CLOSED
244190.97,4687505.93,2071.1,ID103364791,F & H #6,L,Closed,,CLOSED
246568.39,4686614.54,1927.7,ID101685368,F & H #30,L,Closed,,CLOSED
325859.01,4656079.02,1887.2,ID103325808,FORMATION NO 2,L,Closed,,CLOSED
325026.23,4655292.93,1796.9,ID103502367,FORMATION NO 3,L,Closed,,CLOSED
332101.44,4659922.25,1733.8,ID103462107,BP NO 677,L,Closed,,CLOSED
332397.57,4659948.55,1706.0,ID103486969,BP NO 678,L,Closed,,CLOSED
332467.64,4659552.49,1732.7,ID103507197,BP NO 679,L,Closed,,CLOSED
331569.57,4659833.79,1791.6,ID103281031,BP NO 680,L,Closed,,CLOSED
325048.74,4659284.39,2125.8,ID103142352,BP NO 681,L,Closed,,CLOSED
332017.56,4660537.51,1761.6,ID103461366,BP NO 682,L,Closed,,CLOSED
331220.74,4661483.07,2031.7,ID103402822,BP NO 683,L,Closed,,CLOSED
331307.34,4661852.08,2001.7,ID103361216,BP NO 684,L,Closed,,CLOSED
331715.30,4662198.99,1829.0,ID103468293,BP NO 685,L,Closed,,CLOSED
331715.30,4662198.99,1829.0,ID103297512,BP NO 686,L,Closed,,CLOSED
330822.12,4662220.32,2032.4,ID103377409,BP NO 687,L,Closed,,CLOSED
330017.49,4662241.86,2251.0,ID103474586,BP NO 688,L,Closed,,CLOSED
329662.87,4662325.95,2265.3,ID103293829,BP NO 689,L,Closed,,CLOSED
328824.24,4661866.25,2052.6,ID103372258,BP NO 690,L,Closed,,CLOSED
327994.80,4662366.36,2105.0,ID103488187,BP NO 691,L,Closed,,CLOSED
329253.58,4663913.49,1982.8,ID103361945,BP NO 692,L,Closed,,CLOSED
328897.15,4663953.23,2023.7,ID103472939,BP NO 693,L,Closed,,CLOSED
328542.50,4699417.30,1698.5,ID103227424,AA #2001,L,Closed,,CLOSED
328542.50,4699417.30,1698.5,ID103472059,AA #2002,L,Closed,,CLOSED
328073.25,4699916.61,1704.7,ID103251350,AA #2003,L,Closed,,CLOSED
328468.36,4699816.90,1741.1,ID103298369,AA #2004,L,Closed,,CLOSED
327691.79,4699968.24,1620.2,ID103458082,AA #2005,L,Closed,,CLOSED
288514.04,4683291.58,1686.9,ID103365612,OLD BOY'S CLAIM #1,L,Closed,,CLOSED
288514.04,4683291.58,1686.9,ID103322673,OLD BOY'S CLAIM #2,L,Closed,,CLOSED
289343.54,4684059.10,1762.5,ID103348012,OLD BOY'S CLAIM #3,L,Closed,,CLOSED
327974.61,4700222.38,1719.0,ID103372868,AA #2006,L,Closed,,CLOSED
324997.76,4655682.50,1771.7,ID103519748,SHINING TIMES,L,Closed,,CLOSED
325361.57,4655723.51,1861.2,ID103478952,SHINING TIMES NO 1,L,Closed,,CLOSED
325363.96,4655350.14,1774.2,ID103505713,FORMATION NO 6,L,Closed,,CLOSED
325363.96,4655350.14,1774.2,ID103142315,FORMATION NO 7,L,Closed,,CLOSED
325361.57,4655723.51,1861.2,ID103242964,FORMATION NO 10,L,Closed,,CLOSED
324792.05,4655704.25,1822.4,ID103454202,FORMATION NO 11,L,Closed,,CLOSED
325361.57,4655723.51,1861.2,ID103415370,FORMATION NO 15,L,Closed,,CLOSED
327681.53,4700352.94,1652.5,ID103470362,AA #2007,L,Closed,,CLOSED
324997.76,4655682.50,1771.7,ID103453942,FORMATION NO 16,L,Closed,,CLOSED
327681.53,4700352.94,1652.5,ID103466800,AA #2008,L,Closed,,CLOSED
328052.99,4700297.11,1731.5,ID103503795,AA #2009,L,Closed,,CLOSED
327627.71,4700739.83,1703.6,ID103527371,AA #2010,L,Closed,,CLOSED
327954.38,4700737.32,1738.5,ID103349369,AA #2011,L,Closed,,CLOSED
325878.55,4654853.05,1724.4,ID103273259,FORMATION NO 1,L,Closed,,CLOSED
325363.96,4655350.14,1774.2,ID102914836,FORMATION NO 2,L,Closed,,CLOSED
325842.52,4655273.91,1796.9,ID103323813,FORMATION NO 3,L,Closed,,CLOSED
324668.27,4655990.64,1827.7,ID103461450,FORMATION NO 4,L,Closed,,CLOSED
273574.54,4657864.16,1994.7,ID103372200,MICA #10,L,Closed,,CLOSED
274377.98,4659491.38,1983.0,ID103488132,MICA #12,L,Closed,,CLOSED
273613.58,4660610.71,2030.7,ID103328923,MICA #13,L,Closed,,CLOSED
327691.79,4699968.24,1620.2,ID103471953,RATTLER #8,L,Closed,,CLOSED
289299.54,4685836.52,1870.1,ID103324406,JC-1,L,Closed,,CLOSED
289299.54,4685836.52,1870.1,ID103278226,JC-2,L,Closed,,CLOSED
289299.54,4685836.52,1870.1,ID103143748,JC-3,L,Closed,,CLOSED
289299.54,4685836.52,1870.1,ID103016230,JC-4,L,Closed,,CLOSED
288508.90,4684901.13,2047.0,ID103408937,JC-5,L,Closed,,CLOSED
289281.47,4685564.76,1925.0,ID103294061,JC-6,L,Closed,,CLOSED
289281.47,4685564.76,1925.0,ID103229178,JC-7,L,Closed,,CLOSED
289281.47,4685564.76,1925.0,ID103523340,JC-8,L,Closed,,CLOSED
289275.57,4684901.40,1939.6,ID103118115,JC-9,L,Closed,,CLOSED
289275.57,4684901.40,1939.6,ID103485782,JC-10,L,Closed,,CLOSED
289275.57,4684901.40,1939.6,ID103507445,JC-11,L,Closed,,CLOSED
289275.57,4684901.40,1939.6,ID103251690,JC-12,L,Closed,,CLOSED
289340.13,4684440.43,1865.9,ID103365468,JC-13,L,Closed,,CLOSED
289340.13,4684440.43,1865.9,ID103142013,JC-14,L,Closed,,CLOSED
289340.13,4684440.43,1865.9,ID103485347,JC-15,L,Closed,,CLOSED
289340.13,4684440.43,1865.9,ID103377836,JC-16,L,Closed,,CLOSED
289343.54,4684059.10,1762.5,ID103466270,RANDY,L,Closed,,CLOSED
290916.54,4684027.62,1574.3,ID103403479,V-LLAW,L,Closed,,CLOSED
282129.89,4674262.36,2442.2,ID103455588,MOUNTAIN VIEW #1,L,Closed,,CLOSED
282129.89,4674262.36,2442.2,ID103346642,MT VIEW #2,L,Closed,,CLOSED
282129.06,4675517.28,2413.8,ID103345737,MT VIEW #3,L,Closed,,CLOSED
282129.89,4674262.36,2442.2,ID103525453,MT VIEW #4,L,Closed,,CLOSED
282129.89,4674262.36,2442.2,ID103293042,OLYMPIA #1,L,Closed,,CLOSED
282129.89,4674262.36,2442.2,ID103112861,OLYMPIA #2,L,Closed,,CLOSED
258923.08,4666914.15,1576.4,ID103226710,RAINBOW,L,Closed,,CLOSED
300306.17,4671796.29,1613.0,ID103463703,SM #1,L,Closed,,CLOSED
300306.17,4671796.29,1613.0,ID103410056,SM #2,L,Closed,,CLOSED
300306.17,4671796.29,1613.0,ID103503777,SM #3,L,Closed,,CLOSED
300306.17,4671796.29,1613.0,ID103279653,SM #4,L,Closed,,CLOSED
301061.20,4671689.36,1576.1,ID103413044,SM #5,L,Closed,,CLOSED
301061.20,4671689.36,1576.1,ID103451156,SM #6,L,Closed,,CLOSED
301061.20,4671689.36,1576.1,ID103115857,SM #7,L,Closed,,CLOSED
301061.20,4671689.36,1576.1,ID103373909,SM #8,L,Closed,,CLOSED
301445.83,4671697.40,1555.7,ID103228225,SM #9,L,Closed,,CLOSED
301445.83,4671697.40,1555.7,ID103066851,SM #10,L,Closed,,CLOSED
301445.83,4671697.40,1555.7,ID103368377,SM #11,L,Closed,,CLOSED
301445.83,4671697.40,1555.7,ID103240930,SM #12,L,Closed,,CLOSED
299884.12,4670994.79,1625.7,ID103527037,SM #13,L,Closed,,CLOSED
299884.12,4670994.79,1625.7,ID103481436,SM #14,L,Closed,,CLOSED
299884.12,4670994.79,1625.7,ID103309341,SM #15,L,Closed,,CLOSED
299934.95,4671794.60,1625.2,ID103230411,SM #16,L,Closed,,CLOSED
299934.95,4671794.60,1625.2,ID103289590,SM #17,L,Closed,,CLOSED
299934.95,4671794.60,1625.2,ID103520278,SM #18,L,Closed,,CLOSED
299934.95,4671794.60,1625.2,ID103346833,SM #19,L,Closed,,CLOSED
299525.13,4670930.53,1648.9,ID103453678,SM #20,L,Closed,,CLOSED
299525.13,4670930.53,1648.9,ID103277793,SM #21,L,Closed,,CLOSED
299525.13,4670930.53,1648.9,ID103405327,SM #22,L,Closed,,CLOSED
299457.08,4671734.84,1650.1,ID103509299,SM #23,L,Closed,,CLOSED
299457.08,4671734.84,1650.1,ID103350678,SM #24,L,Closed,,CLOSED
299457.08,4671734.84,1650.1,ID103149273,SM #25,L,Closed,,CLOSED
299457.08,4671734.84,1650.1,ID103380133,SM #26,L,Closed,,CLOSED
299481.23,4672118.67,1654.5,ID103347927,SM #27,L,Closed,,CLOSED
299926.36,4672598.33,1666.6,ID103325631,SM #28,L,Closed,,CLOSED
299926.36,4672598.33,1666.6,ID103477619,SM #29,L,Closed,,CLOSED
299926.36,4672598.33,1666.6,ID103518190,SM #30,L,Closed,,CLOSED
299926.36,4672598.33,1666.6,ID103473969,SM #31,L,Closed,,CLOSED
300281.42,4672556.02,1720.8,ID103371738,SM #32,L,Closed,,CLOSED
300281.42,4672556.02,1720.8,ID103296920,SM #33,L,Closed,,CLOSED
300281.42,4672556.02,1720.8,ID103224175,SM #34,L,Closed,,CLOSED
300281.42,4672556.02,1720.8,ID103457299,SM #35,L,Closed,,CLOSED
299480.37,4672582.12,1661.7,ID103380305,SM #36,L,Closed,,CLOSED
299480.37,4672582.12,1661.7,ID103248437,SM #37,L,Closed,,CLOSED
299480.37,4672582.12,1661.7,ID103309681,SM #38,L,Closed,,CLOSED
299480.37,4672582.12,1661.7,ID103281004,SM #39,L,Closed,,CLOSED
297220.39,4676624.35,1729.2,ID103017152,RED HEN #1,L,Closed,,CLOSED
297220.39,4676624.35,1729.2,ID103485647,RED HEN #2,L,Closed,,CLOSED
297220.39,4676624.35,1729.2,ID103296783,RED HEN #3,L,Closed,,CLOSED
297220.39,4676624.35,1729.2,ID103229114,RED HEN #4,L,Closed,,CLOSED
296620.89,4676633.87,1774.1,ID103445889,RED HEN #5,L,Closed,,CLOSED
296255.43,4676623.34,1811.5,ID103368929,RED HEN #6,L,Closed,,CLOSED
298762.33,4675828.80,1683.6,ID103481807,HENNY PENNY #1,L,Closed,,CLOSED
298762.33,4675828.80,1683.6,ID103290094,HENNY PENNY #2,L,Closed,,CLOSED
298762.33,4675828.80,1683.6,ID103070467,HENNY PENNY #3,L,Closed,,CLOSED
298762.33,4675828.80,1683.6,ID103298103,HENNY PENNY #4,L,Closed,,CLOSED
298826.75,4675423.54,1683.1,ID103285255,HENNY PENNY #5,L,Closed,,CLOSED
298741.37,4675067.02,1706.9,ID103478292,HENNY PENNY #6,L,Closed,,CLOSED
260708.89,4660277.51,1777.8,ID103511960,WEC 1,L,Closed,,CLOSED
261520.43,4660242.32,1899.2,ID103325862,WEC 2,L,Closed,,CLOSED
260708.89,4660277.51,1777.8,ID103477984,WEC 3,L,Closed,,CLOSED
261520.43,4660242.32,1899.2,ID103418562,WEC 4,L,Closed,,CLOSED
260708.89,4660277.51,1777.8,ID102919880,WEC 5,L,Closed,,CLOSED
261520.43,4660242.32,1899.2,ID103324918,WEC 6,L,Closed,,CLOSED
260715.87,4659798.13,1750.9,ID103469074,WEC 7,L,Closed,,CLOSED
261553.79,4659806.51,1921.4,ID103281568,WEC 8,L,Closed,,CLOSED
260711.11,4659412.52,1809.8,ID103017012,WEC 9,L,Closed,,CLOSED
261494.11,4659437.22,1841.1,ID103410723,WEC 10,L,Closed,,CLOSED
260711.11,4659412.52,1809.8,ID103297034,WEC 11,L,Closed,,CLOSED
261494.11,4659437.22,1841.1,ID103251533,WEC 12,L,Closed,,CLOSED
260711.11,4659412.52,1809.8,ID102915579,WEC 13,L,Closed,,CLOSED
261494.11,4659437.22,1841.1,ID103465380,WEC 14,L,Closed,,CLOSED
260688.25,4658981.95,1758.3,ID103408918,WEC 15,L,Closed,,CLOSED
261526.25,4658940.31,1873.1,ID103503992,WEC 16,L,Closed,,CLOSED
260820.28,4662173.67,1754.2,ID103489306,WEC 17,L,Closed,,CLOSED
261192.00,4662193.34,1843.7,ID103452300,WEC 18,L,Closed,,CLOSED
260820.62,4661841.26,1820.0,ID102915269,WEC 19,L,Closed,,CLOSED
261186.61,4661837.78,1877.2,ID103299021,WEC 20,L,Closed,,CLOSED
260820.62,4661841.26,1820.0,ID103068974,WEC 21,L,Closed,,CLOSED
261186.61,4661837.78,1877.2,ID103019052,WEC 22,L,Closed,,CLOSED
260820.62,4661841.26,1820.0,ID103362199,WEC 23,L,Closed,,CLOSED
261186.61,4661837.78,1877.2,ID103468935,WEC 24,L,Closed,,CLOSED
260820.62,4661841.26,1820.0,ID103487792,WEC 25,L,Closed,,CLOSED
261186.61,4661837.78,1877.2,ID103368684,WEC 26,L,Closed,,CLOSED
260820.62,4661841.26,1820.0,ID103082328,WEC 27,L,Closed,,CLOSED
261153.52,4661838.89,1865.4,ID103295996,WEC 28,L,Closed,,CLOSED
260619.20,4661347.80,1776.9,ID103360096,WEC 29,L,Closed,,CLOSED
261200.71,4661348.14,1941.1,ID103473698,WEC 30,L,Closed,,CLOSED
260635.26,4661137.14,1767.6,ID103469271,WEC 31,L,Closed,,CLOSED
261181.63,4661077.53,1907.9,ID103374528,WEC 32,L,Closed,,CLOSED
260722.41,4660848.48,1785.6,ID103406496,WEC 33,L,Closed,,CLOSED
261206.17,4660896.60,1884.0,ID103275569,WEC 34,L,Closed,,CLOSED
260722.41,4660848.48,1785.6,ID103369385,WEC 35,L,Closed,,CLOSED
261206.17,4660896.60,1884.0,ID103348400,WEC 36,L,Closed,,CLOSED
260738.97,4660432.14,1759.8,ID103330814,WEC 37,L,Closed,,CLOSED
261076.19,4660359.59,1820.0,ID103221405,WEC 38,L,Closed,,CLOSED
261192.00,4662193.34,1843.7,ID103288560,WEC 39,L,Closed,,CLOSED
261593.80,4662785.66,1844.9,ID103459997,WEC 40,L,Closed,,CLOSED
262332.95,4662699.61,2040.4,ID103406534,WEC 41,L,Closed,,CLOSED
261621.86,4662144.37,1964.0,ID103284727,WEC 42,L,Closed,,CLOSED
261996.10,4662165.10,2026.9,ID103221163,WEC 43,L,Closed,,CLOSED
262332.95,4662699.61,2040.4,ID103527720,WEC 44,L,Closed,,CLOSED
261623.07,4661811.92,1974.6,ID103400919,WEC 45,L,Closed,,CLOSED
261996.10,4662165.10,2026.9,ID103247173,WEC 46,L,Closed,,CLOSED
262332.95,4662699.61,2040.4,ID103285118,WEC 47,L,Closed,,CLOSED
327267.32,4698314.27,1879.2,ID103452176,PALMER 101,L,Closed,,CLOSED
327267.32,4698314.27,1879.2,ID103482401,PALMER 102,L,Closed,,CLOSED
327267.32,4698314.27,1879.2,ID103456944,PALMER 103,L,Closed,,CLOSED
327267.32,4698314.27,1879.2,ID103470389,PALMER 104,L,Closed,,CLOSED
327276.88,4698700.71,1823.5,ID103145854,PALMER 105,L,Closed,,CLOSED
327227.10,4699184.16,1759.9,ID103402088,PALMER 106,L,Closed,,CLOSED
327227.10,4699184.16,1759.9,ID103342720,PALMER 107,L,Closed,,CLOSED
327227.10,4699184.16,1759.9,ID103454572,PALMER 108,L,Closed,,CLOSED
327393.92,4699605.60,1708.0,ID103329691,PALMER 109,L,Closed,,CLOSED
327320.80,4699944.07,1709.7,ID103348897,PALMER 110,L,Closed,,CLOSED
327320.80,4699944.07,1709.7,ID103272245,PALMER 111,L,Closed,,CLOSED
327320.80,4699944.07,1709.7,ID103481137,PALMER 113,L,Closed,,CLOSED
327327.01,4700328.37,1597.4,ID103503539,PALMER 114,L,Closed,,CLOSED
327351.90,4700735.53,1621.7,ID103292956,PALMER 115,L,Closed,,CLOSED
327351.90,4700735.53,1621.7,ID103019868,PALMER 116,L,Closed,,CLOSED
327351.90,4700735.53,1621.7,ID103298560,PALMER 117,L,Closed,,CLOSED
327344.68,4701075.71,1662.3,ID103229011,PALMER 118,L,Closed,,CLOSED
328120.27,4698348.79,1805.4,ID103360972,PALMER 201,L,Closed,,CLOSED
328120.27,4698348.79,1805.4,ID103366890,PALMER 202,L,Closed,,CLOSED
328120.27,4698348.79,1805.4,ID101686961,PALMER 203,L,Closed,,CLOSED
328120.27,4698348.79,1805.4,ID103276067,PALMER 204,L,Closed,,CLOSED
328194.25,4698812.52,1746.1,ID103286796,PALMER 205,L,Closed,,CLOSED
328265.93,4699149.65,1659.9,ID103374897,PALMER 206,L,Closed,,CLOSED
328265.93,4699149.65,1659.9,ID103222383,PALMER 207,L,Closed,,CLOSED
328265.93,4699149.65,1659.9,ID103501291,PALMER 208,L,Closed,,CLOSED
328181.74,4699475.05,1634.9,ID103287107,PALMER 209,L,Closed,,CLOSED
328073.25,4699916.61,1704.7,ID103248542,PALMER 211,L,Closed,,CLOSED
328073.25,4699916.61,1704.7,ID103470451,PALMER 212,L,Closed,,CLOSED
328073.25,4699916.61,1704.7,ID103522805,PALMER 213,L,Closed,,CLOSED
328052.99,4700297.11,1731.5,ID103379920,PALMER 214,L,Closed,,CLOSED
327954.38,4700737.32,1738.5,ID103346808,PALMER 215,L,Closed,,CLOSED
327954.38,4700737.32,1738.5,ID102912882,PALMER 216,L,Closed,,CLOSED
327954.38,4700737.32,1738.5,ID103467412,PALMER 217,L,Closed,,CLOSED
328021.51,4701056.78,1734.8,ID103453394,PALMER 218,L,Closed,,CLOSED
328047.88,4701526.13,1759.9,ID103345464,PALMER 219,L,Closed,,CLOSED
328047.88,4701526.13,1759.9,ID103283232,PALMER 220,L,Closed,,CLOSED
328047.88,4701526.13,1759.9,ID103451890,PALMER 221,L,Closed,,CLOSED
328047.88,4701526.13,1759.9,ID103293455,PALMER 222,L,Closed,,CLOSED
328105.49,4702328.05,1742.1,ID103457403,PALMER 223,L,Closed,,CLOSED
328105.49,4702328.05,1742.1,ID103300862,PALMER 224,L,Closed,,CLOSED
328503.19,4698386.04,1840.6,ID103251180,PALMER 301,L,Closed,,CLOSED
328503.19,4698386.04,1840.6,ID103361960,PALMER 302,L,Closed,,CLOSED
328503.19,4698386.04,1840.6,ID103362851,PALMER 303,L,Closed,,CLOSED
328503.19,4698386.04,1840.6,ID103418148,PALMER 304,L,Closed,,CLOSED
328531.78,4698846.45,1753.0,ID103226101,PALMER 305,L,Closed,,CLOSED
328573.75,4699147.64,1644.1,ID103364035,PALMER 306,L,Closed,,CLOSED
328573.75,4699147.64,1644.1,ID103369118,PALMER 307,L,Closed,,CLOSED
328486.36,4700147.56,1770.2,ID103015498,PALMER 314,L,Closed,,CLOSED
328575.48,4700693.15,1851.9,ID103115636,PALMER 315,L,Closed,,CLOSED
328575.48,4700693.15,1851.9,ID103081282,PALMER 316,L,Closed,,CLOSED
328575.48,4700693.15,1851.9,ID103117104,PALMER 317,L,Closed,,CLOSED
328570.96,4701078.82,1742.2,ID103482931,PALMER 318,L,Closed,,CLOSED
328505.90,4701545.97,1798.1,ID103522189,PALMER 319,L,Closed,,CLOSED
328505.90,4701545.97,1798.1,ID103475824,PALMER 320,L,Closed,,CLOSED
328505.90,4701545.97,1798.1,ID103520178,PALMER 321,L,Closed,,CLOSED
328505.90,4701545.97,1798.1,ID101689289,PALMER 322,L,Closed,,CLOSED
328613.38,4702303.33,1898.7,ID103274051,PALMER 323,L,Closed,,CLOSED
328613.38,4702303.33,1898.7,ID103066678,PALMER 324,L,Closed,,CLOSED
328613.38,4702303.33,1898.7,ID103111519,PALMER 325,L,Closed,,CLOSED
328613.38,4702303.33,1898.7,ID103468193,PALMER 326,L,Closed,,CLOSED
328608.87,4702689.00,1778.2,ID103297628,PALMER 327,L,Closed,,CLOSED
328851.52,4698389.72,1762.3,ID103224332,PALMER 401,L,Closed,,CLOSED
328851.52,4698389.72,1762.3,ID103526437,PALMER 402,L,Closed,,CLOSED
328851.52,4698389.72,1762.3,ID103478420,PALMER 403,L,Closed,,CLOSED
328851.52,4698389.72,1762.3,ID103278285,PALMER 403,L,Closed,,CLOSED
328801.86,4698782.05,1737.0,ID103502598,PALMER 405,L,Closed,,CLOSED
328849.41,4699076.44,1667.3,ID103448774,PALMER 406,L,Closed,,CLOSED
328849.41,4699076.44,1667.3,ID103451442,PALMER 408,L,Closed,,CLOSED
328863.42,4699379.43,1709.6,ID103117776,PALMER 409,L,Closed,,CLOSED
328780.89,4699840.34,1788.7,ID103404509,PALMER 410,L,Closed,,CLOSED
328780.89,4699840.34,1788.7,ID103452491,PALMER 411,L,Closed,,CLOSED
328780.89,4699840.34,1788.7,ID103016629,PALMER 412,L,Closed,,CLOSED
328780.89,4699840.34,1788.7,ID103112663,PALMER 413,L,Closed,,CLOSED
328814.72,4700179.50,1813.4,ID103467524,PALMER 414,L,Closed,,CLOSED
328931.97,4700698.85,1870.6,ID103405688,PALMER 415,L,Closed,,CLOSED
328931.97,4700698.85,1870.6,ID103141096,PALMER 416,L,Closed,,CLOSED
328931.97,4700698.85,1870.6,ID103467287,PALMER 417,L,Closed,,CLOSED
328941.44,4701085.28,1779.6,ID103484692,PALMER 418,L,Closed,,CLOSED
328889.97,4701536.55,1848.7,ID103439882,PALMER 419,L,Closed,,CLOSED
328889.97,4701536.55,1848.7,ID102918812,PALMER 420,L,Closed,,CLOSED
328889.97,4701536.55,1848.7,ID103299000,PALMER 421,L,Closed,,CLOSED
328889.97,4701536.55,1848.7,ID103371519,PALMER 422,L,Closed,,CLOSED
328969.80,4702309.03,1901.2,ID103230236,PALMER 423,L,Closed,,CLOSED
328969.80,4702309.03,1901.2,ID103295754,PALMER 424,L,Closed,,CLOSED
328969.80,4702309.03,1901.2,ID103459540,PALMER 425,L,Closed,,CLOSED
328969.80,4702309.03,1901.2,ID103517154,PALMER 426,L,Closed,,CLOSED
328979.27,4702695.47,1829.1,ID103248568,PALMER 427,L,Closed,,CLOSED
329188.49,4698400.36,1668.1,ID103470519,PALMER 501,L,Closed,,CLOSED
329188.49,4698400.36,1668.1,ID103522108,PALMER 502,L,Closed,,CLOSED
329188.49,4698400.36,1668.1,ID103403317,PALMER 503,L,Closed,,CLOSED
329188.49,4698400.36,1668.1,ID103348041,PALMER 504,L,Closed,,CLOSED
329187.97,4698749.26,1684.2,ID103503196,PALMER 505,L,Closed,,CLOSED
329241.26,4699043.51,1680.5,ID103489404,PALMER 506,L,Closed,,CLOSED
329241.26,4699043.51,1680.5,ID103514635,PALMER 507,L,Closed,,CLOSED
329241.26,4699043.51,1680.5,ID103243098,PALMER 508,L,Closed,,CLOSED
329271.71,4699918.32,1902.7,ID103454333,PALMER 509,L,Closed,,CLOSED
329271.71,4699918.32,1902.7,ID103225303,PALMER 519,L,Closed,,CLOSED
329271.71,4699918.32,1902.7,ID103481228,PALMER 511,L,Closed,,CLOSED
329271.71,4699918.32,1902.7,ID103527941,PALMER 512,L,Closed,,CLOSED
329271.71,4699918.32,1902.7,ID103117402,PALMER 513,L,Closed,,CLOSED
275078.80,4680618.99,1806.5,ID102918470,THOR STONE CO 196979,L,Closed,,CLOSED
275431.47,4680101.93,1961.4,ID103410370,THOR STONE CO 196980,L,Closed,,CLOSED
285735.87,4698744.58,1500.5,ID103376008,THOR STONE CO 196950,L,Closed,,CLOSED
233824.60,4668538.06,2408.6,ID103520430,MP #1,L,Closed,,CLOSED
233824.60,4668538.06,2408.6,ID103341187,MP #2,L,Closed,,CLOSED
233824.60,4668538.06,2408.6,ID103453184,MP #3,L,Closed,,CLOSED
233824.60,4668538.06,2408.6,ID103229925,MP #4,L,Closed,,CLOSED
232371.33,4672693.35,2095.6,ID103307144,TF #1,L,Closed,,CLOSED
232371.33,4672693.35,2095.6,ID103402926,TF #2,L,Closed,,CLOSED
232367.24,4672215.30,2186.9,ID103245908,TF #3,L,Closed,,CLOSED
232818.67,4672707.50,2162.5,ID103300873,TF #4,L,Closed,,CLOSED
235833.67,4667251.52,2290.7,ID103446200,RB #1,L,Closed,,CLOSED
235788.46,4667702.47,2290.6,ID103369846,RB #2,L,Closed,,CLOSED
236175.92,4666838.38,2195.3,ID103414957,RB #3,L,Closed,,CLOSED
236590.23,4667223.23,2174.8,ID103325234,RB #4,L,Closed,,CLOSED
239374.51,4666769.57,1934.0,ID102921058,BG #1,L,Closed,,CLOSED
239374.51,4666769.57,1934.0,ID103081225,BG #2,L,Closed,,CLOSED
239432.62,4666302.61,2004.2,ID103293816,BG #3,L,Closed,,CLOSED
239432.62,4666302.61,2004.2,ID103117405,BG #4,L,Closed,,CLOSED
244161.06,4665833.87,1957.9,ID103017798,BRUCE RIDGE #1,L,Closed,,CLOSED
244161.06,4665833.87,1957.9,ID103084168,BRUCE RIDGE #2,L,Closed,,CLOSED
232825.56,4682249.11,1698.8,ID103113259,HIR #1,L,Closed,,CLOSED
232825.56,4682249.11,1698.8,ID103325426,HIR #2,L,Closed,,CLOSED
231935.37,4682328.62,1668.3,ID103478649,HIR #3,L,Closed,,CLOSED
231935.37,4682328.62,1668.3,ID103518230,HIR #4,L,Closed,,CLOSED
231610.06,4683178.48,1644.1,ID103474667,HIR #5,L,Closed,,CLOSED
231691.11,4682812.83,1687.7,ID103458547,HIR #6,L,Closed,,CLOSED
231610.06,4683178.48,1644.1,ID103225504,HIR #7,L,Closed,,CLOSED
231250.78,4683116.60,1688.9,ID103286810,HIR #8,L,Closed,,CLOSED
236031.57,4671276.38,2235.0,ID103293689,TRAP #2,L,Closed,,CLOSED
235582.23,4671276.55,2316.3,ID103284603,TRAP #3,L,Closed,,CLOSED
235568.30,4670883.40,2326.0,ID103322637,TRAP #4,L,Closed,,CLOSED
236032.42,4670879.35,2226.9,ID103402796,TRAP #5,L,Closed,,CLOSED
236915.80,4664783.54,2189.7,ID103062046,TC #1,L,Closed,,CLOSED
237750.42,4664753.60,2154.3,ID103013842,TC #2,L,Closed,,CLOSED
236915.80,4664783.54,2189.7,ID103478196,TC #3,L,Closed,,CLOSED
237736.11,4664368.27,2084.9,ID103279239,TC #4,L,Closed,,CLOSED
236887.39,4664398.72,2157.0,ID103142413,TC #5,L,Closed,,CLOSED
237736.11,4664368.27,2084.9,ID103327054,TC #6,L,Closed,,CLOSED
236887.39,4664398.72,2157.0,ID103452237,TC #7,L,Closed,,CLOSED
237736.11,4664368.27,2084.9,ID103283128,TC #8,L,Closed,,CLOSED
236887.39,4664398.72,2157.0,ID103248093,TC #9,L,Closed,,CLOSED
237736.11,4664368.27,2084.9,ID103118865,TC #10,L,Closed,,CLOSED
236857.44,4663594.73,2065.3,ID103463991,TC #11,L,Closed,,CLOSED
237660.75,4663565.97,2055.2,ID103284885,TC #12,L,Closed,,CLOSED
236857.44,4663594.73,2065.3,ID103143382,TC #13,L,Closed,,CLOSED
237660.75,4663565.97,2055.2,ID103326916,TC #14,L,Closed,,CLOSED
236857.44,4663594.73,2065.3,ID103405932,TC #15,L,Closed,,CLOSED
237660.75,4663565.97,2055.2,ID103310310,TC #16,L,Closed,,CLOSED
236857.44,4663594.73,2065.3,ID103368827,TC #17,L,Closed,,CLOSED
237660.75,4663565.97,2055.2,ID103362613,TC #18,L,Closed,,CLOSED
236856.24,4663206.68,1916.1,ID101684581,TC #19,L,Closed,,CLOSED
237689.88,4663145.66,2000.2,ID103299838,TC #20,L,Closed,,CLOSED
236828.36,4662836.31,1929.0,ID103229965,TC #21,L,Closed,,CLOSED
237675.58,4662760.32,2015.5,ID103284688,TC #22,L,Closed,,CLOSED
236828.36,4662836.31,1929.0,ID103370807,TC #23,L,Closed,,CLOSED
237675.58,4662760.32,2015.5,ID103465553,TC #24,L,Closed,,CLOSED
236828.36,4662836.31,1929.0,ID103409092,TC #25,L,Closed,,CLOSED
237675.58,4662760.32,2015.5,ID103365300,TC #26,L,Closed,,CLOSED
236826.34,4662403.81,1914.2,ID101683892,TC #27,L,Closed,,CLOSED
237690.65,4662340.54,2009.8,ID103275795,TC #28,L,Closed,,CLOSED
236798.46,4662033.43,1894.9,ID103519862,TC #29,L,Closed,,CLOSED
237689.63,4661955.82,2051.4,ID103377036,TC #30,L,Closed,,CLOSED
236798.46,4662033.43,1894.9,ID103070468,TC #31,L,Closed,,CLOSED
237689.63,4661955.82,2051.4,ID103298104,TC #32,L,Closed,,CLOSED
236798.46,4662033.43,1894.9,ID103405766,TC #33,L,Closed,,CLOSED
237689.63,4661955.82,2051.4,ID103286363,TC #34,L,Closed,,CLOSED
236798.46,4662033.43,1894.9,ID103289904,TC #35,L,Closed,,CLOSED
237689.63,4661955.82,2051.4,ID103410399,TC #36,L,Closed,,CLOSED
236855.42,4661181.73,1903.9,ID103305760,TC #37,L,Closed,,CLOSED
237573.72,4661243.99,1953.6,ID103444936,TC #38,L,Closed,,CLOSED
236855.42,4661181.73,1903.9,ID102912965,TC #39,L,Closed,,CLOSED
237573.72,4661243.99,1953.6,ID103299574,TC #40,L,Closed,,CLOSED
236350.08,4661275.06,1982.0,ID103453073,TC #41,L,Closed,,CLOSED
236855.42,4661181.73,1903.9,ID103230538,TC #42,L,Closed,,CLOSED
236855.42,4661181.73,1903.9,ID103227003,TC #43,L,Closed,,CLOSED
236798.46,4662033.43,1894.9,ID103524186,TC #45,L,Closed,,CLOSED
236798.46,4662033.43,1894.9,ID103402555,TC #46,L,Closed,,CLOSED
236798.46,4662033.43,1894.9,ID103247212,TC #47,L,Closed,,CLOSED
236798.46,4662033.43,1894.9,ID102918706,TC #48,L,Closed,,CLOSED
236826.34,4662403.81,1914.2,ID103466234,TC #49,L,Closed,,CLOSED
236828.36,4662836.31,1929.0,ID103486863,TC #50,L,Closed,,CLOSED
236470.61,4662818.50,2013.4,ID103469759,TC #51,L,Closed,,CLOSED
236470.61,4662818.50,2013.4,ID103457598,TC #52,L,Closed,,CLOSED
236439.38,4663624.78,1935.2,ID103454302,TC #53,L,Closed,,CLOSED
236439.38,4663624.78,1935.2,ID103380118,TC #54,L,Closed,,CLOSED
236439.38,4663624.78,1935.2,ID103329373,TC #55,L,Closed,,CLOSED
236439.38,4663624.78,1935.2,ID103522411,TC #56,L,Closed,,CLOSED
236439.38,4663624.78,1935.2,ID103117375,TC #57,L,Closed,,CLOSED
236469.34,4664427.65,2222.5,ID103410064,TC #58,L,Closed,,CLOSED
236469.34,4664427.65,2222.5,ID103503780,TC #59,L,Closed,,CLOSED
236469.34,4664427.65,2222.5,ID103225491,TC #60,L,Closed,,CLOSED
236469.34,4664427.65,2222.5,ID103466641,TC #61,L,Closed,,CLOSED
236498.60,4664812.44,2270.5,ID103140668,TC #62,L,Closed,,CLOSED
236473.18,4661643.00,1939.3,ID103020400,TC #63,L,Closed,,CLOSED
236377.79,4662017.97,1919.0,ID103477050,TC #64,L,Closed,,CLOSED
236377.79,4662017.97,1919.0,ID103277320,TC #65,L,Closed,,CLOSED
235992.48,4662017.90,1979.7,ID102919185,TC #66,L,Closed,,CLOSED
236020.90,4662401.60,2011.5,ID103323872,TC #67,L,Closed,,CLOSED
236112.70,4662818.52,2078.8,ID103452032,TC #68,L,Closed,,CLOSED
236112.70,4662818.52,2078.8,ID103224413,TC #69,L,Closed,,CLOSED
236112.70,4662818.52,2078.8,ID103360990,TC #70,L,Closed,,CLOSED
236113.81,4663203.24,2153.2,ID103016237,TC #71,L,Closed,,CLOSED
236054.16,4663624.70,2104.7,ID103404775,TC #72,L,Closed,,CLOSED
236350.08,4661275.06,1982.0,ID103294070,TC #73,L,Closed,,CLOSED
237365.33,4665200.49,2164.4,ID103308859,TC #75,L,Closed,,CLOSED
237723.82,4665219.41,2095.2,ID103450795,TC #76,L,Closed,,CLOSED
237365.33,4665200.49,2164.4,ID103366637,TC #77,L,Closed,,CLOSED
237365.33,4665200.49,2164.4,ID103466213,TC #79,L,Closed,,CLOSED
237723.82,4665219.41,2095.2,ID102921033,TC #80,L,Closed,,CLOSED
237365.33,4665200.49,2164.4,ID103289716,TC #81,L,Closed,,CLOSED
237751.66,4665589.79,2055.0,ID101687595,TC #82,L,Closed,,CLOSED
237751.66,4665589.79,2055.0,ID103142022,TC #85,L,Closed,,CLOSED
237272.56,4664398.84,2057.1,ID103486101,TC #86,L,Closed,,CLOSED
237842.13,4665974.53,2168.2,ID103377849,TC #87,L,Closed,,CLOSED
237751.66,4665589.79,2055.0,ID103473322,TC #88,L,Closed,,CLOSED
237842.13,4665974.53,2168.2,ID103468308,TC #89,L,Closed,,CLOSED
238034.59,4665492.55,2094.4,ID103484240,TC #90,L,Closed,,CLOSED
237842.13,4665974.53,2168.2,ID103472107,TC #91,L,Closed,,CLOSED
238275.61,4665649.30,2141.7,ID103474379,TC #92,L,Closed,,CLOSED
238193.31,4665975.95,1991.6,ID103419446,TC #93,L,Closed,,CLOSED
238545.32,4665530.33,2122.1,ID103501168,TC #94,L,Closed,,CLOSED
238207.60,4666361.29,2108.2,ID103377930,TC #95,L,Closed,,CLOSED
238590.63,4665948.99,2084.9,ID103478109,TC #96,L,Closed,,CLOSED
238605.65,4666332.08,1986.5,ID103300421,TC #97,L,Closed,,CLOSED
238590.63,4665948.99,2084.9,ID103408681,TC #98,L,Closed,,CLOSED
238605.65,4666332.08,1986.5,ID103308499,TC #99,L,Closed,,CLOSED
238959.13,4665948.70,2084.8,ID103489775,TC #100,L,Closed,,CLOSED
238605.65,4666332.08,1986.5,ID103525328,TC #101,L,Closed,,CLOSED
238883.89,4666242.83,1972.5,ID103323712,TC #102,L,Closed,,CLOSED
238959.88,4666752.65,1986.2,ID103409081,TC #103,L,Closed,,CLOSED
239432.62,4666302.61,2004.2,ID102917946,TC #104,L,Closed,,CLOSED
238959.88,4666752.65,1986.2,ID103308715,TC #105,L,Closed,,CLOSED
239432.62,4666302.61,2004.2,ID103501100,TC #106,L,Closed,,CLOSED
239374.51,4666769.57,1934.0,ID103251754,TC #107,L,Closed,,CLOSED
239432.62,4666302.61,2004.2,ID103329091,TC #108,L,Closed,,CLOSED
239374.51,4666769.57,1934.0,ID103521255,TC #109,L,Closed,,CLOSED
239758.19,4666755.41,1870.8,ID103486213,TC #110,L,Closed,,CLOSED
239402.23,4667138.84,2003.7,ID103330123,TC #111,L,Closed,,CLOSED
239758.19,4666755.41,1870.8,ID103017465,TC #112,L,Closed,,CLOSED
238101.42,4664369.17,2145.5,ID103019579,TC #113,L,Closed,,CLOSED
238123.20,4664755.34,2211.8,ID103066834,TC #114,L,Closed,,CLOSED
235636.35,4662044.55,2085.3,ID103402061,TC #117,L,Closed,,CLOSED
235636.35,4662044.55,2085.3,ID103289357,TC #118,L,Closed,,CLOSED
235650.76,4662429.89,1983.1,ID103469304,TC #119,L,Closed,,CLOSED
235606.36,4662881.92,2037.0,ID103410296,TC #120,L,Closed,,CLOSED
235606.36,4662881.92,2037.0,ID103378395,TC #121,L,Closed,,CLOSED
235606.36,4662881.92,2037.0,ID102918636,TC #122,L,Closed,,CLOSED
235634.55,4663258.96,2118.1,ID103296688,TC #123,L,Closed,,CLOSED
235697.33,4663652.50,2156.9,ID103299227,TC #124,L,Closed,,CLOSED
235248.77,4663266.74,2139.0,ID103222626,TC #125,L,Closed,,CLOSED
235339.41,4663651.44,2181.5,ID103281621,TC #126,L,Closed,,CLOSED
237723.82,4665219.41,2095.2,ID103370561,TC #78,L,Closed,,CLOSED
245068.71,4691413.68,1635.6,ID103501747,BIRM #26,L,Closed,,CLOSED
245068.71,4691413.68,1635.6,ID103488833,BIRM #27,L,Closed,,CLOSED
244697.65,4691419.41,1698.1,ID103370725,BIRM #28,L,Closed,,CLOSED
244309.89,4691442.46,1635.6,ID103472162,BIRM #29,L,Closed,,CLOSED
244320.10,4691111.82,1730.4,ID103417982,BIRM #30,L,Closed,,CLOSED
244702.59,4691102.32,1698.6,ID103518873,BIRM #31,L,Closed,,CLOSED
245115.93,4691056.13,1634.7,ID103506946,BIRM #32,L,Closed,,CLOSED
245115.93,4691056.13,1634.7,ID102920236,BIRM #33,L,Closed,,CLOSED
244349.32,4690804.96,1805.3,ID103373591,BIRM #34,L,Closed,,CLOSED
244746.57,4690814.94,1674.3,ID103377494,BIRM #35,L,Closed,,CLOSED
231236.18,4683922.35,1709.9,ID103402258,MAG 1,L,Closed,,CLOSED
231236.18,4683922.35,1709.9,ID103290361,MAG 2,L,Closed,,CLOSED
231236.18,4683922.35,1709.9,ID102918458,MAG 3,L,Closed,,CLOSED
231236.18,4683922.35,1709.9,ID103481290,MAG 4,L,Closed,,CLOSED
231251.50,4683502.49,1761.2,ID103378412,MAG 5,L,Closed,,CLOSED
231251.50,4683502.49,1761.2,ID102919456,MAG 6,L,Closed,,CLOSED
231250.78,4683116.60,1688.9,ID103374705,MAG 7,L,Closed,,CLOSED
231250.78,4683116.60,1688.9,ID103299994,MAG 8,L,Closed,,CLOSED
231250.78,4683116.60,1688.9,ID103482212,MAG 9,L,Closed,,CLOSED
231250.78,4683116.60,1688.9,ID103370751,MAG 10,L,Closed,,CLOSED
231250.78,4683116.60,1688.9,ID103471356,MAG 11,L,Closed,,CLOSED
231250.78,4683116.60,1688.9,ID103487712,MAG 12,L,Closed,,CLOSED
231223.89,4682759.52,1636.7,ID103376959,MAG 13,L,Closed,,CLOSED
231223.89,4682759.52,1636.7,ID103222433,MAG 14,L,Closed,,CLOSED
231135.12,4682404.81,1756.5,ID103502686,MAG 15,L,Closed,,CLOSED
231135.12,4682404.81,1756.5,ID103287309,MAG 16,L,Closed,,CLOSED
231135.12,4682404.81,1756.5,ID103468084,MAG 17,L,Closed,,CLOSED
231135.12,4682404.81,1756.5,ID103284924,MAG 18,L,Closed,,CLOSED
231135.12,4682404.81,1756.5,ID103468208,MAG 19,L,Closed,,CLOSED
231128.79,4681915.71,1935.5,ID103297636,MAG 20,L,Closed,,CLOSED
231993.46,4683504.15,1603.0,ID103226793,MAG 21,L,Closed,,CLOSED
231966.10,4683133.74,1574.5,ID103452599,MAG 22,L,Closed,,CLOSED
231966.10,4683133.74,1574.5,ID102914704,MAG 23,L,Closed,,CLOSED
231966.10,4683133.74,1574.5,ID103467525,MAG 24,L,Closed,,CLOSED
231966.10,4683133.74,1574.5,ID103405689,MAG 25,L,Closed,,CLOSED
231966.10,4683133.74,1574.5,ID103141097,MAG 26,L,Closed,,CLOSED
231963.55,4682699.00,1649.6,ID103458921,MAG 27,L,Closed,,CLOSED
231963.55,4682699.00,1649.6,ID101464544,MAG 28,L,Closed,,CLOSED
231935.37,4682328.62,1668.3,ID103405541,MAG 29,L,Closed,,CLOSED
231935.37,4682328.62,1668.3,ID103453689,MAG 30,L,Closed,,CLOSED
231935.37,4682328.62,1668.3,ID102919281,MAG 31,L,Closed,,CLOSED
231935.37,4682328.62,1668.3,ID103482125,MAG 32,L,Closed,,CLOSED
231935.37,4682328.62,1668.3,ID103403568,MAG 33,L,Closed,,CLOSED
231935.37,4682328.62,1668.3,ID103289310,MAG 34,L,Closed,,CLOSED
231932.84,4681916.12,1788.6,ID103469335,MAG 35,L,Closed,,CLOSED
231935.37,4682328.62,1668.3,ID103483521,MAG 36,L,Closed,,CLOSED
231905.04,4681555.74,1889.6,ID103481076,MAG 37,L,Closed,,CLOSED
231905.04,4681555.74,1889.6,ID103453252,MAG 38,L,Closed,,CLOSED
231905.04,4681555.74,1889.6,ID102919594,MAG 39,L,Closed,,CLOSED
231905.04,4681555.74,1889.6,ID103299012,MAG 40,L,Closed,,CLOSED
231905.04,4681555.74,1889.6,ID103377565,MAG 41,L,Closed,,CLOSED
231905.04,4681555.74,1889.6,ID103222472,MAG 42,L,Closed,,CLOSED
231929.58,4681094.38,1920.6,ID103225535,MAG 43,L,Closed,,CLOSED
232826.19,4682634.99,1769.5,ID103273832,MAG 44,L,Closed,,CLOSED
232825.56,4682249.11,1698.8,ID103361749,MAG 45,L,Closed,,CLOSED
232825.56,4682249.11,1698.8,ID103242243,MAG 46,L,Closed,,CLOSED
232825.56,4682249.11,1698.8,ID102914013,MAG 47,L,Closed,,CLOSED
232825.56,4682249.11,1698.8,ID103324517,MAG 48,L,Closed,,CLOSED
232750.03,4681480.17,1664.5,ID103478713,MAG 49,L,Closed,,CLOSED
232750.03,4681480.17,1664.5,ID103371712,MAG 50,L,Closed,,CLOSED
232750.03,4681480.17,1664.5,ID103454143,MAG 51,L,Closed,,CLOSED
232750.03,4681480.17,1664.5,ID103516374,MAG 52,L,Closed,,CLOSED
232701.27,4681067.21,1802.1,ID103471178,MAG 53,L,Closed,,CLOSED
242732.18,4668704.60,1827.6,ID103016312,KL #1,L,Closed,,CLOSED
242732.18,4668704.60,1827.6,ID103467186,KL #2,L,Closed,,CLOSED
242813.97,4669426.62,1646.0,ID103419923,KL #3,L,Closed,,CLOSED
242813.97,4669426.62,1646.0,ID103292785,KL #4,L,Closed,,CLOSED
242431.73,4668727.80,1767.7,ID102917446,KL #5,L,Closed,,CLOSED
242732.18,4668704.60,1827.6,ID103326252,KL #6,L,Closed,,CLOSED
242427.00,4669119.39,1718.7,ID103507361,KL #7,L,Closed,,CLOSED
242427.00,4669119.39,1718.7,ID102917273,KL #8,L,Closed,,CLOSED
242540.89,4669359.86,1691.8,ID103118772,KL #9,L,Closed,,CLOSED
242409.76,4669848.35,1701.7,ID103410844,KL #10,L,Closed,,CLOSED
241961.69,4669432.18,1799.8,ID103455963,KL #11,L,Closed,,CLOSED
241961.69,4669432.18,1799.8,ID102920258,KL #12,L,Closed,,CLOSED
241905.92,4669943.50,1752.8,ID103020838,KL #13,L,Closed,,CLOSED
242311.30,4670143.28,1723.2,ID103299333,KL #14,L,Closed,,CLOSED
241484.12,4669883.34,1759.2,ID103522355,KL #15,L,Closed,,CLOSED
240385.95,4669908.13,1927.8,ID103014641,KL #16,L,Closed,,CLOSED
241931.11,4669433.30,1809.6,ID103019618,KL #17,L,Closed,,CLOSED
242431.73,4668727.80,1767.7,ID102917373,KL #18,L,Closed,,CLOSED
241930.62,4668628.25,1828.5,ID103362651,KL #19,L,Closed,,CLOSED
241960.82,4669046.36,1873.6,ID103326161,KL #20,L,Closed,,CLOSED
241456.05,4669140.46,1974.4,ID103275221,KL #21,L,Closed,,CLOSED
241961.69,4669432.18,1799.8,ID103408012,KL #22,L,Closed,,CLOSED
241578.76,4669507.36,1825.2,ID103369038,KL #23,L,Closed,,CLOSED
241484.12,4669883.34,1759.2,ID103515657,KL #24,L,Closed,,CLOSED
241929.75,4668242.43,1810.2,ID103020556,KL #25,L,Closed,,CLOSED
241929.75,4668242.43,1810.2,ID103300013,KL #26,L,Closed,,CLOSED
241452.55,4668683.57,1860.2,ID103227643,KL #27,L,Closed,,CLOSED
241930.62,4668628.25,1828.5,ID103181738,KL #28,L,Closed,,CLOSED
241072.22,4669169.00,1987.1,ID103321910,KL #29,L,Closed,,CLOSED
241456.05,4669140.46,1974.4,ID103474317,KL #30,L,Closed,,CLOSED
241161.39,4669523.78,1922.5,ID103306319,KL #31,L,Closed,,CLOSED
241161.39,4669523.78,1922.5,ID103143337,KL #32,L,Closed,,CLOSED
274157.54,4663713.48,2111.6,ID103226734,JOHNS GOLDEN DREAM,L,Closed,,CLOSED
274112.43,4663312.53,2081.8,ID103527437,JOHN GOLDEN DREAM,L,Closed,,CLOSED
244067.89,4684290.13,2006.5,ID103486860,GUARDIAN,L,Closed,,CLOSED
246838.43,4693444.40,1445.5,ID103141571,RG #1,L,Closed,,CLOSED
246838.43,4693444.40,1445.5,ID103297475,RG #2,L,Closed,,CLOSED
246458.87,4693462.59,1503.4,ID103376340,RG #3,L,Closed,,CLOSED
245982.36,4693423.16,1564.3,ID103114042,RG #4,L,Closed,,CLOSED
245947.86,4693040.79,1543.3,ID103468840,RG #5,L,Closed,,CLOSED
246393.57,4693094.68,1477.6,ID103467149,RG #6,L,Closed,,CLOSED
246748.15,4693091.84,1461.5,ID103486338,RG #7,L,Closed,,CLOSED
246748.15,4693091.84,1461.5,ID103362889,RG #8,L,Closed,,CLOSED
246800.00,4692199.29,1489.4,ID103472888,RG #9,L,Closed,,CLOSED
246800.00,4692199.29,1489.4,ID103293931,RG #10,L,Closed,,CLOSED
246417.55,4692230.92,1517.6,ID103358884,RG #11,L,Closed,,CLOSED
245914.64,4692330.33,1565.4,ID103478890,RG #12,L,Closed,,CLOSED
245894.41,4691727.27,1575.4,ID103296482,RG #13,L,Closed,,CLOSED
246311.71,4691677.66,1549.5,ID103300679,RG #14,L,Closed,,CLOSED
246695.79,4691690.45,1568.1,ID103490173,RG #15,L,Closed,,CLOSED
246695.79,4691690.45,1568.1,ID103273246,RG #16,L,Closed,,CLOSED
246667.56,4691343.42,1599.9,ID103370509,RG #17,L,Closed,,CLOSED
246667.56,4691343.42,1599.9,ID103349675,RG #18,L,Closed,,CLOSED
246294.11,4691351.38,1598.7,ID103505304,RG #19,L,Closed,,CLOSED
245866.92,4691379.11,1565.5,ID103489159,RG #20,L,Closed,,CLOSED
245115.93,4691056.13,1634.7,ID103472584,RG #21,L,Closed,,CLOSED
245115.93,4691056.13,1634.7,ID103456762,RG #22,L,Closed,,CLOSED
245688.22,4691001.96,1609.8,ID103344007,RG #23,L,Closed,,CLOSED
245916.87,4691050.38,1662.2,ID103282312,RG #24,L,Closed,,CLOSED
245916.87,4691050.38,1662.2,ID103143980,RG #25,L,Closed,,CLOSED
245916.87,4691050.38,1662.2,ID103526559,RG #26,L,Closed,,CLOSED
246363.66,4691016.39,1670.6,ID103401092,RG #27,L,Closed,,CLOSED
246743.86,4690989.29,1688.4,ID103243181,RG #28,L,Closed,,CLOSED
246743.86,4690989.29,1688.4,ID103526628,RG #29,L,Closed,,CLOSED
245594.52,4690807.44,1672.3,ID103456689,RG #30,L,Closed,,CLOSED
245162.08,4690351.68,1710.6,ID103282758,RG #31,L,Closed,,CLOSED
245162.08,4690351.68,1710.6,ID103274198,RG #32,L,Closed,,CLOSED
245162.08,4690351.68,1710.6,ID103412475,RG #33,L,Closed,,CLOSED
244735.73,4690449.49,1694.4,ID103375141,RG #34,L,Closed,,CLOSED
244337.29,4690407.31,1833.6,ID103379173,RG #35,L,Closed,,CLOSED
244337.29,4690407.31,1833.6,ID103366544,RG #36,L,Closed,,CLOSED
244281.46,4689917.85,1734.7,ID103466510,RG #37,L,Closed,,CLOSED
244281.46,4689917.85,1734.7,ID103407703,RG #38,L,Closed,,CLOSED
244664.68,4689903.87,1677.7,ID103503763,RG #39,L,Closed,,CLOSED
245124.62,4689843.76,1764.2,ID103224272,RG #40,L,Closed,,CLOSED
245124.62,4689843.76,1764.2,ID103308884,RG #41,L,Closed,,CLOSED
244662.34,4689454.72,1816.5,ID103476510,RG #42,L,Closed,,CLOSED
244277.71,4689453.18,1775.8,ID103299497,RG #43,L,Closed,,CLOSED
244277.71,4689453.18,1775.8,ID103452747,RG #44,L,Closed,,CLOSED
244277.71,4689453.18,1775.8,ID103116934,RG #45,L,Closed,,CLOSED
243956.07,4689527.20,1784.3,ID103372941,RG #46,L,Closed,,CLOSED
243923.47,4689899.79,1734.0,ID103375809,RG #47,L,Closed,,CLOSED
244281.46,4689917.85,1734.7,ID102915957,RG #48,L,Closed,,CLOSED
244337.29,4690407.31,1833.6,ID103299686,RG #49,L,Closed,,CLOSED
243973.60,4690458.40,1741.1,ID103407704,RG #50,L,Closed,,CLOSED
243995.99,4690867.91,1669.8,ID103503764,RG #51,L,Closed,,CLOSED
244349.32,4690804.96,1805.3,ID103225450,RG #52,L,Closed,,CLOSED
243988.30,4691153.97,1661.1,ID103524556,RG #53,L,Closed,,CLOSED
244320.10,4691111.82,1730.4,ID103326230,RG #54,L,Closed,,CLOSED
244320.10,4691111.82,1730.4,ID103502422,RG #55,L,Closed,,CLOSED
244309.89,4691442.46,1635.6,ID103488057,RG #56,L,Closed,,CLOSED
244309.89,4691442.46,1635.6,ID103364576,RG #57,L,Closed,,CLOSED
244714.54,4691746.83,1670.3,ID103321231,RG #58,L,Closed,,CLOSED
245096.28,4691762.95,1655.5,ID103243306,RG #59,L,Closed,,CLOSED
245096.28,4691762.95,1655.5,ID103249890,RG #60,L,Closed,,CLOSED
245096.28,4691762.95,1655.5,ID103521781,RG #61,L,Closed,,CLOSED
245201.50,4692273.96,1537.6,ID103403178,RG #62,L,Closed,,CLOSED
244819.84,4692304.55,1559.2,ID103248509,RG #63,L,Closed,,CLOSED
244801.13,4693171.46,1664.8,ID102919712,RG #64,L,Closed,,CLOSED
245153.26,4693124.16,1607.1,ID103463386,RG #65,L,Closed,,CLOSED
245153.26,4693124.16,1607.1,ID103329820,RG #66,L,Closed,,CLOSED
245189.75,4693492.01,1612.9,ID103342711,RG #67,L,Closed,,CLOSED
245189.75,4693492.01,1612.9,ID103454563,RG #68,L,Closed,,CLOSED
244871.45,4693539.19,1685.5,ID103329684,RG #69,L,Closed,,CLOSED
330043.64,4661436.85,2203.7,ID103374361,SUSE,L,Closed,,CLOSED
249759.82,4684131.58,1614.1,ID103229183,RATTLESNAKE #1,L,Closed,,CLOSED
274157.54,4663713.48,2111.6,ID103018851,JOHNS GOLDEN DREAM,L,Closed,,CLOSED
274112.43,4663312.53,2081.8,ID103521736,JOHNS GOLDEN DREAM 2,L,Closed,,CLOSED
288514.04,4683291.58,1686.9,ID103455636,OLD BOYS CLAIM #1,L,Closed,,CLOSED
288514.04,4683291.58,1686.9,ID103141376,OLD BOYS CLAIM #2,L,Closed,,CLOSED
289343.54,4684059.10,1762.5,ID103299779,OLD BOYS CLAIM #3,L,Closed,,CLOSED
284168.27,4697166.66,1708.4,ID103223651,D-J NO 1,L,Closed,,CLOSED
284168.27,4697166.66,1708.4,ID103523981,D-J NO 2,L,Closed,,CLOSED
284103.46,4697975.64,1678.8,ID103321212,D-J NO 3,L,Closed,,CLOSED
284168.27,4697166.66,1708.4,ID103350644,D-J NO 4,L,Closed,,CLOSED
284168.27,4697166.66,1708.4,ID103455849,D-J NO 5,L,Closed,,CLOSED
328573.75,4699147.64,1644.1,ID103455559,RATTLER #9,L,Closed,,CLOSED
328573.75,4699147.64,1644.1,ID103295835,RATTLER #10,L,Closed,,CLOSED
328573.75,4699147.64,1644.1,ID103228492,RATTLER #11,L,Closed,,CLOSED
328573.75,4699147.64,1644.1,ID103523006,RATTLER #12,L,Closed,,CLOSED
328575.48,4700693.15,1851.9,ID102269752,RATTLER #13,L,Closed,,CLOSED
328468.36,4699816.90,1741.1,ID103242909,RATTLER #14,L,Closed,,CLOSED
328575.48,4700693.15,1851.9,ID103420136,RATTLER #15,L,Closed,,CLOSED
328468.36,4699816.90,1741.1,ID103411670,RATTLER #16,L,Closed,,CLOSED
327627.71,4700739.83,1703.6,ID103295424,RATTLER #17,L,Closed,,CLOSED
327627.71,4700739.83,1703.6,ID103377520,RATTLER #18,L,Closed,,CLOSED
327627.71,4700739.83,1703.6,ID103221118,RATTLER #19,L,Closed,,CLOSED
327627.71,4700739.83,1703.6,ID103526067,RATTLER #20,L,Closed,,CLOSED
327627.71,4700739.83,1703.6,ID103456803,RATTLER #21,L,Closed,,CLOSED
327627.71,4700739.83,1703.6,ID103488369,RATTLER #22,L,Closed,,CLOSED
327627.71,4700739.83,1703.6,ID103228493,RATTLER #23,L,Closed,,CLOSED
327627.71,4700739.83,1703.6,ID103523007,RATTLER #24,L,Closed,,CLOSED
283760.89,4672625.98,2027.6,ID103285112,THUNDER MOUNTAIN #1,L,Closed,,CLOSED
283763.22,4672216.88,2151.1,ID103373194,THUNDER MT #1,L,Closed,,CLOSED
282079.98,4673878.21,2394.7,ID103328737,OLYMPIA 1,L,Closed,,CLOSED
282129.06,4675517.28,2413.8,ID101685135,OLYMPIA 2,L,Closed,,CLOSED
282105.96,4674744.38,2616.3,ID103143404,MT VIEW #1,L,Closed,,CLOSED
281721.58,4674769.63,2678.9,ID103288412,MT VIEW #2,L,Closed,,CLOSED
282087.34,4675210.68,2543.6,ID103064475,MT VIEW #3,L,Closed,,CLOSED
282548.22,4675040.82,2625.0,ID103469141,MT VIEW #4,L,Closed,,CLOSED
281807.81,4675124.87,2539.5,ID103484030,MT VIEW #5,L,Closed,,CLOSED
281807.81,4675124.87,2539.5,ID102914429,MT VIEW #6,L,Closed,,CLOSED
327276.88,4698700.71,1823.5,ID103490423,PALMER 105,L,Closed,,CLOSED
327227.10,4699184.16,1759.9,ID103367658,PALMER 106,L,Closed,,CLOSED
327227.10,4699184.16,1759.9,ID102918052,PALMER 107,L,Closed,,CLOSED
327227.10,4699184.16,1759.9,ID103371308,PALMER 108,L,Closed,,CLOSED
327393.92,4699605.60,1708.0,ID103242923,PALMER 109,L,Closed,,CLOSED
327320.80,4699944.07,1709.7,ID103229284,PALMER 110,L,Closed,,CLOSED
327320.80,4699944.07,1709.7,ID103527600,PALMER 111,L,Closed,,CLOSED
327320.80,4699944.07,1709.7,ID103115553,PALMER 113,L,Closed,,CLOSED
327344.68,4701075.71,1662.3,ID103452659,PALMER 118,L,Closed,,CLOSED
328120.27,4698348.79,1805.4,ID103274915,PALMER 204,L,Closed,,CLOSED
328194.25,4698812.52,1746.1,ID102269576,PALMER 205,L,Closed,,CLOSED
328265.93,4699149.65,1659.9,ID103325637,PALMER 208,L,Closed,,CLOSED
328181.74,4699475.05,1634.9,ID103377906,PALMER 209,L,Closed,,CLOSED
328073.25,4699916.61,1704.7,ID103474706,PALMER 211,L,Closed,,CLOSED
328073.25,4699916.61,1704.7,ID103466201,PALMER 212,L,Closed,,CLOSED
328073.25,4699916.61,1704.7,ID103408140,PALMER 213,L,Closed,,CLOSED
328021.51,4701056.78,1734.8,ID103307159,PALMER 218,L,Closed,,CLOSED
328503.19,4698386.04,1840.6,ID102915219,PALMER 304,L,Closed,,CLOSED
328531.78,4698846.45,1753.0,ID103462172,PALMER 305,L,Closed,,CLOSED
328575.48,4700693.15,1851.9,ID103485822,PALMER 315,L,Closed,,CLOSED
328575.48,4700693.15,1851.9,ID103289106,PALMER 316,L,Closed,,CLOSED
328851.52,4698389.72,1762.3,ID103368558,PALMER 403,L,Closed,,CLOSED
328851.52,4698389.72,1762.3,ID103274846,PALMER 404,L,Closed,,CLOSED
328801.86,4698782.05,1737.0,ID103511208,PALMER 405,L,Closed,,CLOSED
328849.41,4699076.44,1667.3,ID103471519,PALMER 408,L,Closed,,CLOSED
328863.42,4699379.43,1709.6,ID103367273,PALMER 409,L,Closed,,CLOSED
328780.89,4699840.34,1788.7,ID103282076,PALMER 411,L,Closed,,CLOSED
328780.89,4699840.34,1788.7,ID103286136,PALMER 412,L,Closed,,CLOSED
328931.97,4700698.85,1870.6,ID103366104,PALMER 415,L,Closed,,CLOSED
328931.97,4700698.85,1870.6,ID103240898,PALMER 416,L,Closed,,CLOSED
329188.49,4698400.36,1668.1,ID103501496,PALMER 503,L,Closed,,CLOSED
329188.49,4698400.36,1668.1,ID103448776,PALMER 504,L,Closed,,CLOSED
329187.97,4698749.26,1684.2,ID102916284,PALMER 505,L,Closed,,CLOSED
329241.26,4699043.51,1680.5,ID103524879,PALMER 506,L,Closed,,CLOSED
329241.26,4699043.51,1680.5,ID103401167,PALMER 507,L,Closed,,CLOSED
329241.26,4699043.51,1680.5,ID103226367,PALMER 508,L,Closed,,CLOSED
329261.76,4699343.01,1762.9,ID103289534,PALMER 509,L,Closed,,CLOSED
329271.71,4699918.32,1902.7,ID103522774,PALMER 510,L,Closed,,CLOSED
276256.50,4678489.39,2219.6,ID103229424,TWIN POT #1,L,Closed,,CLOSED
276193.49,4678119.02,2255.4,ID103283836,TWIN POT #2,L,Closed,,CLOSED
286898.44,4688283.19,2500.9,ID103141124,JRCR-1,L,Closed,,CLOSED
287250.24,4688269.17,2480.3,ID103469044,JRCR-2,L,Closed,,CLOSED
286859.37,4687785.32,2465.0,ID103436496,JRCR-3,L,Closed,,CLOSED
287191.20,4687791.91,2511.4,ID103366556,JRCR-4,L,Closed,,CLOSED
286841.09,4687346.84,2418.4,ID102920423,JRCR-5,L,Closed,,CLOSED
287821.07,4687370.46,2355.7,ID103403903,JRCR-6,L,Closed,,CLOSED
286841.09,4687346.84,2418.4,ID103377974,JRCR-7,L,Closed,,CLOSED
287198.86,4687364.87,2492.1,ID103489459,JRCR-8,L,Closed,,CLOSED
286841.09,4687346.84,2418.4,ID103062021,JRCR-9,L,Closed,,CLOSED
287198.86,4687364.87,2492.1,ID103116287,JRCR-10,L,Closed,,CLOSED
286815.55,4686940.81,2309.5,ID103483589,JRCR-11,L,Closed,,CLOSED
287308.87,4686884.71,2348.3,ID103507243,JRCR-12,L,Closed,,CLOSED
239374.51,4666769.57,1934.0,ID103401809,BADGER #1,L,Closed,,CLOSED
239374.51,4666769.57,1934.0,ID103369790,BADGER #2,L,Closed,,CLOSED
239374.51,4666769.57,1934.0,ID103142180,BADGER #3,L,Closed,,CLOSED
239374.51,4666769.57,1934.0,ID103294797,BADGER #4,L,Closed,,CLOSED
235568.30,4670883.40,2326.0,ID103378544,M & M #1,L,Closed,,CLOSED
235568.30,4670883.40,2326.0,ID103478788,M & M #2,L,Closed,,CLOSED
235568.30,4670883.40,2326.0,ID103294288,M & M #3,L,Closed,,CLOSED
235568.30,4670883.40,2326.0,ID103298426,M & M #4,L,Closed,,CLOSED
236175.92,4666838.38,2195.3,ID103060960,RED BLUFF #1,L,Closed,,CLOSED
236209.30,4667731.21,2231.3,ID103017093,RED BLUFF #2,L,Closed,,CLOSED
236175.92,4666838.38,2195.3,ID103468743,RED BLUFF #3,L,Closed,,CLOSED
236209.30,4667731.21,2231.3,ID103216972,RED BLUFF #4,L,Closed,,CLOSED
232371.33,4672693.35,2095.6,ID103511203,STANLEY #1,L,Closed,,CLOSED
232371.33,4672693.35,2095.6,ID103478925,STANLEY #2,L,Closed,,CLOSED
232371.33,4672693.35,2095.6,ID103418490,STANLEY #3,L,Closed,,CLOSED
232371.33,4672693.35,2095.6,ID103502558,STANLEY #4,L,Closed,,CLOSED
260050.63,4662777.86,1660.1,ID103462457,OURGLOW #1,L,Closed,,CLOSED
260050.63,4662777.86,1660.1,ID103294105,OURGLOW #2,L,Closed,,CLOSED
261364.08,4654472.29,1946.8,ID103292812,SGD #1,L,Closed,,CLOSED
261364.08,4654472.29,1946.8,ID103451674,SGD #2,L,Closed,,CLOSED
260852.73,4654528.44,1889.4,ID103460690,SGD #3,L,Closed,,CLOSED
260852.73,4654528.44,1889.4,ID103415431,SGD #4,L,Closed,,CLOSED
260852.73,4654528.44,1889.4,ID103283634,SGD #5,L,Closed,,CLOSED
260852.73,4654528.44,1889.4,ID103272699,SGD #6,L,Closed,,CLOSED
260880.90,4655289.01,1840.0,ID103450739,SGD #7,L,Closed,,CLOSED
260880.90,4655289.01,1840.0,ID103504108,SGD #8,L,Closed,,CLOSED
260880.90,4655289.01,1840.0,ID103478706,SGD #9,L,Closed,,CLOSED
260880.90,4655289.01,1840.0,ID103377374,SGD #10,L,Closed,,CLOSED
260912.12,4655673.71,1825.7,ID103473580,SGD #11,L,Closed,,CLOSED
261400.00,4655710.62,1909.7,ID103372772,SGD #12,L,Closed,,CLOSED
261332.84,4655341.58,1884.1,ID103406599,SGD #13,L,Closed,,CLOSED
261332.84,4655341.58,1884.1,ID103502901,SGD #14,L,Closed,,CLOSED
261332.84,4655341.58,1884.1,ID103226227,SGD #15,L,Closed,,CLOSED
261332.84,4655341.58,1884.1,ID103523015,SGD #16,L,Closed,,CLOSED
261751.84,4654439.22,1958.6,ID103323730,SGD #17,L,Closed,,CLOSED
261751.84,4654439.22,1958.6,ID103481974,SGD #18,L,Closed,,CLOSED
263000.02,4656406.17,2007.9,ID102918178,SGD #19,L,Closed,,CLOSED
262629.36,4656401.91,1966.4,ID103470941,SGD #20,L,Closed,,CLOSED
262625.51,4656015.17,1941.7,ID103515831,SGD #21,L,Closed,,CLOSED
262625.51,4656015.17,1941.7,ID103470029,SGD #22,L,Closed,,CLOSED
262625.51,4656015.17,1941.7,ID103347075,SGD #23,L,Closed,,CLOSED
262238.59,4656045.94,1906.7,ID103146437,SGD #24,L,Closed,,CLOSED
261689.48,4655247.30,1900.4,ID103403097,SGD #25,L,Closed,,CLOSED
261689.48,4655247.30,1900.4,ID103469969,SGD #26,L,Closed,,CLOSED
261724.80,4655631.87,1942.8,ID103362268,SGD #27,L,Closed,,CLOSED
262209.62,4655676.72,1993.9,ID103466170,SGD #28,L,Closed,,CLOSED
262141.61,4655305.47,1938.6,ID103440088,SGD #29,L,Closed,,CLOSED
262141.61,4655305.47,1938.6,ID103347905,SGD #30,L,Closed,,CLOSED
262498.32,4655213.46,1999.3,ID103329623,SGD #31,L,Closed,,CLOSED
262498.32,4655213.46,1999.3,ID103415453,SGD #32,L,Closed,,CLOSED
262531.95,4655598.09,2046.8,ID103293061,SGD #33,L,Closed,,CLOSED
262920.04,4655601.76,1993.8,ID103113877,SGD #34,L,Closed,,CLOSED
262886.40,4655216.02,2027.0,ID103372370,SGD #35,L,Closed,,CLOSED
262886.40,4655216.02,2027.0,ID103449697,SGD #36,L,Closed,,CLOSED
262886.40,4655216.02,2027.0,ID103366287,SGD #37,L,Closed,,CLOSED
262887.28,4654821.35,2044.4,ID103362729,SGD #38,L,Closed,,CLOSED
262887.28,4654821.35,2044.4,ID103243545,SGD #39,L,Closed,,CLOSED
262859.70,4654443.19,2080.3,ID103488928,SGD #40,L,Closed,,CLOSED
262859.70,4654443.19,2080.3,ID103366455,SGD #41,L,Closed,,CLOSED
262859.70,4654443.19,2080.3,ID103362293,SGD #42,L,Closed,,CLOSED
262472.89,4654455.03,2034.4,ID103118091,SGD #43,L,Closed,,CLOSED
262472.89,4654455.03,2034.4,ID103374268,SGD #44,L,Closed,,CLOSED
262472.89,4654455.03,2034.4,ID103139802,SGD #45,L,Closed,,CLOSED
262499.41,4654825.45,2002.3,ID103019032,SGD #46,L,Closed,,CLOSED
262238.59,4656045.94,1906.7,ID103344638,SGD #47,L,Closed,,CLOSED
262238.59,4656045.94,1906.7,ID103523430,SGD #48,L,Closed,,CLOSED
262240.84,4656433.84,1940.8,ID103380221,SGD #49,L,Closed,,CLOSED
262249.94,4656852.65,1935.3,ID103511433,SGD #50,L,Closed,,CLOSED
262249.94,4656852.65,1935.3,ID103478823,SGD #51,L,Closed,,CLOSED
262249.94,4656852.65,1935.3,ID103420720,SGD #52,L,Closed,,CLOSED
262249.94,4656852.65,1935.3,ID103139567,SGD #53,L,Closed,,CLOSED
261865.29,4656851.12,1895.4,ID103019272,SGD #54,L,Closed,,CLOSED
261865.29,4656851.12,1895.4,ID103463512,SGD #55,L,Closed,,CLOSED
261865.29,4656851.12,1895.4,ID103296846,SGD #56,L,Closed,,CLOSED
261865.29,4656851.12,1895.4,ID103221721,SGD #57,L,Closed,,CLOSED
261793.25,4656434.44,1889.8,ID103527174,SGD #58,L,Closed,,CLOSED
261773.66,4656049.34,1902.7,ID103015662,SGD #59,L,Closed,,CLOSED
261773.66,4656049.34,1902.7,ID103225390,SGD #60,L,Closed,,CLOSED
261773.66,4656049.34,1902.7,ID103364273,SGD #61,L,Closed,,CLOSED
261399.28,4656083.06,1895.7,ID103412188,SGD #62,L,Closed,,CLOSED
261399.28,4656083.06,1895.7,ID103292622,SGD #63,L,Closed,,CLOSED
261399.28,4656083.06,1895.7,ID103330439,SGD #64,L,Closed,,CLOSED
261409.82,4656469.58,1815.4,ID103522339,SGD #65,L,Closed,,CLOSED
261472.78,4656886.57,1858.7,ID103118151,SGD #66,L,Closed,,CLOSED
261472.78,4656886.57,1858.7,ID103487808,SGD #67,L,Closed,,CLOSED
261472.78,4656886.57,1858.7,ID103286391,SGD #68,L,Closed,,CLOSED
261472.78,4656886.57,1858.7,ID103365034,SGD #69,L,Closed,,CLOSED
260955.84,4656944.03,1797.7,ID103243319,SGD #70,L,Closed,,CLOSED
260955.84,4656944.03,1797.7,ID103294395,SGD #71,L,Closed,,CLOSED
260955.84,4656944.03,1797.7,ID103409228,SGD #72,L,Closed,,CLOSED
260955.84,4656944.03,1797.7,ID103364274,SGD #73,L,Closed,,CLOSED
260949.46,4656509.57,1844.0,ID103412189,SGD #74,L,Closed,,CLOSED
260917.90,4656139.32,1835.2,ID103459256,SGD #75,L,Closed,,CLOSED
260917.90,4656139.32,1835.2,ID103171471,SGD #76,L,Closed,,CLOSED
260917.90,4656139.32,1835.2,ID103081391,SGD #77,L,Closed,,CLOSED
260102.53,4655757.79,1798.4,ID103293926,SGD #78,L,Closed,,CLOSED
260102.53,4655757.79,1798.4,ID103452279,SGD #79,L,Closed,,CLOSED
260102.53,4655757.79,1798.4,ID103114789,SGD #80,L,Closed,,CLOSED
260102.53,4655757.79,1798.4,ID103145245,SGD #81,L,Closed,,CLOSED
260108.02,4656237.87,1773.4,ID103019352,SGD #82,L,Closed,,CLOSED
260108.02,4656237.87,1773.4,ID103284502,SGD #83,L,Closed,,CLOSED
260108.02,4656237.87,1773.4,ID103475842,SGD #84,L,Closed,,CLOSED
260108.02,4656237.87,1773.4,ID103369134,SGD #85,L,Closed,,CLOSED
260165.74,4657378.76,1729.6,ID103477174,SGD #86,L,Closed,,CLOSED
260165.74,4657378.76,1729.6,ID103455363,SGD #87,L,Closed,,CLOSED
260165.74,4657378.76,1729.6,ID103488513,SGD #88,L,Closed,,CLOSED
260165.74,4657378.76,1729.6,ID103472580,SGD #89,L,Closed,,CLOSED
260984.51,4657326.60,1822.0,ID103113105,SGD #90,L,Closed,,CLOSED
261470.48,4657285.75,1889.1,ID103298024,SGD #91,L,Closed,,CLOSED
262005.09,4664349.31,1896.7,ID103374586,CC #1,L,Closed,,CLOSED
262451.88,4664364.28,1969.1,ID103482752,CC #2,L,Closed,,CLOSED
262451.88,4664364.28,1969.1,ID103143355,CC #4,L,Closed,,CLOSED
262033.32,4663884.78,1937.1,ID103325984,CC #5,L,Closed,,CLOSED
262451.88,4664364.28,1969.1,ID103282962,CC #6,L,Closed,,CLOSED
262033.32,4663884.78,1937.1,ID103456493,CC #7,L,Closed,,CLOSED
262484.49,4663930.73,1959.9,ID103282752,CC #8,L,Closed,,CLOSED
262424.09,4663562.57,1991.2,ID103113175,CC #9,L,Closed,,CLOSED
262575.61,4663833.18,1992.1,ID103463116,CC #10,L,Closed,,CLOSED
262424.09,4663562.57,1991.2,ID103454991,CC #11,L,Closed,,CLOSED
262779.54,4663519.49,2010.7,ID102918276,CC #12,L,Closed,,CLOSED
262424.09,4663562.57,1991.2,ID103460883,CC #13,L,Closed,,CLOSED
262779.54,4663519.49,2010.7,ID103405727,CC #14,L,Closed,,CLOSED
262360.80,4663084.44,2004.8,ID102915333,CC #15,L,Closed,,CLOSED
262779.54,4663519.49,2010.7,ID103453576,CC #16,L,Closed,,CLOSED
262451.89,4662985.77,2007.3,ID103172852,CC #17,L,Closed,,CLOSED
262839.26,4663053.91,2063.7,ID103483013,CC #18,L,Closed,,CLOSED
262332.95,4662699.61,2040.4,ID102270191,CC #19,L,Closed,,CLOSED
263113.69,4662964.66,2049.1,ID103328687,CC #20,L,Closed,,CLOSED
262840.43,4662669.22,2126.4,ID103476640,CC #21,L,Closed,,CLOSED
263198.28,4662671.67,2076.4,ID103147136,CC #22,L,Closed,,CLOSED
262840.43,4662669.22,2126.4,ID103112324,CC #23,L,Closed,,CLOSED
263198.28,4662671.67,2076.4,ID103020548,CC #24,L,Closed,,CLOSED
262825.89,4662137.21,2248.2,ID103294207,CC #25,L,Closed,,CLOSED
263198.28,4662671.67,2076.4,ID103221996,CC #26,L,Closed,,CLOSED
262825.89,4662137.21,2248.2,ID103526234,CC #27,L,Closed,,CLOSED
263226.77,4662088.19,2174.5,ID103403171,CC #28,L,Closed,,CLOSED
263226.40,4661755.81,2270.1,ID103277807,CC #29,L,Closed,,CLOSED
263300.35,4662010.13,2178.6,ID103484302,CC #30,L,Closed,,CLOSED
262882.06,4665166.93,1857.6,ID103285406,CC #31,L,Closed,,CLOSED
263128.35,4664759.56,1904.3,ID103082021,CC #32,L,Closed,,CLOSED
262805.80,4664276.79,1938.4,ID103118075,CC #33,L,Closed,,CLOSED
263219.46,4664662.01,1927.5,ID103469173,CC #34,L,Closed,,CLOSED
262805.80,4664276.79,1938.4,ID103456152,CC #35,L,Closed,,CLOSED
263191.65,4664277.18,1964.8,ID103401283,CC #36,L,Closed,,CLOSED
263191.65,4664277.18,1964.8,ID103452884,CC #37,L,Closed,,CLOSED
263191.65,4664277.18,1964.8,ID103523936,CC #38,L,Closed,,CLOSED
263101.41,4663981.16,1984.7,ID103306750,CC #39,L,Closed,,CLOSED
263699.84,4664246.82,1992.2,ID102919871,CC #40,L,Closed,,CLOSED
263192.53,4663883.61,1989.8,ID103462602,CC #41,L,Closed,,CLOSED
263673.86,4663890.84,2048.2,ID103480891,CC #42,L,Closed,,CLOSED
263164.99,4663506.56,1999.5,ID103452576,CC #43,L,Closed,,CLOSED
263673.86,4663890.84,2048.2,ID103017007,CC #44,L,Closed,,CLOSED
263164.99,4663506.56,1999.5,ID103405289,CC #45,L,Closed,,CLOSED
263585.83,4663536.93,2016.9,ID103295603,CC #46,L,Closed,,CLOSED
263164.99,4663506.56,1999.5,ID103488867,CC #47,L,Closed,,CLOSED
263585.83,4663536.93,2016.9,ID103066950,CC #48,L,Closed,,CLOSED
263356.63,4663146.62,2044.1,ID103462978,CC #49,L,Closed,,CLOSED
264092.00,4663444.41,2075.1,ID103380669,CC #50,L,Closed,,CLOSED
263644.16,4663028.05,2041.2,ID103502458,CC #51,L,Closed,,CLOSED
263924.08,4663127.63,2069.5,ID103223305,CC #52,L,Closed,,CLOSED
263644.58,4662644.50,2094.2,ID103307714,CC #53,L,Closed,,CLOSED
264064.76,4663075.13,2098.2,ID103142613,CC #54,L,Closed,,CLOSED
263644.58,4662644.50,2094.2,ID103375050,CC #55,L,Closed,,CLOSED
264004.43,4662706.96,2036.9,ID103065597,CC #56,L,Closed,,CLOSED
263644.58,4662644.50,2094.2,ID103018452,CC #57,L,Closed,,CLOSED
264004.43,4662706.96,2036.9,ID103465332,CC #58,L,Closed,,CLOSED
263855.75,4662222.78,2113.2,ID103472994,CC #59,L,Closed,,CLOSED
264004.43,4662706.96,2036.9,ID103481719,CC #60,L,Closed,,CLOSED
263596.52,4661752.31,2171.7,ID103272476,CC #61,L,Closed,,CLOSED
332101.44,4659922.25,1733.8,ID103290109,PEP 7 FRACTION,L,Closed,,CLOSED
283255.34,4672263.61,2064.3,ID103522341,THUNDER MOUNTAIN #1,L,Closed,,CLOSED
254366.96,4655799.88,1569.5,ID103458109,GOLDEN #1,L,Closed,,CLOSED
255171.22,4655777.59,1526.9,ID103119039,GOLDEN #6,L,Closed,,CLOSED
255171.22,4655777.59,1526.9,ID103119244,GOLDEN #7,L,Closed,,CLOSED
255679.41,4655704.45,1619.0,ID103521658,GOLDEN #8,L,Closed,,CLOSED
256781.72,4655597.58,1645.2,ID103361508,GOLDEN #9,L,Closed,,CLOSED
254874.32,4656205.89,1520.8,ID103470382,GOLDEN #13,L,Closed,,CLOSED
255196.47,4656148.05,1561.2,ID103293624,GOLDEN #14,L,Closed,,CLOSED
255196.47,4656148.05,1561.2,ID103224605,GOLDEN #15,L,Closed,,CLOSED
255196.47,4656148.05,1561.2,ID103368974,GOLDEN #16,L,Closed,,CLOSED
255676.97,4656090.32,1580.9,ID103414990,GOLDEN #17,L,Closed,,CLOSED
254395.60,4656649.41,1509.4,ID103346529,GOLDEN #19,L,Closed,,CLOSED
254395.60,4656649.41,1509.4,ID103378621,GOLDEN #20,L,Closed,,CLOSED
254902.06,4656576.27,1552.5,ID102914478,GOLDEN #21,L,Closed,,CLOSED
255285.10,4656529.66,1561.8,ID103297086,GOLDEN #22,L,Closed,,CLOSED
255285.10,4656529.66,1561.8,ID103457491,GOLDEN #23,L,Closed,,CLOSED
329624.11,4660718.12,2376.9,ID103350356,FERRUGINOUS HAWK 6,L,Closed,,CLOSED
330043.64,4661436.85,2203.7,ID103283913,LITTLE SUSE,L,Closed,,CLOSED
330915.94,4660503.78,1966.9,ID102920430,VIRGINIA 2 FRACTION,L,Closed,,CLOSED
330611.55,4660546.62,2028.7,ID103405086,VIRGINIA 3 FRACTION,L,Closed,,CLOSED
268684.69,4669592.19,1702.4,ID103409252,MAYA #1,L,Closed,,CLOSED
268684.69,4669592.19,1702.4,ID103473228,MAYA #2,L,Closed,,CLOSED
268684.69,4669592.19,1702.4,ID101685789,MAYA #3,L,Closed,,CLOSED
275434.03,4680569.83,1835.0,ID103371795,LIBERTY BELL L1,L,Closed,,CLOSED
288679.06,4686001.90,1994.4,ID103117771,DIME,L,Closed,,CLOSED
288655.77,4685913.69,1973.5,ID103404469,IDEAL,L,Closed,,CLOSED
288808.37,4686049.13,1979.9,ID103523383,IDAHO,L,Closed,,CLOSED
288633.13,4686476.77,2093.9,ID103015692,DOLLAR,L,Closed,,CLOSED
289037.54,4685849.95,1907.1,ID102914699,MISSION,L,Closed,,CLOSED
289223.51,4685887.71,1883.7,ID103467527,MILLSITE,L,Closed,,CLOSED
289037.54,4685849.95,1907.1,ID103405685,LAURA,L,Closed,,CLOSED
289223.51,4685887.71,1883.7,ID103141093,MASTEDON,L,Closed,,CLOSED
288941.89,4685879.51,1926.4,ID103279518,DANDY,L,Closed,,CLOSED
288655.77,4685913.69,1973.5,ID103483968,RANDY,L,Closed,,CLOSED
288633.13,4686476.77,2093.9,ID103438697,COMFORT,L,Closed,,CLOSED
289223.51,4685887.71,1883.7,ID102918807,GALT,L,Closed,,CLOSED
287897.31,4686563.45,2171.1,ID103112603,GOLD RIDGE #1,L,Closed,,CLOSED
287897.31,4686563.45,2171.1,ID103371514,GOLD RIDGE #2,L,Closed,,CLOSED
287897.31,4686563.45,2171.1,ID103150641,GOLD RIDGE #3,L,Closed,,CLOSED
287897.31,4686563.45,2171.1,ID103115265,GOLD RIDGE #4,L,Closed,,CLOSED
287670.30,4685742.27,2117.4,ID103299893,GOLD RIDGE #5,L,Closed,,CLOSED
287670.30,4685742.27,2117.4,ID103068914,GOLD RIDGE #6,L,Closed,,CLOSED
288065.66,4686537.24,2130.9,ID103471098,BADGER #1,L,Closed,,CLOSED
288258.88,4686077.93,2007.3,ID103475372,BADGER #2,L,Closed,,CLOSED
288372.79,4685887.76,1964.4,ID103420786,BADGER #3,L,Closed,,CLOSED
287857.48,4688191.85,2472.6,ID103503323,GOLD CREST,L,Closed,,CLOSED
288448.97,4688166.19,2477.1,ID103289551,GOLD CREST #1,L,Closed,,CLOSED
287821.07,4687370.46,2355.7,ID103329771,GOLD CREST #2,L,Closed,,CLOSED
287775.71,4687370.72,2363.7,ID103294293,GOLD CREST #3,L,Closed,,CLOSED
287821.07,4687370.46,2355.7,ID103299192,GOLD CREST #4,L,Closed,,CLOSED
287775.71,4687370.72,2363.7,ID103227605,GOLD CREST #5,L,Closed,,CLOSED
287821.07,4687370.46,2355.7,ID103282723,GOLD CREST #6,L,Closed,,CLOSED
287775.71,4687370.72,2363.7,ID102920622,GOLD CREST #7,L,Closed,,CLOSED
287821.07,4687370.46,2355.7,ID103323718,GOLD CREST #8,L,Closed,,CLOSED
287775.71,4687370.72,2363.7,ID103481091,GOLD CREST #9,L,Closed,,CLOSED
287873.30,4686860.94,2219.7,ID102914538,GOLD CREST #10,L,Closed,,CLOSED
288014.25,4687020.06,2240.9,ID103458373,GOLD CREST #11,L,Closed,,CLOSED
288655.77,4685913.69,1973.5,ID103279383,FRACTION #1,L,Closed,,CLOSED
288633.13,4686476.77,2093.9,ID103484969,FRACTION #2,L,Closed,,CLOSED
288692.98,4687942.09,2504.2,ID103282540,FRACTION #3,L,Closed,,CLOSED
288725.51,4688145.62,2471.0,ID103273527,BOUNDRY,L,Closed,,CLOSED
288692.98,4687942.09,2504.2,ID103485391,MCINTYRE,L,Closed,,CLOSED
288679.06,4686001.90,1994.4,ID103401875,ELF,L,Closed,,CLOSED
325513.28,4661636.14,2186.0,ID103363232,MOUNTAIN TOP #1,L,Closed,,CLOSED
325513.28,4661636.14,2186.0,ID103457047,MOUNTAIN TOP #2,L,Closed,,CLOSED
325513.28,4661636.14,2186.0,ID103456780,MOUNTAIN TOP #3,L,Closed,,CLOSED
269494.23,4669631.27,1802.5,ID103524282,MAYA #4,L,Closed,,CLOSED
269494.23,4669631.27,1802.5,ID103114466,MAYA #5,L,Closed,,CLOSED
269494.23,4669631.27,1802.5,ID103478490,MAYA #6,L,Closed,,CLOSED
269494.23,4669631.27,1802.5,ID103465697,MAYA #7,L,Closed,,CLOSED
269494.23,4669631.27,1802.5,ID103403458,MAYA #8,L,Closed,,CLOSED
269560.83,4670352.77,1828.9,ID103472466,MAYA #9,L,Closed,,CLOSED
269560.83,4670352.77,1828.9,ID102913456,MAYA #10,L,Closed,,CLOSED
269560.83,4670352.77,1828.9,ID103481355,MAYA #11,L,Closed,,CLOSED
269560.83,4670352.77,1828.9,ID103379199,MAYA #12,L,Closed,,CLOSED
269560.83,4670352.77,1828.9,ID103450756,MAYA #13,L,Closed,,CLOSED
270342.26,4670319.48,1884.5,ID103084045,MAYA #14,L,Closed,,CLOSED
270342.26,4670319.48,1884.5,ID103019793,MAYA #15,L,Closed,,CLOSED
270342.26,4670319.48,1884.5,ID103420816,MAYA #16,L,Closed,,CLOSED
324380.42,4656273.31,1904.0,ID103485288,FORMATION NO. 12,L,Closed,,CLOSED
324384.57,4656707.63,1996.8,ID103375596,FORMATION NO. 13,L,Closed,,CLOSED
284488.28,4697979.32,1702.6,ID103018277,D & W #1,L,Closed,,CLOSED
284168.27,4697166.66,1708.4,ID103462926,D & W #2,L,Closed,,CLOSED
284168.27,4697166.66,1708.4,ID103485804,D & W #3,L,Closed,,CLOSED
284168.27,4697166.66,1708.4,ID103309409,D & W #4,L,Closed,,CLOSED
284168.27,4697166.66,1708.4,ID103527417,D & W #5,L,Closed,,CLOSED
330465.86,4662305.52,2084.4,ID103247248,BP NO. 694,L,Closed,,CLOSED
329943.62,4659136.11,2053.0,ID103114829,BP NO. 695,L,Closed,,CLOSED
332002.31,4659129.12,1771.4,ID103146796,BP NO. 696,L,Closed,,CLOSED
331150.64,4658373.92,1761.8,ID103412619,BP NO. 697,L,Closed,,CLOSED
329455.37,4659590.05,2202.5,ID103326669,FERRUGINOUS HAWK #18,L,Closed,,CLOSED
329961.38,4659874.51,2176.6,ID102929867,FERRUGINOUS HAWK #19,L,Closed,,CLOSED
331331.05,4662221.49,1921.5,ID103409112,JUNIPER #8,L,Closed,,CLOSED
330822.12,4662220.32,2032.4,ID103363387,JUNIPER #9,L,Closed,,CLOSED
330822.12,4662220.32,2032.4,ID103321197,JUNIPER #10,L,Closed,,CLOSED
330822.12,4662220.32,2032.4,ID103482034,JUNIPER #11,L,Closed,,CLOSED
332907.17,4659341.00,1647.5,ID103474086,PEP #34,L,Closed,,CLOSED
330329.31,4659132.40,1991.6,ID103297939,SEPTEMBER NO.22,L,Closed,,CLOSED
283568.05,4681881.78,1723.1,ID103372214,FRANKLIN NO 4,L,Closed,,CLOSED
283518.97,4681602.08,1766.3,ID103069000,FRANKLIN NO 1,L,Closed,,CLOSED
283518.97,4681602.08,1766.3,ID103472505,FRANKLIN NO 2,L,Closed,,CLOSED
283568.05,4681881.78,1723.1,ID103476184,FRANKLIN NO 3,L,Closed,,CLOSED
331710.39,4662583.52,1911.6,ID103246100,BP NO. 698,L,Closed,,CLOSED
331715.30,4662198.99,1829.0,ID103460781,JUNIPER #12,L,Closed,,CLOSED
331715.30,4662198.99,1829.0,ID103513674,JUNIPER #13,L,Closed,,CLOSED
329197.18,4661546.14,2153.9,ID103348181,FERRUGINOUS HAWK #20,L,Closed,,CLOSED
332082.07,4662590.23,1829.7,ID103453662,PEP #35,L,Closed,,CLOSED
332516.53,4662627.69,1751.9,ID103490134,PEP #36,L,Closed,,CLOSED
329672.59,4661459.11,2352.0,ID103460302,PINE #30,L,Closed,,CLOSED
286229.70,4687398.80,2358.4,ID103518901,BUCKS,L,Closed,,CLOSED
260050.63,4662777.86,1660.1,ID103068026,OURGLOW #1,L,Closed,,CLOSED
288065.66,4686537.24,2130.9,ID103460734,FLAGSTAFF,L,Closed,,CLOSED
288065.66,4686537.24,2130.9,ID103323017,EXCELSOR,L,Closed,,CLOSED
288065.66,4686537.24,2130.9,ID103018741,INDEPENDANCE,L,Closed,,CLOSED
260558.35,4656194.83,1781.3,ID103363923,AMPA 1,L,Closed,,CLOSED
260955.84,4656944.03,1797.7,ID103272226,AMPA 2,L,Closed,,CLOSED
260715.79,4656462.99,1849.0,ID103519876,AMPA 3,L,Closed,,CLOSED
260955.84,4656944.03,1797.7,ID103377056,AMPA 4,L,Closed,,CLOSED
260949.46,4656509.57,1844.0,ID103082316,AMPA 5,L,Closed,,CLOSED
260949.46,4656509.57,1844.0,ID103295993,AMPA 6,L,Closed,,CLOSED
260917.90,4656139.32,1835.2,ID103359504,CAROL 7,L,Closed,,CLOSED
261250.79,4656596.12,1802.8,ID103367534,CAROL 8,L,Closed,,CLOSED
260917.90,4656139.32,1835.2,ID103289928,AMPA 9,L,Closed,,CLOSED
261502.61,4656369.74,1829.0,ID103482964,AMPA 10,L,Closed,,CLOSED
261399.28,4656083.06,1895.7,ID103506292,AMPA 11,L,Closed,,CLOSED
261399.28,4656083.06,1895.7,ID103273663,AMPA 12,L,Closed,,CLOSED
260623.92,4656565.04,1806.1,ID103460230,AMPA 1,L,Closed,,CLOSED
260955.84,4656944.03,1797.7,ID103111690,AMPA 2,L,Closed,,CLOSED
260623.92,4656565.04,1806.1,ID103410659,AMPA 3,L,Closed,,CLOSED
260955.84,4656944.03,1797.7,ID103438737,AMPA 4,L,Closed,,CLOSED
260949.46,4656509.57,1844.0,ID103457147,AMPA 5,L,Closed,,CLOSED
260955.84,4656944.03,1797.7,ID101683999,AMPA 6,L,Closed,,CLOSED
260917.90,4656139.32,1835.2,ID103483950,CAROL 7,L,Closed,,CLOSED
261250.79,4656596.12,1802.8,ID103401278,CAROL 8,L,Closed,,CLOSED
260917.90,4656139.32,1835.2,ID103290435,AMPA 9,L,Closed,,CLOSED
261409.82,4656469.58,1815.4,ID103463913,AMPA 10,L,Closed,,CLOSED
261399.28,4656083.06,1895.7,ID103485029,AMPA 11,L,Closed,,CLOSED
261502.61,4656369.74,1829.0,ID103485855,AMPA 12,L,Closed,,CLOSED
260679.48,4655658.23,1827.8,ID103457640,AMPA 13,L,Closed,,CLOSED
260912.12,4655673.71,1825.7,ID103321909,AMPA 14,L,Closed,,CLOSED
260912.12,4655673.71,1825.7,ID103407090,AMPA 15,L,Closed,,CLOSED
278784.68,4681984.15,1895.8,ID103141352,FLAT CANYON #1,L,Closed,,CLOSED
260108.02,4656237.87,1773.4,ID103070348,AMPA 16,L,Closed,,CLOSED
260108.02,4656237.87,1773.4,ID103288870,AMPA 17,L,Closed,,CLOSED
260558.35,4656194.83,1781.3,ID103344789,AMPA 18,L,Closed,,CLOSED
260588.42,4655760.25,1823.7,ID103324631,AMPA 19,L,Closed,,CLOSED
260108.02,4656237.87,1773.4,ID103474831,AMPA 20,L,Closed,,CLOSED
261400.00,4655710.62,1909.7,ID103520072,AMPA 21,L,Closed,,CLOSED
260711.11,4659412.52,1809.8,ID103350309,EMY 1,L,Closed,,CLOSED
261087.91,4659382.00,1841.2,ID103417974,EMY 2,L,Closed,,CLOSED
260711.11,4659412.52,1809.8,ID102919567,EMY 3,L,Closed,,CLOSED
261087.91,4659382.00,1841.2,ID103294717,EMY 4,L,Closed,,CLOSED
260708.89,4660277.51,1777.8,ID103376943,EMY 5,L,Closed,,CLOSED
261069.47,4660185.28,1839.6,ID103459744,EMY 6,L,Closed,,CLOSED
260708.89,4660277.51,1777.8,ID103286573,EMY 7,L,Closed,,CLOSED
261069.47,4660185.28,1839.6,ID103349421,EMY 8,L,Closed,,CLOSED
260050.63,4662777.86,1660.1,ID103307837,OURGLOW #1,L,Closed,,CLOSED
272369.81,4657866.13,1937.2,ID103272694,TUNGSTEN CHIEF,L,Closed,,CLOSED
272369.81,4657866.13,1937.2,ID103420835,TUNGSTEN CHIEF NO 2,L,Closed,,CLOSED
272338.61,4658287.31,1929.8,ID103246060,TUNGSTEN CHIEF NO 3,L,Closed,,CLOSED
276987.75,4679352.08,2150.9,ID103223842,CUSTOM ROCK & STONE,L,Closed,,CLOSED
277922.10,4679694.87,2150.8,ID103225569,CUST ROCK&STONE EX#1,L,Closed,,CLOSED
277476.53,4679735.64,2198.9,ID103225570,CUST ROCK&STONE EX#2,L,Closed,,CLOSED
328411.43,4662280.68,2141.5,ID103433400,SILVER HILLS #7,L,Closed,20.66,CLOSED
328445.90,4661859.87,2017.6,ID103433401,SILVER HILLS #8,L,Closed,20.66,CLOSED
301166.61,4672875.48,1573.2,ID103509889,AC 1,L,Closed,,CLOSED
301169.77,4672489.77,1584.0,ID103509890,AC 2,L,Closed,,CLOSED
301166.61,4672875.48,1573.2,ID103509891,AC 3,L,Closed,,CLOSED
301169.77,4672489.77,1584.0,ID103509892,AC 4,L,Closed,,CLOSED
301166.61,4672875.48,1573.2,ID103509893,AC 5,L,Closed,,CLOSED
301169.77,4672489.77,1584.0,ID103509894,AC 6,L,Closed,,CLOSED
301166.61,4672875.48,1573.2,ID103509895,AC 7,L,Closed,,CLOSED
301169.77,4672489.77,1584.0,ID103509896,AC 8,L,Closed,,CLOSED
301908.54,4672894.58,1543.6,ID103509897,AC 9,L,Closed,,CLOSED
301884.89,4672524.07,1538.1,ID103509898,AC 10,L,Closed,,CLOSED
301908.54,4672894.58,1543.6,ID103509899,AC 11,L,Closed,,CLOSED
301884.89,4672524.07,1538.1,ID103510841,AC 12,L,Closed,,CLOSED
301908.54,4672894.58,1543.6,ID103510842,AC 13,L,Closed,,CLOSED
301884.89,4672524.07,1538.1,ID103510843,AC 14,L,Closed,,CLOSED
301908.54,4672894.58,1543.6,ID103510844,AC 15,L,Closed,,CLOSED
301884.89,4672524.07,1538.1,ID103510845,AC 16,L,Closed,,CLOSED
302294.50,4672893.73,1529.5,ID103510846,AC 17,L,Closed,,CLOSED
302269.01,4672515.50,1525.5,ID103510847,AC 18,L,Closed,,CLOSED
302711.47,4672878.71,1512.6,ID103510848,AC 19,L,Closed,,CLOSED
302687.07,4672509.33,1514.4,ID103510849,AC 20,L,Closed,,CLOSED
302711.47,4672878.71,1512.6,ID103510850,AC 21,L,Closed,,CLOSED
302687.07,4672509.33,1514.4,ID103510851,AC 22,L,Closed,,CLOSED
302711.47,4672878.71,1512.6,ID103510852,AC 23,L,Closed,,CLOSED
302687.07,4672509.33,1514.4,ID103510853,AC 24,L,Closed,,CLOSED
303097.40,4672876.80,1499.6,ID103510854,AC 25,L,Closed,,CLOSED
303071.12,4672498.58,1500.3,ID103510855,AC 26,L,Closed,,CLOSED
303544.83,4672827.63,1487.5,ID103510856,AC 27,L,Closed,,CLOSED
303533.25,4672442.34,1487.5,ID103510857,AC 28,L,Closed,,CLOSED
303544.83,4672827.63,1487.5,ID103510858,AC 29,L,Closed,,CLOSED
303533.25,4672442.34,1487.5,ID103510859,AC 30,L,Closed,,CLOSED
303544.83,4672827.63,1487.5,ID103510860,AC 31,L,Closed,,CLOSED
303533.25,4672442.34,1487.5,ID103510861,AC 32,L,Closed,,CLOSED
303544.83,4672827.63,1487.5,ID103510862,AC 33,L,Closed,,CLOSED
303533.25,4672442.34,1487.5,ID103510863,AC 34,L,Closed,,CLOSED
301084.44,4672073.22,1612.4,ID103510864,AC 35,L,Closed,,CLOSED
301061.20,4671689.36,1576.1,ID103510865,AC 36,L,Closed,,CLOSED
301084.44,4672073.22,1612.4,ID103434682,AC 37,L,Closed,,CLOSED
301061.20,4671689.36,1576.1,ID103434673,AC 38,L,Closed,,CLOSED
301084.44,4672073.22,1612.4,ID103434674,AC 39,L,Closed,,CLOSED
301061.20,4671689.36,1576.1,ID103434675,AC 40,L,Closed,,CLOSED
301084.44,4672073.22,1612.4,ID103434676,AC 41,L,Closed,,CLOSED
301061.20,4671689.36,1576.1,ID103434677,AC 42,L,Closed,,CLOSED
301948.72,4672059.98,1531.3,ID103434678,AC 43,L,Closed,,CLOSED
301952.81,4671676.46,1537.6,ID103434679,AC 44,L,Closed,,CLOSED
301948.72,4672059.98,1531.3,ID103434680,AC 45,L,Closed,,CLOSED
301952.81,4671676.46,1537.6,ID103434681,AC 46,L,Closed,,CLOSED
301948.72,4672059.98,1531.3,ID103434683,AC 47,L,Closed,,CLOSED
301952.81,4671676.46,1537.6,ID103434684,AC 48,L,Closed,,CLOSED
301948.72,4672059.98,1531.3,ID103434685,AC 49,L,Closed,,CLOSED
301952.81,4671676.46,1537.6,ID103434686,AC 50,L,Closed,,CLOSED
302319.22,4672066.24,1520.4,ID103434687,AC 51,L,Closed,,CLOSED
302310.09,4671681.99,1526.8,ID103434688,AC 52,L,Closed,,CLOSED
302690.64,4672075.83,1509.6,ID103434689,AC 53,L,Closed,,CLOSED
302667.06,4671706.43,1515.4,ID103434690,AC 54,L,Closed,,CLOSED
302690.64,4672075.83,1509.6,ID103434691,AC 55,L,Closed,,CLOSED
302667.06,4671706.43,1515.4,ID103434692,AC 56,L,Closed,,CLOSED
302690.64,4672075.83,1509.6,ID103434693,AC 57,L,Closed,,CLOSED
302667.06,4671706.43,1515.4,ID103434694,AC 58,L,Closed,,CLOSED
302667.06,4671706.43,1515.4,ID103434695,AC 59,L,Closed,,CLOSED
303051.15,4671695.68,1503.7,ID103434696,AC 60,L,Closed,,CLOSED
303553.79,4672022.81,1487.8,ID103435671,AC 61,L,Closed,,CLOSED
303557.11,4671638.21,1490.5,ID103435672,AC 62,L,Closed,,CLOSED
303553.79,4672022.81,1487.8,ID103435673,AC 63,L,Closed,,CLOSED
303557.11,4671638.21,1490.5,ID103435674,AC 64,L,Closed,,CLOSED
303553.79,4672022.81,1487.8,ID103435675,AC 65,L,Closed,,CLOSED
303557.11,4671638.21,1490.5,ID103435676,AC 66,L,Closed,,CLOSED
303553.79,4672022.81,1487.8,ID103435677,AC 67,L,Closed,,CLOSED
303557.11,4671638.21,1490.5,ID103435678,AC 68,L,Closed,,CLOSED
308263.86,4666740.25,1444.1,ID103435679,AC 69,L,Closed,,CLOSED
308263.86,4666740.25,1444.1,ID103435680,AC 70,L,Closed,,CLOSED
308243.73,4665938.49,1449.5,ID103435681,AC 71,L,Closed,,CLOSED
308243.73,4665938.49,1449.5,ID103435682,AC 72,L,Closed,,CLOSED
308243.73,4665938.49,1449.5,ID103435683,AC 73,L,Closed,,CLOSED
308243.73,4665938.49,1449.5,ID103435684,AC 74,L,Closed,,CLOSED
308243.73,4665938.49,1449.5,ID103435685,AC 75,L,Closed,,CLOSED
308243.73,4665938.49,1449.5,ID103508908,AC 76,L,Closed,,CLOSED
308243.73,4665938.49,1449.5,ID103508909,AC 77,L,Closed,,CLOSED
308243.73,4665938.49,1449.5,ID103508910,AC 78,L,Closed,,CLOSED
308246.84,4665505.03,1451.4,ID103508911,AC 79,L,Closed,,CLOSED
308223.57,4665135.62,1452.9,ID103508912,AC 80,L,Closed,,CLOSED
308246.84,4665505.03,1451.4,ID103508913,AC 81,L,Closed,,CLOSED
308223.57,4665135.62,1452.9,ID103508914,AC 82,L,Closed,,CLOSED
308223.57,4665135.62,1452.9,ID103508915,AC 83,L,Closed,,CLOSED
308223.57,4665135.62,1452.9,ID103508916,AC 84,L,Closed,,CLOSED
308223.57,4665135.62,1452.9,ID103508917,AC 85,L,Closed,,CLOSED
308223.57,4665135.62,1452.9,ID103508918,AC 86,L,Closed,,CLOSED
308289.86,4664285.96,1456.6,ID103508919,AC 87,L,Closed,,CLOSED
308289.86,4664285.96,1456.6,ID103508920,AC 88,L,Closed,,CLOSED
308289.86,4664285.96,1456.6,ID103508921,AC 89,L,Closed,,CLOSED
308289.86,4664285.96,1456.6,ID103508922,AC 90,L,Closed,,CLOSED
309093.62,4664266.41,1461.2,ID103508923,AC 91,L,Closed,,CLOSED
309093.62,4664266.41,1461.2,ID103508924,AC 92,L,Closed,,CLOSED
309093.62,4664266.41,1461.2,ID103508925,AC 93,L,Closed,,CLOSED
309093.62,4664266.41,1461.2,ID103508926,AC 94,L,Closed,,CLOSED
309450.41,4664272.33,1463.9,ID103508927,AC 95,L,Closed,,CLOSED
309450.41,4664272.33,1463.9,ID103431786,AC 96,L,Closed,,CLOSED
309807.25,4664249.37,1469.8,ID103431787,AC 97,L,Closed,,CLOSED
309807.25,4664249.37,1469.8,ID103431788,AC 98,L,Closed,,CLOSED
308289.86,4664285.96,1456.6,ID103431789,AC 99,L,Closed,,CLOSED
308289.86,4664285.96,1456.6,ID103431790,AC 100,L,Closed,,CLOSED
308289.86,4664285.96,1456.6,ID103431791,AC 101,L,Closed,,CLOSED
308289.86,4664285.96,1456.6,ID103431792,AC 102,L,Closed,,CLOSED
309093.62,4664266.41,1461.2,ID103431793,AC 103,L,Closed,,CLOSED
309093.62,4664266.41,1461.2,ID103431794,AC 104,L,Closed,,CLOSED
309093.62,4664266.41,1461.2,ID103431795,AC 105,L,Closed,,CLOSED
309093.62,4664266.41,1461.2,ID103431796,AC 106,L,Closed,,CLOSED
309450.41,4664272.33,1463.9,ID103431797,AC 107,L,Closed,,CLOSED
309450.41,4664272.33,1463.9,ID103431798,AC 108,L,Closed,,CLOSED
309807.25,4664249.37,1469.8,ID103431799,AC 109,L,Closed,,CLOSED
309807.25,4664249.37,1469.8,ID103431800,AC 110,L,Closed,,CLOSED
308289.86,4664285.96,1456.6,ID103431801,AC 111,L,Closed,,CLOSED
308179.13,4663530.01,1461.1,ID103431802,AC 112,L,Closed,,CLOSED
308203.23,4663899.39,1460.1,ID103431803,AC 113,L,Closed,,CLOSED
308981.32,4663510.49,1464.9,ID103431804,AC 114,L,Closed,,CLOSED
309006.24,4663880.96,1462.1,ID103431805,AC 115,L,Closed,,CLOSED
308981.32,4663510.49,1464.9,ID103431806,AC 116,L,Closed,,CLOSED
309006.24,4663880.96,1462.1,ID103431807,AC 117,L,Closed,,CLOSED
309365.88,4663501.21,1466.5,ID103431808,AC 118,L,Closed,,CLOSED
309391.78,4663878.32,1467.5,ID103431809,AC 119,L,Closed,,CLOSED
309783.52,4663491.06,1470.9,ID103431810,AC 120,L,Closed,,CLOSED
309809.22,4663861.51,1470.6,ID103435695,AC 121,L,Closed,,CLOSED
308981.32,4663510.49,1464.9,ID103435696,AC 122,L,Closed,,CLOSED
308179.13,4663530.01,1461.1,ID103435697,AC 123,L,Closed,,CLOSED
308981.32,4663510.49,1464.9,ID103435698,AC 124,L,Closed,,CLOSED
308981.32,4663510.49,1464.9,ID103435699,AC 125,L,Closed,,CLOSED
309365.88,4663501.21,1466.5,ID103435700,AC 126,L,Closed,,CLOSED
308981.32,4663510.49,1464.9,ID103435701,AC 127,L,Closed,,CLOSED
309783.52,4663491.06,1470.9,ID103435702,AC 128,L,Closed,,CLOSED
309365.88,4663501.21,1466.5,ID103435703,AC 129,L,Closed,,CLOSED
310587.36,4663471.68,1483.3,ID103435704,AC 130,L,Closed,,CLOSED
309783.52,4663491.06,1470.9,ID103435705,AC 131,L,Closed,,CLOSED
310971.92,4663462.49,1489.5,ID103435706,AC 132,L,Closed,,CLOSED
311479.33,4663405.59,1500.5,ID103435707,AC 133,L,Closed,,CLOSED
311836.13,4663410.52,1508.6,ID103435708,AC 134,L,Closed,,CLOSED
308983.70,4663078.16,1467.1,ID103435709,AC 135,L,Closed,,CLOSED
308959.61,4662707.67,1469.1,ID103435710,AC 136,L,Closed,,CLOSED
308983.70,4663078.16,1467.1,ID103435711,AC 137,L,Closed,,CLOSED
308959.61,4662707.67,1469.1,ID103435712,AC 138,L,Closed,,CLOSED
309369.29,4663075.52,1467.8,ID103435713,AC 139,L,Closed,,CLOSED
309343.39,4662698.41,1470.1,ID103435714,AC 140,L,Closed,,CLOSED
309847.13,4663025.97,1473.2,ID103435715,AC 141,L,Closed,,CLOSED
309850.02,4662641.42,1474.6,ID103435716,AC 142,L,Closed,,CLOSED
310589.01,4663039.38,1485.2,ID103435717,AC 143,L,Closed,,CLOSED
310565.01,4662668.88,1485.4,ID103435718,AC 144,L,Closed,,CLOSED
310975.42,4663036.81,1492.9,ID103435719,AC 145,L,Closed,,CLOSED
310949.61,4662659.69,1493.9,ID103436819,AC 146,L,Closed,,CLOSED
311393.70,4663018.96,1502.4,ID103436820,AC 147,L,Closed,,CLOSED
311368.94,4662649.59,1503.4,ID103436821,AC 148,L,Closed,,CLOSED
311779.32,4663017.56,1510.5,ID103436822,AC 149,L,Closed,,CLOSED
311753.51,4662639.34,1512.5,ID103436823,AC 150,L,Closed,,CLOSED
308959.61,4662707.67,1469.1,ID103436824,AC 151,L,Closed,,CLOSED
308959.61,4662707.67,1469.1,ID103436825,AC 152,L,Closed,,CLOSED
308959.61,4662707.67,1469.1,ID103436826,AC 153,L,Closed,,CLOSED
309343.39,4662698.41,1470.1,ID103436827,AC 154,L,Closed,,CLOSED
309343.39,4662698.41,1470.1,ID103436828,AC 155,L,Closed,,CLOSED
309850.02,4662641.42,1474.6,ID103436829,AC 156,L,Closed,,CLOSED
309850.02,4662641.42,1474.6,ID103436830,AC 157,L,Closed,,CLOSED
310565.01,4662668.88,1485.4,ID103436831,AC 158,L,Closed,,CLOSED
310565.01,4662668.88,1485.4,ID103436832,AC 159,L,Closed,,CLOSED
310949.61,4662659.69,1493.9,ID103436833,AC 160,L,Closed,,CLOSED
310949.61,4662659.69,1493.9,ID103436834,AC 161,L,Closed,,CLOSED
311368.94,4662649.59,1503.4,ID103436835,AC 162,L,Closed,,CLOSED
311368.94,4662649.59,1503.4,ID103436836,AC 163,L,Closed,,CLOSED
311753.51,4662639.34,1512.5,ID103436837,AC 164,L,Closed,,CLOSED
311753.51,4662639.34,1512.5,ID103436838,AC 165,L,Closed,,CLOSED
309028.52,4661857.95,1474.4,ID103436839,AC 166,L,Closed,,CLOSED
308959.61,4662707.67,1469.1,ID103436840,AC 167,L,Closed,,CLOSED
309384.60,4661863.89,1475.7,ID103436841,AC 168,L,Closed,,CLOSED
309343.39,4662698.41,1470.1,ID103436842,AC 169,L,Closed,,CLOSED
309743.13,4661929.79,1478.0,ID103438021,AC 170,L,Closed,,CLOSED
309850.02,4662641.42,1474.6,ID103438022,AC 171,L,Closed,,CLOSED
310543.95,4661821.60,1488.1,ID103438023,AC 172,L,Closed,,CLOSED
310565.01,4662668.88,1485.4,ID103438024,AC 173,L,Closed,,CLOSED
310929.78,4661825.72,1494.4,ID103438025,AC 174,L,Closed,,CLOSED
310949.61,4662659.69,1493.9,ID103438026,AC 175,L,Closed,,CLOSED
311349.60,4661801.16,1503.6,ID103438027,AC 176,L,Closed,,CLOSED
311368.94,4662649.59,1503.4,ID103438028,AC 177,L,Closed,,CLOSED
311733.78,4661805.36,1511.5,ID103438029,AC 178,L,Closed,,CLOSED
311753.51,4662639.34,1512.5,ID103438030,AC 179,L,Closed,,CLOSED
309028.52,4661857.95,1474.4,ID103438031,AC 180,L,Closed,,CLOSED
309028.52,4661857.95,1474.4,ID103438032,AC 181,L,Closed,,CLOSED
309384.60,4661863.89,1475.7,ID103438033,AC 182,L,Closed,,CLOSED
309384.60,4661863.89,1475.7,ID103438034,AC 183,L,Closed,,CLOSED
309743.13,4661929.79,1478.0,ID103438035,AC 184,L,Closed,,CLOSED
309743.13,4661929.79,1478.0,ID103438036,AC 185,L,Closed,,CLOSED
310543.95,4661821.60,1488.1,ID103438037,AC 186,L,Closed,,CLOSED
310543.95,4661821.60,1488.1,ID103438038,AC 187,L,Closed,,CLOSED
310929.78,4661825.72,1494.4,ID103438039,AC 188,L,Closed,,CLOSED
310929.78,4661825.72,1494.4,ID103438040,AC 189,L,Closed,,CLOSED
311349.60,4661801.16,1503.6,ID103438041,AC 190,L,Closed,,CLOSED
311349.60,4661801.16,1503.6,ID103438042,AC 191,L,Closed,,CLOSED
311733.78,4661805.36,1511.5,ID103438043,AC 192,L,Closed,,CLOSED
311733.78,4661805.36,1511.5,ID103438044,AC 193,L,Closed,,CLOSED
309028.52,4661857.95,1474.4,ID103438045,AC 194,L,Closed,,CLOSED
309028.52,4661857.95,1474.4,ID103439253,AC 195,L,Closed,,CLOSED
309384.60,4661863.89,1475.7,ID103439254,AC 196,L,Closed,,CLOSED
309384.60,4661863.89,1475.7,ID103439255,AC 197,L,Closed,,CLOSED
309743.13,4661929.79,1478.0,ID103439256,AC 198,L,Closed,,CLOSED
309743.13,4661929.79,1478.0,ID103439257,AC 199,L,Closed,,CLOSED
310610.48,4661400.90,1489.0,ID103439258,AC 200,L,Closed,,CLOSED
310543.95,4661821.60,1488.1,ID103439259,AC 201,L,Closed,,CLOSED
310982.30,4661406.50,1495.2,ID103439260,AC 202,L,Closed,,CLOSED
310929.78,4661825.72,1494.4,ID103439261,AC 203,L,Closed,,CLOSED
311354.15,4661413.24,1503.0,ID103439262,AC 204,L,Closed,,CLOSED
311349.60,4661801.16,1503.6,ID103439263,AC 205,L,Closed,,CLOSED
311739.82,4661410.73,1510.8,ID103439264,AC 206,L,Closed,,CLOSED
311733.78,4661805.36,1511.5,ID103439265,AC 207,L,Closed,,CLOSED
310615.90,4661016.28,1488.5,ID103439266,AC 208,L,Closed,,CLOSED
310615.90,4661016.28,1488.5,ID103439267,AC 209,L,Closed,,CLOSED
310973.65,4661021.15,1493.0,ID103439268,AC 210,L,Closed,,CLOSED
310973.65,4661021.15,1493.0,ID103439269,AC 211,L,Closed,,CLOSED
311331.84,4661042.70,1500.1,ID103439270,AC 212,L,Closed,,CLOSED
311331.84,4661042.70,1500.1,ID103439271,AC 213,L,Closed,,CLOSED
311716.53,4661033.55,1508.5,ID103439272,AC 214,L,Closed,,CLOSED
311716.53,4661033.55,1508.5,ID103439273,AC 215,L,Closed,,CLOSED
311331.84,4661042.70,1500.1,ID103439274,AC 216,L,Closed,,CLOSED
310615.90,4661016.28,1488.5,ID103439275,AC 217,L,Closed,,CLOSED
310973.65,4661021.15,1493.0,ID103439276,AC 218,L,Closed,,CLOSED
310973.65,4661021.15,1493.0,ID103439277,AC 219,L,Closed,,CLOSED
311331.84,4661042.70,1500.1,ID103440428,AC 220,L,Closed,,CLOSED
311331.84,4661042.70,1500.1,ID103440429,AC 221,L,Closed,,CLOSED
311716.53,4661033.55,1508.5,ID103440430,AC 222,L,Closed,,CLOSED
311716.53,4661033.55,1508.5,ID103440431,AC 223,L,Closed,,CLOSED
311315.76,4660285.30,1497.6,ID103440432,AC 224,L,Closed,,CLOSED
311315.76,4660285.30,1497.6,ID103440433,AC 225,L,Closed,,CLOSED
311315.76,4660285.30,1497.6,ID103440434,AC 226,L,Closed,,CLOSED
307336.43,4661942.77,1469.2,ID103440435,AC 227,L,Closed,,CLOSED
307336.43,4661942.77,1469.2,ID103440436,AC 228,L,Closed,,CLOSED
307336.43,4661942.77,1469.2,ID103440437,AC 229,L,Closed,,CLOSED
307336.43,4661942.77,1469.2,ID103440438,AC 230,L,Closed,,CLOSED
307336.43,4661942.77,1469.2,ID103440439,AC 231,L,Closed,,CLOSED
307336.43,4661942.77,1469.2,ID103440440,AC 232,L,Closed,,CLOSED
307336.43,4661942.77,1469.2,ID103440441,AC 233,L,Closed,,CLOSED
307336.43,4661942.77,1469.2,ID103440442,AC 234,L,Closed,,CLOSED
307336.43,4661942.77,1469.2,ID103440443,AC 235,L,Closed,,CLOSED
307720.25,4661933.43,1468.4,ID103440444,AC 236,L,Closed,,CLOSED
308139.22,4661968.71,1468.3,ID103440445,AC 237,L,Closed,,CLOSED
308139.22,4661968.71,1468.3,ID103440446,AC 238,L,Closed,,CLOSED
307317.44,4661094.32,1476.1,ID103440447,AC 239,L,Closed,,CLOSED
307317.44,4661094.32,1476.1,ID103440448,AC 240,L,Closed,,CLOSED
307317.44,4661094.32,1476.1,ID103441687,AC 241,L,Closed,,CLOSED
307317.44,4661094.32,1476.1,ID103441688,AC 242,L,Closed,,CLOSED
307317.44,4661094.32,1476.1,ID103441689,AC 243,L,Closed,,CLOSED
299503.32,4672952.65,1655.7,ID103358780,SM 1,L,Closed,,CLOSED
299480.37,4672582.12,1661.7,ID103358781,SM 2,L,Closed,,CLOSED
299982.32,4672967.92,1633.3,ID103358782,SM 3,L,Closed,,CLOSED
299926.36,4672598.33,1666.6,ID103358783,SM 4,L,Closed,,CLOSED
300305.18,4672927.64,1627.7,ID103358784,SM 5,L,Closed,,CLOSED
300281.42,4672556.02,1720.8,ID103358785,SM 6,L,Closed,,CLOSED
300305.18,4672927.64,1627.7,ID103358786,SM 7,L,Closed,,CLOSED
300281.42,4672556.02,1720.8,ID103358787,SM 8,L,Closed,,CLOSED
300305.18,4672927.64,1627.7,ID103358788,SM 9,L,Closed,,CLOSED
300281.42,4672556.02,1720.8,ID103358789,SM 10,L,Closed,,CLOSED
300690.32,4672926.73,1613.6,ID103358790,SM 11,L,Closed,,CLOSED
300665.56,4672548.47,1673.9,ID103358791,SM 12,L,Closed,,CLOSED
299481.23,4672118.67,1654.5,ID103358792,SM 13,L,Closed,,CLOSED
299457.08,4671734.84,1650.1,ID103358793,SM 14,L,Closed,,CLOSED
299961.17,4672165.04,1643.5,ID103358794,SM 15,L,Closed,,CLOSED
299934.95,4671794.60,1625.2,ID103358795,SM 16,L,Closed,,CLOSED
300346.04,4672153.01,1662.0,ID103358796,SM 17,L,Closed,,CLOSED
300306.17,4671796.29,1613.0,ID103358797,SM 18,L,Closed,,CLOSED
300346.04,4672153.01,1662.0,ID103358798,SM 19,L,Closed,,CLOSED
300306.17,4671796.29,1613.0,ID103358799,SM 20,L,Closed,,CLOSED
300346.04,4672153.01,1662.0,ID103358800,SM 21,L,Closed,,CLOSED
300306.17,4671796.29,1613.0,ID103358801,SM 22,L,Closed,,CLOSED
300763.25,4672144.53,1672.4,ID103358802,SM 23,L,Closed,,CLOSED
300675.91,4671774.71,1608.2,ID103359380,SM 24,L,Closed,,CLOSED
283255.34,4672263.61,2064.3,ID103355745,TM #1,L,Closed,20.66,CLOSED
260165.74,4657378.76,1729.6,ID103356262,BLUE 33,L,Closed,,CLOSED
245068.71,4691413.68,1635.6,ID103358273,ROBBER 1,L,Closed,,CLOSED
245494.29,4691387.08,1580.9,ID103358274,ROBBER 2,L,Closed,,CLOSED
245866.92,4691379.11,1565.5,ID103358275,ROBBER 3,L,Closed,,CLOSED
245866.92,4691379.11,1565.5,ID103358276,ROBBER 4,L,Closed,,CLOSED
245866.92,4691379.11,1565.5,ID103358277,ROBBER 5,L,Closed,,CLOSED
245096.28,4691762.95,1655.5,ID103358278,ROBBER 6,L,Closed,,CLOSED
245512.75,4691713.33,1620.4,ID103358279,ROBBER 7,L,Closed,,CLOSED
245894.41,4691727.27,1575.4,ID103358280,ROBBER 8,L,Closed,,CLOSED
245894.41,4691727.27,1575.4,ID103358281,ROBBER 9,L,Closed,,CLOSED
245894.41,4691727.27,1575.4,ID103358282,ROBBER 10,L,Closed,,CLOSED
332397.57,4659948.55,1706.0,ID101473894,MG 125,L,Closed,20.66,CLOSED
332397.57,4659948.55,1706.0,ID101473895,MG 126,L,Closed,20.66,CLOSED
332397.57,4659948.55,1706.0,ID101473896,MG 127,L,Closed,20.66,CLOSED
332397.57,4659948.55,1706.0,ID101473897,MG 128,L,Closed,20.66,CLOSED
332456.68,4660242.67,1693.7,ID101473898,MG 129,L,Closed,20.66,CLOSED
332798.16,4661416.69,1687.9,ID101473899,MG 130,L,Closed,20.66,CLOSED
332798.16,4661416.69,1687.9,ID101473900,MG 131,L,Closed,20.66,CLOSED
332821.98,4661793.87,1720.4,ID101473901,MG 132,L,Closed,20.66,CLOSED
332817.89,4662250.58,1719.5,ID101473902,MG 133,L,Closed,20.66,CLOSED
244787.54,4691667.44,1717.1,ID103504394,ARTESIAN GOLD #1,L,Closed,20.66,CLOSED
245068.71,4691413.68,1635.6,ID103504395,ARTESIAN GOLD #2,L,Closed,20.66,CLOSED
244309.89,4691442.46,1635.6,ID103504396,ARTESIAN GOLD #3,L,Closed,20.66,CLOSED
244309.89,4691442.46,1635.6,ID103504397,ARTESIAN GOLD #4,L,Closed,20.66,CLOSED
244697.65,4691419.41,1698.1,ID103504398,ARTESIAN GOLD #5,L,Closed,20.66,CLOSED
244702.59,4691102.32,1698.6,ID103504399,ARTESIAN GOLD #6,L,Closed,20.66,CLOSED
244320.10,4691111.82,1730.4,ID103504400,ARTESIAN GOLD #7,L,Closed,20.66,CLOSED
244320.10,4691111.82,1730.4,ID103504401,ARTESIAN GOLD #8,L,Closed,20.66,CLOSED
244320.10,4691111.82,1730.4,ID103504402,ARTESIAN GOLD #9,L,Closed,20.66,CLOSED
244349.32,4690804.96,1805.3,ID103504403,ARTESIAN GOLD #10,L,Closed,20.66,CLOSED
244349.32,4690804.96,1805.3,ID103504404,ARTESIAN GOLD #11,L,Closed,20.66,CLOSED
244349.32,4690804.96,1805.3,ID103504405,ARTESIAN GOLD #12,L,Closed,20.66,CLOSED
277216.44,4686035.41,1972.8,ID103395509,CALEB ELIAH,L,Closed,20.66,CLOSED
244787.54,4691667.44,1717.1,ID103435401,ARTESIAN GOLD #1,L,Closed,20.66,CLOSED
245068.71,4691413.68,1635.6,ID103435402,ARTESIAN GOLD #2,L,Closed,20.66,CLOSED
245068.71,4691413.68,1635.6,ID103435403,ARTESIAN GOLD #3,L,Closed,20.66,CLOSED
244309.89,4691442.46,1635.6,ID103435404,ARTESIAN GOLD #4,L,Closed,20.66,CLOSED
244787.54,4691667.44,1717.1,ID103435405,ARTESIAN GOLD #5,L,Closed,20.66,CLOSED
244702.59,4691102.32,1698.6,ID103435406,ARTESIAN GOLD #6,L,Closed,20.66,CLOSED
244702.59,4691102.32,1698.6,ID103435407,ARTESIAN GOLD #7,L,Closed,20.66,CLOSED
244320.10,4691111.82,1730.4,ID103435408,ARTESIAN GOLD #8,L,Closed,20.66,CLOSED
244320.10,4691111.82,1730.4,ID103435409,ARTESIAN GOLD #9,L,Closed,20.66,CLOSED
244349.32,4690804.96,1805.3,ID103435410,ARTESIAN GOLD #10,L,Closed,20.66,CLOSED
244349.32,4690804.96,1805.3,ID103435411,ARTESIAN GOLD #11,L,Closed,20.66,CLOSED
244349.32,4690804.96,1805.3,ID103435412,ARTESIAN GOLD #12,L,Closed,20.66,CLOSED
245068.71,4691413.68,1635.6,ID103435413,ARTESIAN GOLD #13,L,Closed,20.66,CLOSED
245115.93,4691056.13,1634.7,ID103435414,ARTESIAN GOLD #14,L,Closed,20.66,CLOSED
261751.84,4654439.22,1958.6,ID103444197,BC-10,L,Closed,20.66,CLOSED
261751.84,4654439.22,1958.6,ID103444198,BC-11,L,Closed,20.66,CLOSED
261724.80,4655631.87,1942.8,ID103444199,BC-15,L,Closed,20.66,CLOSED
262209.62,4655676.72,1993.9,ID103444200,BC-16,L,Closed,20.66,CLOSED
261689.48,4655247.30,1900.4,ID103444201,BC-18,L,Closed,20.66,CLOSED
262141.61,4655305.47,1938.6,ID103444202,BC-19,L,Closed,20.66,CLOSED
262498.32,4655213.46,1999.3,ID103508034,BC-20,L,Closed,20.66,CLOSED
261689.48,4655247.30,1900.4,ID103508035,BC-21,L,Closed,20.66,CLOSED
262141.61,4655305.47,1938.6,ID103508036,BC-22,L,Closed,20.66,CLOSED
262498.32,4655213.46,1999.3,ID103508037,BC-23,L,Closed,20.66,CLOSED
262472.89,4654455.03,2034.4,ID103508038,BC-1,L,Closed,20.66,CLOSED
262472.89,4654455.03,2034.4,ID103508039,BC-2,L,Closed,20.66,CLOSED
262474.76,4653991.40,2113.0,ID103508040,BC-4,L,Closed,20.66,CLOSED
262472.89,4654455.03,2034.4,ID103508041,BC-5,L,Closed,20.66,CLOSED
262472.89,4654455.03,2034.4,ID103508042,BC-6,L,Closed,20.66,CLOSED
262531.95,4655598.09,2046.8,ID103508043,BC-17,L,Closed,20.66,CLOSED
261773.66,4656049.34,1902.7,ID103508044,BC-26,L,Closed,20.66,CLOSED
261773.66,4656049.34,1902.7,ID103508045,BC-27,L,Closed,20.66,CLOSED
261773.66,4656049.34,1902.7,ID103508046,BC-28,L,Closed,20.66,CLOSED
262625.51,4656015.17,1941.7,ID103508047,BC-29,L,Closed,20.66,CLOSED
283424.21,4702023.79,1393.9,ID103285355,VALLEY VIEW NO 1,L,Closed,,CLOSED
286557.86,4686172.84,2355.2,ID103402146,GOLD HILL,L,Closed,,CLOSED
286666.30,4686916.45,2290.4,ID103016580,LUCKY STAR,L,Closed,,CLOSED
285053.99,4702840.39,1422.3,ID103326263,NEVIDA NO 2,L,Closed,,CLOSED
285053.99,4702840.39,1422.3,ID102912884,NEVIDA NO 1,L,Closed,,CLOSED
262472.89,4654455.03,2034.4,ID103448985,BC-1,L,Closed,20.66,CLOSED
262472.89,4654455.03,2034.4,ID103448986,BC-2,L,Closed,20.66,CLOSED
262474.76,4653991.40,2113.0,ID103448987,BC-4,L,Closed,20.66,CLOSED
262472.89,4654455.03,2034.4,ID103448988,BC-5,L,Closed,20.66,CLOSED
262472.89,4654455.03,2034.4,ID103448989,BC-6,L,Closed,20.66,CLOSED
262531.95,4655598.09,2046.8,ID103448990,BC-17,L,Closed,20.66,CLOSED
261773.66,4656049.34,1902.7,ID103448991,BC-26,L,Closed,20.66,CLOSED
261773.66,4656049.34,1902.7,ID103448992,BC-27,L,Closed,20.66,CLOSED
261773.66,4656049.34,1902.7,ID103448993,BC-28,L,Closed,20.66,CLOSED
262625.51,4656015.17,1941.7,ID103448994,BC-29,L,Closed,20.66,CLOSED
261751.84,4654439.22,1958.6,ID103448373,BC-10,L,Closed,20.66,CLOSED
261751.84,4654439.22,1958.6,ID103448374,BC-11,L,Closed,20.66,CLOSED
261724.80,4655631.87,1942.8,ID103448375,BC-15,L,Closed,20.66,CLOSED
262209.62,4655676.72,1993.9,ID103448978,BC-16,L,Closed,20.66,CLOSED
261689.48,4655247.30,1900.4,ID103448979,BC-18,L,Closed,20.66,CLOSED
262141.61,4655305.47,1938.6,ID103448980,BC-19,L,Closed,20.66,CLOSED
262498.32,4655213.46,1999.3,ID103448981,BC-20,L,Closed,20.66,CLOSED
261689.48,4655247.30,1900.4,ID103448982,BC-21,L,Closed,20.66,CLOSED
262141.61,4655305.47,1938.6,ID103448983,BC-22,L,Closed,20.66,CLOSED
262498.32,4655213.46,1999.3,ID103448984,BC-23,L,Closed,20.66,CLOSED
295660.85,4652324.36,1872.9,ID103449212,BALLY #2,L,Closed,20.66,CLOSED
295660.85,4652324.36,1872.9,ID103450836,BALLY #3,L,Closed,20.66,CLOSED
296094.11,4652285.21,1829.3,ID103450837,BALLY #4,L,Closed,20.66,CLOSED
296094.11,4652285.21,1829.3,ID103450838,BALLY #5,L,Closed,20.66,CLOSED
296527.03,4652262.77,1805.0,ID103450839,BALLY #6,L,Closed,20.66,CLOSED
298201.70,4652238.23,1751.3,ID103467593,LITTLE ANNE #1,L,Closed,,CLOSED
297727.75,4652246.18,1769.8,ID103230144,LITTLE ANNE #2,L,Closed,,CLOSED
297309.20,4652278.14,1772.4,ID102918772,BINGO MINE #1,L,Closed,,CLOSED
297727.75,4652246.18,1769.8,ID103228444,BINGO #2,L,Closed,,CLOSED
297309.20,4652278.14,1772.4,ID103016158,BINGO #3,L,Closed,,CLOSED
296977.36,4652501.01,1766.8,ID103439951,BINGO #4,L,Closed,,CLOSED
296940.10,4653196.64,1724.9,ID103376153,BINGO #5,L,Closed,,CLOSED
297337.49,4652629.62,1743.1,ID103481190,BINGO #6,L,Closed,,CLOSED
297337.49,4652629.62,1743.1,ID103227442,BINGO #7,L,Closed,,CLOSED
296907.34,4652574.14,1757.8,ID103472922,BINGO #8,L,Closed,,CLOSED
296547.42,4652597.80,1767.0,ID103504487,BINGO #9,L,Closed,,CLOSED
296094.11,4652285.21,1829.3,ID103522569,JERICO #1,L,Closed,,CLOSED
296094.11,4652285.21,1829.3,ID103018665,JERICO #2,L,Closed,,CLOSED
295660.85,4652324.36,1872.9,ID103373645,JERICO #3,L,Closed,,CLOSED
296094.11,4652285.21,1829.3,ID103343099,MOTHERS DAY #1,L,Closed,,CLOSED
296094.11,4652285.21,1829.3,ID103329735,MOTHERS DAY #2,L,Closed,,CLOSED
296094.11,4652285.21,1829.3,ID103361636,MOTHERS DAY #3,L,Closed,,CLOSED
298201.70,4652238.23,1751.3,ID103524957,SILVER BELL #1,L,Closed,,CLOSED
298201.70,4652238.23,1751.3,ID103350620,SILVER BELL #2,L,Closed,,CLOSED
260266.54,4660425.90,1706.6,ID101714345,WANKER 1,L,Closed,20.66,CLOSED
260253.86,4660222.89,1709.4,ID101714346,WANKER 2,L,Closed,20.66,CLOSED
260318.54,4659418.03,1737.3,ID101714347,WANKER 3,L,Closed,20.66,CLOSED
260225.39,4658992.06,1736.7,ID101714348,WANKER 4,L,Closed,20.66,CLOSED
260225.39,4658992.06,1736.7,ID101714349,WANKER 5,L,Closed,20.66,CLOSED
260318.54,4659418.03,1737.3,ID101714350,WANKER 6,L,Closed,20.66,CLOSED
260253.86,4660222.89,1709.4,ID101714351,WANKER 7,L,Closed,20.66,CLOSED
260266.54,4660425.90,1706.6,ID101714352,WANKER 8,L,Closed,20.66,CLOSED
240920.97,4710131.61,1188.9,ID103457436,JACKSON #2,L,Closed,,CLOSED
334357.85,4661335.52,1577.9,ID101614290,PMG 160,L,Closed,19.97,CLOSED
334759.36,4660846.18,1544.6,ID101614291,PMG 161,L,Closed,20.66,CLOSED
334892.38,4661438.56,1549.6,ID101614292,PMG 162,L,Closed,19.28,CLOSED
334861.27,4660957.12,1542.3,ID101614293,PMG 163,L,Closed,20.66,CLOSED
334892.38,4661438.56,1549.6,ID101614294,PMG 164,L,Closed,18.59,CLOSED
334861.27,4660957.12,1542.3,ID101614295,PMG 165,L,Closed,20.66,CLOSED
335329.49,4661303.93,1530.0,ID101614296,PMG 166,L,Closed,18.59,CLOSED
335327.05,4660879.59,1523.4,ID101614297,PMG 167,L,Closed,20.66,CLOSED
334009.64,4660180.49,1572.7,ID101615096,PMG 176,L,Closed,20.66,CLOSED
333987.18,4659823.28,1564.4,ID101615097,PMG 177,L,Closed,20.66,CLOSED
334841.63,4660152.12,1533.0,ID101615098,PMG 178,L,Closed,20.66,CLOSED
334853.94,4659828.53,1523.2,ID101615099,PMG 179,L,Closed,20.66,CLOSED
334841.63,4660152.12,1533.0,ID101615100,PMG 180,L,Closed,20.66,CLOSED
334853.94,4659828.53,1523.2,ID101615101,PMG 181,L,Closed,20.66,CLOSED
335292.61,4660076.05,1503.6,ID101615102,PMG 182,L,Closed,20.66,CLOSED
335262.20,4659694.58,1516.8,ID101615103,PMG 183,L,Closed,20.66,CLOSED
334306.12,4659445.84,1539.8,ID101615108,PMG 188,L,Closed,20.66,CLOSED
334268.76,4658593.48,1524.6,ID102308730,PMG 189,L,Closed,20.66,CLOSED
334823.53,4659377.08,1518.6,ID101615109,PMG 190,L,Closed,20.66,CLOSED
334711.58,4658483.13,1509.1,ID102308731,PMG 191,L,Closed,20.66,CLOSED
334823.53,4659377.08,1518.6,ID101615110,PMG 192,L,Closed,20.66,CLOSED
334711.58,4658483.13,1509.1,ID102308732,PMG 193,L,Closed,20.66,CLOSED
335267.76,4659471.15,1498.8,ID101615859,PMG 194,L,Closed,20.66,CLOSED
335056.60,4658473.97,1495.1,ID102308733,PMG 195,L,Closed,20.66,CLOSED
334684.24,4658304.90,1507.6,ID102308735,PMG 198,L,Closed,15.8,CLOSED
334684.24,4658304.90,1507.6,ID102308736,PMG 199,L,Closed,15.8,CLOSED
335027.14,4658311.34,1494.1,ID102308737,PMG 200,L,Closed,20.66,CLOSED
335019.60,4657917.12,1480.3,ID102308738,PMG 201,L,Closed,13.08,CLOSED
324788.53,4660744.11,2359.4,ID101810592,PMG 284,L,Closed,20.66,CLOSED
324737.54,4660323.17,2394.9,ID101810593,PMG 285,L,Closed,20.66,CLOSED
324716.35,4659935.93,2331.9,ID101810594,PMG 286,L,Closed,20.66,CLOSED
324716.35,4659935.93,2331.9,ID101810595,PMG 287,L,Closed,20.66,CLOSED
324716.35,4659935.93,2331.9,ID101717863,PMG 288,L,Closed,20.66,CLOSED
324806.52,4659599.26,2196.6,ID101717864,PMG 289,L,Closed,20.66,CLOSED
324700.52,4659230.80,2232.7,ID101717865,PMG 290,L,Closed,20.66,CLOSED
324700.52,4659230.80,2232.7,ID101717866,PMG 291,L,Closed,20.66,CLOSED
324700.52,4659230.80,2232.7,ID101717867,PMG 292,L,Closed,20.66,CLOSED
324489.11,4660685.98,2411.2,ID101717868,PMG 296,L,Closed,20.66,CLOSED
324441.27,4660259.41,2395.8,ID101717869,PMG 297,L,Closed,20.66,CLOSED
324397.81,4659876.06,2326.1,ID101717870,PMG 298,L,Closed,20.66,CLOSED
324397.81,4659876.06,2326.1,ID101717871,PMG 299,L,Closed,20.66,CLOSED
324397.81,4659876.06,2326.1,ID101717872,PMG 300,L,Closed,20.66,CLOSED
324470.98,4659522.03,2300.2,ID101717873,PMG 301,L,Closed,20.66,CLOSED
324382.06,4659175.37,2276.5,ID101717874,PMG 302,L,Closed,20.66,CLOSED
324382.06,4659175.37,2276.5,ID101717875,PMG 303,L,Closed,20.66,CLOSED
324382.06,4659175.37,2276.5,ID101717876,PMG 304,L,Closed,20.66,CLOSED
324139.56,4660709.11,2492.8,ID101717877,PMG 308,L,Closed,20.66,CLOSED
324161.35,4660320.81,2481.9,ID101717878,PMG 309,L,Closed,20.66,CLOSED
324069.45,4659954.22,2369.1,ID101717879,PMG 310,L,Closed,20.66,CLOSED
324069.45,4659954.22,2369.1,ID101717880,PMG 311,L,Closed,20.66,CLOSED
324069.45,4659954.22,2369.1,ID101717881,PMG 312,L,Closed,20.66,CLOSED
324143.40,4659532.39,2315.3,ID101717882,PMG 313,L,Closed,20.66,CLOSED
324051.66,4659172.47,2220.5,ID101717883,PMG 314,L,Closed,20.66,CLOSED
324051.66,4659172.47,2220.5,ID101718722,PMG 315,L,Closed,20.66,CLOSED
324051.66,4659172.47,2220.5,ID101718723,PMG 316,L,Closed,20.66,CLOSED
323215.24,4660322.18,2359.5,ID101718724,PMG 321,L,Closed,20.66,CLOSED
323221.30,4659935.37,2348.0,ID101718725,PMG 322,L,Closed,20.66,CLOSED
323221.30,4659935.37,2348.0,ID101718726,PMG 323,L,Closed,20.66,CLOSED
323221.30,4659935.37,2348.0,ID101718727,PMG 324,L,Closed,20.66,CLOSED
323197.93,4659563.75,2268.4,ID101718728,PMG 325,L,Closed,20.66,CLOSED
323143.15,4659194.02,2184.3,ID101718729,PMG 326,L,Closed,20.66,CLOSED
323143.15,4659194.02,2184.3,ID101718730,PMG 327,L,Closed,20.66,CLOSED
323143.15,4659194.02,2184.3,ID101718731,PMG 328,L,Closed,20.66,CLOSED
322797.11,4660318.20,2380.5,ID101718732,PMG 333,L,Closed,20.66,CLOSED
322797.11,4660318.20,2380.5,ID101718733,PMG 334,L,Closed,20.66,CLOSED
322803.17,4659932.51,2358.8,ID101718734,PMG 335,L,Closed,20.66,CLOSED
322803.17,4659932.51,2358.8,ID101718735,PMG 336,L,Closed,20.66,CLOSED
322748.80,4659513.88,2353.1,ID101718736,PMG 337,L,Closed,20.66,CLOSED
322740.00,4659129.67,2352.6,ID101718737,PMG 338,L,Closed,20.66,CLOSED
322740.00,4659129.67,2352.6,ID101718738,PMG 339,L,Closed,20.66,CLOSED
322740.00,4659129.67,2352.6,ID101718739,PMG 340,L,Closed,20.66,CLOSED
288633.13,4686476.77,2093.9,ID103459654,GIANT,L,Closed,,CLOSED
288065.66,4686537.24,2130.9,ID103378355,INDEPENDANCE,L,Closed,,CLOSED
288065.66,4686537.24,2130.9,ID103462118,EXCELSOR,L,Closed,,CLOSED
288065.66,4686537.24,2130.9,ID103362549,FLAGSTAFF,L,Closed,,CLOSED
295660.85,4652324.36,1872.9,ID105221021,BALLY #2,L,Closed,20.66,CLOSED
252933.06,4661413.26,1693.4,ID103472117,PEAT NO11,L,Closed,,CLOSED
249867.00,4657549.56,1670.6,ID103117918,PEAT #10,L,Closed,,CLOSED
251595.46,4659866.88,1689.2,ID102916273,PEAT #9,L,Closed,,CLOSED
250773.43,4655370.64,1577.0,ID103375726,PEAT #8,L,Closed,,CLOSED
255972.83,4655245.18,1572.7,ID103368997,PEAT #7,L,Closed,,CLOSED
255972.83,4655245.18,1572.7,ID103341137,PEAT #6,L,Closed,,CLOSED
256064.15,4655657.84,1607.6,ID103407269,PEAT #5,L,Closed,,CLOSED
255679.41,4655704.45,1619.0,ID103220933,PEAT #4,L,Closed,,CLOSED
255679.41,4655704.45,1619.0,ID102919562,PEAT #3,L,Closed,,CLOSED
254366.73,4655410.77,1545.6,ID103375502,PEAT #2,L,Closed,,CLOSED
255232.53,4655368.56,1592.6,ID103457849,PEAT #1,L,Closed,,CLOSED
293995.58,4708204.55,1361.1,ID103111671,H-D,L,Closed,,CLOSED
291579.84,4708283.10,1398.7,ID103505779,COPPER QUEEN 1,L,Closed,,CLOSED
291647.83,4707916.50,1417.1,ID103366517,COPPER QUEEN 2,L,Closed,,CLOSED
291647.83,4707916.50,1417.1,ID103408433,COPPER QUEEN 3,L,Closed,,CLOSED
286229.70,4687398.80,2358.4,ID103407259,BIG BUCK,L,Closed,,CLOSED
286229.70,4687398.80,2358.4,ID103513610,JOY,L,Closed,,CLOSED
286158.72,4686667.38,2426.4,ID103501564,SAGE HEN,L,Closed,,CLOSED
294244.67,4688935.01,1732.5,ID102260983,DESCOVERY E NO2,L,Closed,,CLOSED
294244.67,4688935.01,1732.5,ID103513578,DESCOVERY E NO1,L,Closed,,CLOSED
294244.67,4688935.01,1732.5,ID103526314,DESCOVERY E 1,L,Closed,,CLOSED
254338.92,4655039.29,1539.1,ID103141038,COAT #1,L,Closed,,CLOSED
254338.92,4655039.29,1539.1,ID103469881,COAT #2,L,Closed,,CLOSED
254366.73,4655410.77,1545.6,ID103465529,COAT #3,L,Closed,,CLOSED
254366.73,4655410.77,1545.6,ID103275653,COAT #4,L,Closed,,CLOSED
254366.96,4655799.88,1569.5,ID103485064,COAT #5,L,Closed,,CLOSED
254366.96,4655799.88,1569.5,ID103226831,COAT #6,L,Closed,,CLOSED
254045.34,4655467.51,1524.3,ID103360947,COAT #7,L,Closed,,CLOSED
254136.31,4655365.40,1527.2,ID103291545,COAT #8,L,Closed,,CLOSED
254398.91,4654569.15,1541.2,ID103474502,COAT #9,L,Closed,,CLOSED
272299.85,4668695.28,2195.6,ID103443499,STAR STONE #1,L,Closed,20.66,CLOSED
272722.88,4667804.58,2244.6,ID103309684,STAR STONE #2,L,Closed,20.66,CLOSED
272657.29,4668644.84,2237.6,ID103346868,STAR STONE #3,L,Closed,20.66,CLOSED
274356.11,4668550.26,2551.0,ID103467321,STAR STONE #4,L,Closed,20.66,CLOSED
249461.56,4684498.03,1509.3,ID103411841,RATTLE SNAKE NO 1,L,Closed,,CLOSED
262950.39,4668334.11,1898.5,ID103282498,FREEMAN WHITTLE #9,L,Closed,,CLOSED
262950.39,4668334.11,1898.5,ID103361002,FREEMAN WHITTLE #10,L,Closed,,CLOSED
262950.39,4668334.11,1898.5,ID101687990,FREEMAN WHITTLE #11,L,Closed,,CLOSED
262950.39,4668334.11,1898.5,ID103501865,FREEMAN WHITTLE #12,L,Closed,,CLOSED
262950.39,4668334.11,1898.5,ID102913717,FREEMAN WHITTLE #13,L,Closed,,CLOSED
262950.39,4668334.11,1898.5,ID103067951,FREEMAN WHITTLE #14,L,Closed,,CLOSED
262950.39,4668334.11,1898.5,ID103409519,FREEMAN WHITTLE #16,L,Closed,,CLOSED
263799.38,4668258.93,2151.8,ID103483759,FREEMAN WHITTLE #17,L,Closed,,CLOSED
263799.38,4668258.93,2151.8,ID103286831,FREEMAN WHITTLE #18,L,Closed,,CLOSED
263799.38,4668258.93,2151.8,ID103285634,FREEMAN WHITTLE #19,L,Closed,,CLOSED
331692.09,4661780.69,1881.8,ID103349586,LOST GOLD,L,Closed,,CLOSED
331715.30,4662198.99,1829.0,ID103452792,LUCKY LOAD NO3,L,Closed,,CLOSED
331692.09,4661780.69,1881.8,ID103482488,LUCKY LOAD NO1,L,Closed,,CLOSED
332062.96,4661786.31,1813.0,ID103478123,NORTH & SOUTH #3,L,Closed,,CLOSED
331692.09,4661780.69,1881.8,ID103515642,LUCKY LOAD,L,Closed,,CLOSED
331715.30,4662198.99,1829.0,ID103459615,LUCKY LOAD NO2,L,Closed,,CLOSED
331715.30,4662198.99,1829.0,ID103364013,OLD RUTH,L,Closed,,CLOSED
331220.74,4661483.07,2031.7,ID103345860,PINE #1,L,Closed,,CLOSED
331220.74,4661483.07,2031.7,ID103293316,PINE #2,L,Closed,,CLOSED
330849.66,4661504.17,2172.2,ID103116276,PINE #3,L,Closed,,CLOSED
330478.00,4661500.85,2213.1,ID103138401,PINE #4,L,Closed,,CLOSED
330478.00,4661500.85,2213.1,ID103454970,PINE #5,L,Closed,,CLOSED
330503.44,4661871.32,2049.5,ID103141741,PINE #6,L,Closed,,CLOSED
330478.00,4661500.85,2213.1,ID103283318,PINE #7,L,Closed,,CLOSED
330339.18,4661923.04,2038.7,ID103482739,PINE #8,L,Closed,,CLOSED
330052.88,4661821.04,2146.5,ID102918266,PINE #9,L,Closed,,CLOSED
330043.64,4661436.85,2203.7,ID103380277,PINE #10,L,Closed,,CLOSED
330043.64,4661436.85,2203.7,ID103182678,PINE #11,L,Closed,,CLOSED
330478.00,4661500.85,2213.1,ID103409912,PINE #12,L,Closed,,CLOSED
330043.64,4661436.85,2203.7,ID103223294,PINE #13,L,Closed,,CLOSED
329728.47,4661133.35,2362.7,ID103476974,PINE #15,L,Closed,,CLOSED
329680.20,4661087.85,2388.2,ID103329461,PINE #17,L,Closed,,CLOSED
329624.11,4660718.12,2376.9,ID103324672,PINE #19,L,Closed,,CLOSED
329672.59,4661459.11,2352.0,ID103084818,PINE #21,L,Closed,,CLOSED
329672.59,4661459.11,2352.0,ID103485652,PINE #22,L,Closed,,CLOSED
329672.59,4661459.11,2352.0,ID103487518,PINE #23,L,Closed,,CLOSED
329674.44,4661844.59,2288.3,ID103473902,PINE #24,L,Closed,,CLOSED
329674.44,4661844.59,2288.3,ID103501780,PINE #25,L,Closed,,CLOSED
329281.11,4661902.97,2274.3,ID103290289,PINE #26,L,Closed,,CLOSED
329303.81,4662260.17,2327.1,ID103408114,PINE #27,L,Closed,,CLOSED
329662.87,4662325.95,2265.3,ID103345693,PINE #28,L,Closed,,CLOSED
329662.87,4662325.95,2265.3,ID103291920,PINE #29,L,Closed,,CLOSED
331692.09,4661780.69,1881.8,ID103482373,MAY #1,L,Closed,,CLOSED
331167.31,4661948.75,1954.0,ID103474886,MAY #2,L,Closed,,CLOSED
330888.82,4661860.98,2000.4,ID103460263,MAY #3,L,Closed,,CLOSED
331696.18,4661396.19,1905.5,ID103361024,MAY,L,Closed,,CLOSED
330002.94,4661017.86,2297.9,ID103325589,JOAN #2,L,Closed,,CLOSED
330611.55,4660546.62,2028.7,ID103401586,JEAN,L,Closed,,CLOSED
330002.94,4661017.86,2297.9,ID103292421,ALICE,L,Closed,,CLOSED
329979.62,4660632.90,2266.7,ID103084235,JEAN #2,L,Closed,,CLOSED
330902.05,4660822.97,2033.6,ID103218461,HELEN,L,Closed,,CLOSED
330915.94,4660503.78,1966.9,ID103404609,PEARL,L,Closed,,CLOSED
330583.86,4660876.14,2084.6,ID103284142,KATHLEEN,L,Closed,,CLOSED
331234.89,4660862.79,1923.2,ID103297648,PEARL #2,L,Closed,,CLOSED
330875.70,4660205.88,1945.7,ID103460343,COUSIN ALMYRA,L,Closed,,CLOSED
331309.99,4660784.34,1923.3,ID103410321,COUSIN ALMYRA #2,L,Closed,,CLOSED
331178.46,4660301.97,1869.9,ID103371944,ALMYRA,L,Closed,,CLOSED
331227.07,4660535.23,1919.9,ID103461603,ALMYRA #2,L,Closed,,CLOSED
330915.94,4660503.78,1966.9,ID103507342,HELEN,L,Closed,,CLOSED
330875.70,4660205.88,1945.7,ID103272977,VIRGINIA,L,Closed,,CLOSED
330506.19,4660225.84,2009.1,ID103243421,VIRGINIA #2,L,Closed,,CLOSED
330662.62,4660950.92,2075.1,ID103329228,LULU MAY,L,Closed,,CLOSED
330849.66,4661504.17,2172.2,ID103481424,VIOLA,L,Closed,,CLOSED
329979.62,4660632.90,2266.7,ID103475286,VIRGINIA #3,L,Closed,,CLOSED
330295.89,4661119.70,2273.8,ID103516864,IDA,L,Closed,,CLOSED
330611.55,4660546.62,2028.7,ID103274473,JOAN,L,Closed,,CLOSED
330043.64,4661436.85,2203.7,ID103370612,SUSE,L,Closed,,CLOSED
329624.11,4660718.12,2376.9,ID103341646,VIRGINIA #4,L,Closed,,CLOSED
331590.19,4660907.65,1858.8,ID103292282,RUTH,L,Closed,,CLOSED
331955.91,4660764.51,1792.2,ID103113199,RUTH #2,L,Closed,,CLOSED
331565.39,4660596.04,1839.7,ID103186839,RUTH #3,L,Closed,,CLOSED
331311.41,4660254.36,1842.5,ID103459188,RUTH #4,L,Closed,,CLOSED
331574.64,4660254.75,1810.0,ID103085037,RUTH #5,L,Closed,,CLOSED
331574.64,4660254.75,1810.0,ID103325650,RUTH #6,L,Closed,,CLOSED
332017.56,4660537.51,1761.6,ID103501193,RUTH #7,L,Closed,,CLOSED
332017.56,4660537.51,1761.6,ID102917274,RUTH #8,L,Closed,,CLOSED
332017.56,4660537.51,1761.6,ID103380250,RUTH #9,L,Closed,,CLOSED
332027.53,4660260.64,1752.1,ID103181741,RUTH #10,L,Closed,,CLOSED
331942.19,4660187.12,1766.1,ID103481761,RUTH #11,L,Closed,,CLOSED
331569.57,4659833.79,1791.6,ID103407241,RUTH #12,L,Closed,,CLOSED
331569.57,4659833.79,1791.6,ID103474147,RUTH #13,L,Closed,,CLOSED
331569.57,4659833.79,1791.6,ID103284674,RUTH #14,L,Closed,,CLOSED
331311.41,4660254.36,1842.5,ID102917981,FRACTION NO1,L,Closed,,CLOSED
331227.07,4660535.23,1919.9,ID103402833,FRACTION NO2,L,Closed,,CLOSED
330892.90,4659886.61,1909.9,ID103472955,EDE #1,L,Closed,,CLOSED
330892.90,4659886.61,1909.9,ID103361551,EDE #2,L,Closed,,CLOSED
330892.90,4659886.61,1909.9,ID103523594,EDE #3,L,Closed,,CLOSED
331194.24,4659922.74,1852.3,ID103375523,EDE #4,L,Closed,,CLOSED
331569.57,4659833.79,1791.6,ID103457074,EDE #5,L,Closed,,CLOSED
331710.39,4662583.52,1911.6,ID103341087,JUNIPER #2,L,Closed,,CLOSED
331715.30,4662198.99,1829.0,ID101686393,JUNIPER #3,L,Closed,,CLOSED
330822.12,4662220.32,2032.4,ID103511217,JUNIPER #4,L,Closed,,CLOSED
330822.12,4662220.32,2032.4,ID103346022,JUNIPER #5,L,Closed,,CLOSED
330822.12,4662220.32,2032.4,ID103477913,JUNIPER #6,L,Closed,,CLOSED
330822.12,4662220.32,2032.4,ID103282242,JUNIPER #7,L,Closed,,CLOSED
328796.34,4662285.78,2158.5,ID103363003,OLD SILVER HILLS NO1,L,Closed,,CLOSED
327695.37,4662744.74,2096.5,ID101685382,ZINC NO1,L,Closed,,CLOSED
329299.03,4662644.71,2283.2,ID103379689,DRY NO25,L,Closed,,CLOSED
331331.05,4662221.49,1921.5,ID103014616,GULCH NO1,L,Closed,,CLOSED
330822.12,4662220.32,2032.4,ID103070145,GULCH NO2,L,Closed,,CLOSED
330339.18,4661923.04,2038.7,ID103284998,GULCH NO3,L,Closed,,CLOSED
332705.35,4659907.93,1672.1,ID103404244,MINERAL NO1,L,Closed,,CLOSED
332705.35,4659907.93,1672.1,ID103066855,MINERAL NO2,L,Closed,,CLOSED
332101.44,4659922.25,1733.8,ID103486599,MINERAL NO3,L,Closed,,CLOSED
331194.24,4659922.74,1852.3,ID103143867,SEPTEMBER NO1,L,Closed,,CLOSED
330892.90,4659886.61,1909.9,ID103409004,SEPTEMBER NO2,L,Closed,,CLOSED
331233.42,4659587.39,1828.5,ID103486589,SEPTEMBER NO3,L,Closed,,CLOSED
330427.64,4659573.34,2056.8,ID103467540,SEPTEMBER NO4,L,Closed,,CLOSED
330839.93,4659160.16,1848.7,ID103489340,SEPTEMBER NO5,L,Closed,,CLOSED
330329.31,4659132.40,1991.6,ID102917858,SEPTEMBER NO6,L,Closed,,CLOSED
330839.93,4659160.16,1848.7,ID103379284,SEPTEMBER NO7,L,Closed,,CLOSED
330329.31,4659132.40,1991.6,ID103454865,SEPTEMBER NO8,L,Closed,,CLOSED
330839.93,4659160.16,1848.7,ID103377449,SEPTEMBER NO9,L,Closed,,CLOSED
330329.31,4659132.40,1991.6,ID103463923,SEPTEMBER NO10,L,Closed,,CLOSED
330329.31,4659132.40,1991.6,ID103366177,SEPTEMBER NO11,L,Closed,,CLOSED
330329.31,4659132.40,1991.6,ID103528826,SEPTEMBER NO12,L,Closed,,CLOSED
330430.83,4658774.44,1903.9,ID103528994,SEPTEMBER NO13,L,Closed,,CLOSED
330011.57,4658794.50,2038.8,ID103458854,SEPTEMBER NO14,L,Closed,,CLOSED
330314.72,4658455.03,1894.0,ID103469976,SEPTEMBER NO15,L,Closed,,CLOSED
329928.61,4658477.64,1908.7,ID103458272,SEPTEMBER NO16,L,Closed,,CLOSED
329966.12,4659486.65,2163.8,ID103471950,SEPTEMBER NO17,L,Closed,,CLOSED
330549.36,4659885.95,1954.1,ID102920668,SEPTEMBER NO18,L,Closed,,CLOSED
330549.36,4659885.95,1954.1,ID103415680,SEPTEMBER NO19,L,Closed,,CLOSED
330549.36,4659885.95,1954.1,ID103456275,SEPTEMBER NO20,L,Closed,,CLOSED
330506.19,4660225.84,2009.1,ID103228215,SEPTEMBER NO21,L,Closed,,CLOSED
328449.69,4663889.64,2136.2,ID103112457,DRY #1,L,Closed,,CLOSED
328484.97,4663468.81,2216.8,ID103372185,DRY #2,L,Closed,,CLOSED
328449.69,4663889.64,2136.2,ID103367893,DRY #3,L,Closed,,CLOSED
328484.97,4663468.81,2216.8,ID103274021,DRY #4,L,Closed,,CLOSED
328449.69,4663889.64,2136.2,ID103448733,DRY #5,L,Closed,,CLOSED
328484.97,4663468.81,2216.8,ID103462182,DRY #6,L,Closed,,CLOSED
328449.69,4663889.64,2136.2,ID103503736,DRY #7,L,Closed,,CLOSED
328897.15,4663953.23,2023.7,ID103299119,DRY #8,L,Closed,,CLOSED
328862.37,4663474.10,2108.4,ID103520195,DRY #9,L,Closed,,CLOSED
329699.96,4663932.71,1947.7,ID103278299,DRY #10,L,Closed,,CLOSED
329681.43,4663129.88,2153.1,ID103406696,DRY #11,L,Closed,,CLOSED
328484.97,4663468.81,2216.8,ID103469495,DRY #12,L,Closed,,CLOSED
328846.42,4663088.96,2073.9,ID103228399,DRY #13,L,Closed,,CLOSED
328846.42,4663088.96,2073.9,ID103274362,DRY #14,L,Closed,,CLOSED
328846.42,4663088.96,2073.9,ID103379413,DRY #15,L,Closed,,CLOSED
328475.61,4663083.51,2150.2,ID103452065,DRY #16,L,Closed,,CLOSED
328013.62,4663139.19,2217.5,ID103350544,DRY #17,L,Closed,,CLOSED
328475.61,4663083.51,2150.2,ID103377357,DRY #18,L,Closed,,CLOSED
328013.62,4663139.19,2217.5,ID103467150,DRY #19,L,Closed,,CLOSED
328036.89,4663517.49,2261.2,ID103273248,DRY #20,L,Closed,,CLOSED
327629.10,4663148.56,2084.9,ID103526560,DRY #21,L,Closed,,CLOSED
327651.41,4663520.22,2197.2,ID103330508,DRY #22,L,Closed,,CLOSED
327646.84,4663909.19,2331.3,ID103372693,DRY #23,L,Closed,,CLOSED
328112.99,4662734.57,2189.5,ID103345412,DRY #24,L,Closed,,CLOSED
283568.05,4681881.78,1723.1,ID103452731,FRANKLIN #1,L,Closed,,CLOSED
283497.36,4681034.77,1870.3,ID103406363,FRANKLIN #2,L,Closed,,CLOSED
283568.05,4681881.78,1723.1,ID103450344,FRANKLIN #3,L,Closed,,CLOSED
283568.05,4681881.78,1723.1,ID103287236,FRANKLIN #4,L,Closed,,CLOSED
252073.98,4662335.02,1688.7,ID103468369,PINK 1,L,Closed,,CLOSED
252073.98,4662335.02,1688.7,ID103287365,PINK 2,L,Closed,,CLOSED
252073.98,4662335.02,1688.7,ID103276028,PINK 3,L,Closed,,CLOSED
252918.06,4662216.51,1667.7,ID103299505,PINK 4,L,Closed,,CLOSED
252918.06,4662216.51,1667.7,ID103457668,PINK 5,L,Closed,,CLOSED
252166.03,4664698.87,1778.6,ID103488030,IDA-1 CARNOT,L,Closed,,CLOSED
252166.03,4664698.87,1778.6,ID103328621,IDA-3 CARNOT,L,Closed,,CLOSED
252166.03,4664698.87,1778.6,ID103367726,IDA-4 CARNOT,L,Closed,,CLOSED
252166.03,4664698.87,1778.6,ID103277737,IDA-2 CARNOT,L,Closed,,CLOSED
252136.11,4663940.54,1708.0,ID103343086,IDA-5 CARNOT,L,Closed,,CLOSED
252136.11,4663940.54,1708.0,ID103445973,IDA-6 CARNOT,L,Closed,,CLOSED
252136.11,4663940.54,1708.0,ID103112269,IDA-7 CARNOT,L,Closed,,CLOSED
252918.06,4662216.51,1667.7,ID103482765,PINK 6,L,Closed,,CLOSED
252136.11,4663940.54,1708.0,ID103228557,IDA-8 CARNOT,L,Closed,,CLOSED
251332.25,4663925.43,1784.2,ID103285832,IDA-9 CARNOT,L,Closed,,CLOSED
251332.25,4663925.43,1784.2,ID103418201,IDA-11 CARNOT,L,Closed,,CLOSED
251332.25,4663925.43,1784.2,ID103326322,IDA-12 CARNOT,L,Closed,,CLOSED
251332.25,4663925.43,1784.2,ID103475714,IDA-10 CARNOT,L,Closed,,CLOSED
252129.58,4661440.27,1768.4,ID103291440,IDA-17 CARNOT,L,Closed,,CLOSED
252015.21,4660730.49,1898.5,ID103373142,IDA-13 CARNOT,L,Closed,,CLOSED
252015.21,4660730.49,1898.5,ID103140641,IDA-14 CARNOT,L,Closed,,CLOSED
252015.21,4660730.49,1898.5,ID103406791,IDA-15 CARNOT,L,Closed,,CLOSED
252015.21,4660730.49,1898.5,ID103407108,IDA-16 CARNOT,L,Closed,,CLOSED
252918.06,4662216.51,1667.7,ID103527562,PINK 7,L,Closed,,CLOSED
251238.33,4661516.05,1751.1,ID103467068,IDA-20 CARNOT,L,Closed,,CLOSED
251238.33,4661516.05,1751.1,ID103323113,IDA-18 CARNOT,L,Closed,,CLOSED
251238.33,4661516.05,1751.1,ID102916298,IDA-19 CARNOT,L,Closed,,CLOSED
250448.02,4660695.57,1822.0,ID103405274,IDA-21 CARNOT,L,Closed,,CLOSED
253289.18,4662216.89,1809.2,ID101687359,PINK 8,L,Closed,,CLOSED
253290.15,4661414.13,1612.2,ID103487281,PINK 9,L,Closed,,CLOSED
252933.06,4661413.26,1693.4,ID103528920,PINK 10,L,Closed,,CLOSED
252933.06,4661413.26,1693.4,ID103296793,PINK 11,L,Closed,,CLOSED
252933.06,4661413.26,1693.4,ID103466517,PINK 12,L,Closed,,CLOSED
252933.06,4661413.26,1693.4,ID103015861,PINK 13,L,Closed,,CLOSED
251238.33,4661516.05,1751.1,ID103482562,PINK 14,L,Closed,,CLOSED
252129.58,4661440.27,1768.4,ID103148263,PINK 15,L,Closed,,CLOSED
252129.58,4661440.27,1768.4,ID103508512,PINK 16,L,Closed,,CLOSED
252103.84,4661084.28,1784.6,ID103458739,PINK 17,L,Closed,,CLOSED
252103.84,4661084.28,1784.6,ID103114816,PINK 18,L,Closed,,CLOSED
252103.84,4661084.28,1784.6,ID103282527,PINK 19,L,Closed,,CLOSED
252844.21,4661028.34,1687.8,ID103457776,PINK 20,L,Closed,,CLOSED
252844.21,4661028.34,1687.8,ID103502610,PINK 21,L,Closed,,CLOSED
252844.21,4661028.34,1687.8,ID103407313,PINK 22,L,Closed,,CLOSED
252844.21,4661028.34,1687.8,ID103328796,PINK 23,L,Closed,,CLOSED
253325.24,4661042.67,1667.0,ID103490096,PINK 24,L,Closed,,CLOSED
254338.92,4655039.29,1539.1,ID103247092,PINK 25,L,Closed,,CLOSED
254338.92,4655039.29,1539.1,ID103419312,PINK 26,L,Closed,,CLOSED
254338.92,4655039.29,1539.1,ID103526381,PINK 27,L,Closed,,CLOSED
254338.92,4655039.29,1539.1,ID103247122,PINK 28,L,Closed,,CLOSED
254366.73,4655410.77,1545.6,ID103329592,PINK 29,L,Closed,,CLOSED
254045.34,4655467.51,1524.3,ID103404016,PINK 30,L,Closed,,CLOSED
254013.26,4655904.44,1505.3,ID103063472,PINK 31,L,Closed,,CLOSED
254013.26,4655904.44,1505.3,ID103323803,PINK 32,L,Closed,,CLOSED
254366.96,4655799.88,1569.5,ID103243517,PINK 33,L,Closed,,CLOSED
254338.92,4655039.29,1539.1,ID103083184,PINK 34,L,Closed,,CLOSED
254366.96,4655799.88,1569.5,ID103141841,PINK 35,L,Closed,,CLOSED
254366.73,4655410.77,1545.6,ID103229522,PINK 36,L,Closed,,CLOSED
256454.54,4655220.82,1631.4,ID103325550,PINK 37,L,Closed,,CLOSED
255972.83,4655245.18,1572.7,ID103431285,PINK 38,L,Closed,,CLOSED
255972.83,4655245.18,1572.7,ID103328513,PINK 39,L,Closed,,CLOSED
256064.15,4655657.84,1607.6,ID103326105,PINK 40,L,Closed,,CLOSED
256064.15,4655657.84,1607.6,ID103221235,PINK 41,L,Closed,,CLOSED
256064.15,4655657.84,1607.6,ID103451980,PINK 42,L,Closed,,CLOSED
256064.15,4655657.84,1607.6,ID102915600,PINK 43,L,Closed,,CLOSED
256425.53,4655703.21,1614.0,ID103289259,PINK 44,L,Closed,,CLOSED
256425.53,4655703.21,1614.0,ID103504690,PINK 45,L,Closed,,CLOSED
256090.94,4656459.61,1586.7,ID103522184,PINK 46,L,Closed,,CLOSED
256090.94,4656459.61,1586.7,ID103113044,PINK 47,L,Closed,,CLOSED
256090.94,4656459.61,1586.7,ID103503162,PINK 48,L,Closed,,CLOSED
256090.94,4656459.61,1586.7,ID103526312,PINK 49,L,Closed,,CLOSED
256090.94,4656459.61,1586.7,ID103300017,PINK 50,L,Closed,,CLOSED
254786.44,4655032.67,1553.1,ID102914419,PINK 51,L,Closed,,CLOSED
254786.44,4655032.67,1553.1,ID103348321,PINK 52,L,Closed,,CLOSED
254786.44,4655032.67,1553.1,ID103064401,PINK 53,L,Closed,,CLOSED
326933.26,4663925.53,2376.8,ID103341390,ATOM BOMB #1,L,Closed,,CLOSED
326549.14,4663949.40,2557.5,ID103449148,ATOM BOMB #2,L,Closed,,CLOSED
325569.56,4664049.08,2412.0,ID103458759,ATOM BOMB #3,L,Closed,,CLOSED
326911.27,4663568.31,2326.2,ID103225165,LONE PINE NO1,L,Closed,,CLOSED
326827.26,4663212.62,2191.3,ID103291288,LONE PINE NO2,L,Closed,,CLOSED
327211.44,4663189.87,2119.6,ID103296223,LONE PINE NO3,L,Closed,,CLOSED
327289.98,4663931.24,2345.5,ID103186017,LONE PINE NO4,L,Closed,,CLOSED
327651.41,4663520.22,2197.2,ID103279402,LONE PINE NO5,L,Closed,,CLOSED
326933.26,4663925.53,2376.8,ID103281860,LONE PINE NO6,L,Closed,,CLOSED
331345.71,4660234.65,1835.8,ID103324277,DELMA #8,L,Closed,,CLOSED
331345.71,4660234.65,1835.8,ID103507435,DELMA #9,L,Closed,,CLOSED
331345.71,4660234.65,1835.8,ID103367597,DELMA #3,L,Closed,,CLOSED
331345.71,4660234.65,1835.8,ID103502616,DELMA #4,L,Closed,,CLOSED
331345.71,4660234.65,1835.8,ID103468779,DELMA #5,L,Closed,,CLOSED
331345.71,4660234.65,1835.8,ID103407543,DELMA #6,L,Closed,,CLOSED
331345.71,4660234.65,1835.8,ID102919602,DELMA #7,L,Closed,,CLOSED
331345.71,4660234.65,1835.8,ID103478721,DELMA #8,L,Closed,,CLOSED
331345.71,4660234.65,1835.8,ID102918999,DELMA #9,L,Closed,,CLOSED
331345.71,4660234.65,1835.8,ID103440283,DELMA #11,L,Closed,,CLOSED
331345.71,4660234.65,1835.8,ID103408442,DELMA #12,L,Closed,,CLOSED
331345.71,4660234.65,1835.8,ID103380531,DELMA #13,L,Closed,,CLOSED
284273.06,4701997.50,1456.9,ID103483345,NEV IDA #7,L,Closed,,CLOSED
284273.06,4701997.50,1456.9,ID103118398,NEV IDA #8,L,Closed,,CLOSED
284273.06,4701997.50,1456.9,ID103362673,NEV IDA #10,L,Closed,,CLOSED
283424.21,4702023.79,1393.9,ID103323050,NEV IDA #4,L,Closed,,CLOSED
283424.21,4702023.79,1393.9,ID103420776,NEV IDA #5,L,Closed,20.0,CLOSED
286557.86,4686172.84,2355.2,ID103143586,GOLDEN EAGLE,L,Closed,,CLOSED
254338.92,4655039.29,1539.1,ID103299421,COAT #1,L,Closed,,CLOSED
254338.92,4655039.29,1539.1,ID103111292,COAT #2,L,Closed,,CLOSED
254366.73,4655410.77,1545.6,ID103373331,COAT #3,L,Closed,,CLOSED
254366.73,4655410.77,1545.6,ID103149680,COAT #4,L,Closed,,CLOSED
254013.26,4655904.44,1505.3,ID103015307,COAT #5,L,Closed,,CLOSED
254366.96,4655799.88,1569.5,ID103228181,COAT #6,L,Closed,,CLOSED
253907.24,4655573.48,1500.9,ID101690341,COAT #7,L,Closed,,CLOSED
254136.31,4655365.40,1527.2,ID103457258,COAT #8,L,Closed,,CLOSED
254398.91,4654569.15,1541.2,ID103286577,COAT #9,L,Closed,,CLOSED
254112.47,4654702.49,1539.7,ID101685731,COAT #10,L,Closed,,CLOSED
254398.80,4654183.36,1525.0,ID103528318,COAT #11,L,Closed,,CLOSED
254398.80,4654183.36,1525.0,ID101690382,COAT #12,L,Closed,,CLOSED
254398.91,4654569.15,1541.2,ID103245771,COAT #13,L,Closed,,CLOSED
254819.41,4654595.71,1542.8,ID103528779,COAT #14,L,Closed,,CLOSED
255141.60,4654536.77,1570.9,ID103297535,COAT #15,L,Closed,,CLOSED
254786.44,4655032.67,1553.1,ID103516048,COAT #16,L,Closed,,CLOSED
254366.73,4655410.77,1545.6,ID103324681,COAT #17,L,Closed,,CLOSED
254366.96,4655799.88,1569.5,ID103284733,COAT #18,L,Closed,,CLOSED
284256.66,4702905.02,1424.8,ID103308696,NEV IDA NO9,L,Closed,,CLOSED
284273.06,4701997.50,1456.9,ID103221874,NEV IDA NO3,L,Closed,,CLOSED
284256.66,4702905.02,1424.8,ID103277804,NEV IDA NO11,L,Closed,,CLOSED
331345.71,4660234.65,1835.8,ID103484278,DELMA #8,L,Closed,20.0,CLOSED
328807.44,4661480.02,2023.0,ID103484066,JOANN #1,L,Closed,,CLOSED
328434.85,4662665.64,2305.0,ID103478389,KITTY K #2,L,Closed,,CLOSED
328796.34,4662285.78,2158.5,ID103515661,JANET ANN #3,L,Closed,,CLOSED
328796.34,4662285.78,2158.5,ID103281754,JOANN #3,L,Closed,,CLOSED
328411.43,4662280.68,2141.5,ID103364028,JOANN #2,L,Closed,,CLOSED
328824.24,4661866.25,2052.6,ID103347065,JANET ANN #1,L,Closed,,CLOSED
328411.43,4662280.68,2141.5,ID103293063,STAR WASHINGTON #2,L,Closed,,CLOSED
328411.43,4662280.68,2141.5,ID103118093,JANET ANN #2,L,Closed,,CLOSED
328819.74,4662670.75,2191.0,ID103139573,KITTY K #3,L,Closed,,CLOSED
328807.44,4661480.02,2023.0,ID103454982,KITTY K #1,L,Closed,,CLOSED
328796.34,4662285.78,2158.5,ID103371605,STAR WASHINGTON #3,L,Closed,,CLOSED
328411.43,4662280.68,2141.5,ID103081285,VIRGINIA CITY #2,L,Closed,,CLOSED
328475.61,4663083.51,2150.2,ID103468198,VIRGINIA CITY #1,L,Closed,,CLOSED
328796.34,4662285.78,2158.5,ID103404510,VIRGINIA CITY #3,L,Closed,,CLOSED
289223.51,4685887.71,1883.7,ID101685379,MILL HOUSE,L,Closed,,CLOSED
289223.51,4685887.71,1883.7,ID103503331,US TREASURY,L,Closed,,CLOSED
288941.89,4685879.51,1926.4,ID102918174,SAINT PETER,L,Closed,,CLOSED
288633.13,4686476.77,2093.9,ID103440085,SAINT JOHN,L,Closed,,CLOSED
288808.37,4686049.13,1979.9,ID103243542,SAINT JAMES,L,Closed,,CLOSED
289434.26,4686778.32,2084.4,ID103380218,GENERAL WASHINGTON,L,Closed,,CLOSED
289223.51,4685887.71,1883.7,ID103013990,BEECH TREE,L,Closed,,CLOSED
284103.46,4697975.64,1678.8,ID103014283,MICA #1,L,Closed,,CLOSED
284103.46,4697975.64,1678.8,ID103458745,MICA #2,L,Closed,,CLOSED
284168.27,4697166.66,1708.4,ID103365957,MICA #3,L,Closed,,CLOSED
284168.27,4697166.66,1708.4,ID103419594,MICA #4,L,Closed,,CLOSED
284080.53,4696780.34,1620.3,ID103460666,MICA #5,L,Closed,,CLOSED
284080.53,4696780.34,1620.3,ID103465687,MICA #6,L,Closed,,CLOSED
284168.27,4697166.66,1708.4,ID103507285,MICA #7,L,Closed,,CLOSED
284168.27,4697166.66,1708.4,ID103375438,MICA #8,L,Closed,,CLOSED
284080.53,4696780.34,1620.3,ID103180926,MICA #9,L,Closed,,CLOSED
284080.53,4696780.34,1620.3,ID103408558,MICA #10,L,Closed,,CLOSED
283663.20,4697192.28,1660.0,ID103297486,MICA #11,L,Closed,,CLOSED
283279.16,4697188.62,1698.8,ID103327201,MICA #12,L,Closed,,CLOSED
328112.99,4662734.57,2189.5,ID103326244,BETTY BOOP #1,L,Closed,20.0,CLOSED
328435.75,4661475.70,1951.7,ID102919724,STAR WHASHINGTON #1,L,Closed,,CLOSED
328435.75,4661475.70,1951.7,ID103290179,KIM RAY #1,L,Closed,,CLOSED
328013.62,4663139.19,2217.5,ID103456217,LA PLATA #1,L,Closed,,CLOSED
328013.62,4663139.19,2217.5,ID103481614,RICO RIDGE #1,L,Closed,,CLOSED
328475.61,4663083.51,2150.2,ID103374385,RICO RIDGE #2,L,Closed,,CLOSED
328013.62,4663139.19,2217.5,ID103476101,RICO RIDGE #3,L,Closed,,CLOSED
287897.31,4686563.45,2171.1,ID103420731,GOLD FEVER #1,L,Closed,,CLOSED
287897.31,4686563.45,2171.1,ID103517467,GOLD FEVER #2,L,Closed,,CLOSED
287897.31,4686563.45,2171.1,ID103240908,GOLD FEVER #3,L,Closed,,CLOSED
287897.31,4686563.45,2171.1,ID103401715,GOLD FEVER #4,L,Closed,,CLOSED
287873.30,4686860.94,2219.7,ID103119078,GOLD FEVER #5,L,Closed,,CLOSED
288633.13,4686476.77,2093.9,ID103082147,GOLD FEVER #6,L,Closed,,CLOSED
288633.13,4686476.77,2093.9,ID103455459,GOLD FEVER #7,L,Closed,,CLOSED
288633.13,4686476.77,2093.9,ID102922457,GOLD FEVER #8,L,Closed,,CLOSED
288065.66,4686537.24,2130.9,ID103476182,GOLD FEVER #9,L,Closed,,CLOSED
288014.25,4687020.06,2240.9,ID103324139,GOLD FEVER #10,L,Closed,,CLOSED
286843.79,4687381.21,2418.1,ID102915291,GOLD FEVER #11,L,Closed,,CLOSED
289074.94,4686462.35,2037.3,ID103452793,GOLD FEVER #12,L,Closed,,CLOSED
289080.30,4685982.04,1917.0,ID103414794,GOLD FEVER #13,L,Closed,,CLOSED
289223.51,4685887.71,1883.7,ID103478046,GOLD FEVER #14,L,Closed,,CLOSED
327994.80,4662366.36,2105.0,ID103226058,BETTY BOOP #2,L,Closed,,CLOSED
328013.62,4663139.19,2217.5,ID103018235,LA PLATA #2,L,Closed,,CLOSED
328484.97,4663468.81,2216.8,ID103297529,LA PLATA #3,L,Closed,,CLOSED
328475.61,4663083.51,2150.2,ID103378778,RICO RIDGE #4,L,Closed,,CLOSED
328475.61,4663083.51,2150.2,ID103297958,RICO RIDGE #5,L,Closed,,CLOSED
328862.37,4663474.10,2108.4,ID103322039,RICO RIDGE #6,L,Closed,,CLOSED
328846.42,4663088.96,2073.9,ID103465435,RICO RIDGE #7,L,Closed,,CLOSED
328846.42,4663088.96,2073.9,ID103111088,RICO RIDGE #8,L,Closed,,CLOSED
328846.42,4663088.96,2073.9,ID102920830,RICO RIDGE #9,L,Closed,,CLOSED
282680.44,4681828.05,1762.1,ID103325572,FRANKLIN #5,L,Closed,,CLOSED
282608.20,4680507.58,1778.9,ID103469023,FRANKLIN #6,L,Closed,,CLOSED
281900.11,4680390.59,1792.3,ID103019027,FRANKLIN #7,L,Closed,,CLOSED
283529.23,4680514.71,1839.6,ID103296840,FRANKLIN #8,L,Closed,,CLOSED
230258.59,4682732.03,1868.7,ID103511249,STAR #2,L,Closed,,CLOSED
231035.34,4681223.09,1978.3,ID103504672,STAR #3,L,Closed,,CLOSED
283279.16,4697188.62,1698.8,ID103486368,MICA #13,L,Closed,,CLOSED
325140.53,4663227.51,2220.6,ID103118399,SURPRISE #1,L,Closed,,CLOSED
274399.89,4671391.18,2496.4,ID103523632,LUCKY BOY #2,L,Closed,,CLOSED
274399.89,4671391.18,2496.4,ID103148616,LUCKY BOY #3,L,Closed,,CLOSED
274399.89,4671391.18,2496.4,ID103522192,LUCKY BOY #4,L,Closed,,CLOSED
273964.55,4671355.11,2517.4,ID103294490,LUCKY BOY #5,L,Closed,,CLOSED
274424.52,4671747.21,2504.2,ID103222041,LUCKY BOY #6,L,Closed,,CLOSED
274379.91,4671748.64,2510.0,ID102268373,LUCKY BOY #7,L,Closed,,CLOSED
279913.28,4665079.01,1740.3,ID103371108,RICO RIDGE 101,L,Closed,,CLOSED
280270.98,4665083.43,1723.2,ID103321648,RICO RIDGE 102,L,Closed,,CLOSED
297064.91,4691629.00,2034.2,ID103114747,ROAD AGENT #5,L,Closed,,CLOSED
272357.41,4657480.81,1899.2,ID103226454,TUNGSTEN CHIEF NO4,L,Closed,,CLOSED
274157.54,4663713.48,2111.6,ID103363241,JOHNS GOLDEN DREAM,L,Closed,,CLOSED
271600.11,4672734.17,1977.6,ID103070216,CALSITE #1,L,Closed,,CLOSED
283529.23,4680514.71,1839.6,ID103459656,FRANKLIN #9,L,Closed,,CLOSED
283497.36,4681034.77,1870.3,ID103324586,FRANKLIN #10,L,Closed,,CLOSED
283575.48,4682122.75,1752.2,ID103477852,FRANKLIN #11,L,Closed,,CLOSED
282695.87,4682406.67,1754.1,ID103142850,FRANKLIN #12,L,Closed,,CLOSED
273593.94,4670965.72,2419.6,ID103341541,LUCKY BOY #1,L,Closed,,CLOSED
265063.64,4669893.13,2232.9,ID103328994,THIRD GO,L,Closed,,CLOSED
328598.86,4722417.42,1285.5,ID103296700,LADY LUCK,L,Closed,,CLOSED
265418.87,4669803.49,2196.3,ID103437729,FIFTH GO,L,Closed,,CLOSED
265428.04,4670277.87,2072.2,ID103374581,SIXTH GO,L,Closed,,CLOSED
265428.04,4670277.87,2072.2,ID103460036,FOURTH GO,L,Closed,,CLOSED
265094.52,4670695.86,2074.1,ID103453794,SEVENTH GO,L,Closed,,CLOSED
283319.29,4671412.47,2059.9,ID103283995,NEVIDA #31,L,Closed,,CLOSED
281700.21,4670638.82,1952.0,ID103455712,NEVIDA #32,L,Closed,,CLOSED
274084.43,4662928.83,2101.1,ID103111740,JOHNS GOLDEN DREAM 2,L,Closed,,CLOSED
257790.42,4682141.02,1401.9,ID103477747,RED WARRIOR CHIEF,L,Closed,,CLOSED
282129.89,4674262.36,2442.2,ID103526996,MT VIEW #1,L,Closed,,CLOSED
282129.89,4674262.36,2442.2,ID103328233,MT VIEW #2,L,Closed,,CLOSED
282129.89,4674262.36,2442.2,ID103018598,MT VIEW #3,L,Closed,,CLOSED
282129.89,4674262.36,2442.2,ID103249872,MT VIEW #4,L,Closed,,CLOSED
282129.89,4674262.36,2442.2,ID103226145,MT VIEW #5,L,Closed,,CLOSED
282129.89,4674262.36,2442.2,ID103471165,MT VIEW #6,L,Closed,,CLOSED
282129.89,4674262.36,2442.2,ID103274872,MT VIEW #7,L,Closed,,CLOSED
282129.89,4674262.36,2442.2,ID103403722,MT VIEW #8,L,Closed,,CLOSED
282129.89,4674262.36,2442.2,ID103371657,OLYMPIA #1,L,Closed,,CLOSED
282129.89,4674262.36,2442.2,ID103346747,OLYMPIA #2,L,Closed,,CLOSED
282227.86,4677480.48,2096.9,ID103453599,JOLLY ROGER,L,Closed,,CLOSED
283760.89,4672625.98,2027.6,ID103471894,THUNDER MOUNTAIN,L,Closed,,CLOSED
328542.50,4699417.30,1698.5,ID103360921,AA 2001,L,Closed,,CLOSED
328542.50,4699417.30,1698.5,ID103521842,AA 2002,L,Closed,,CLOSED
328073.25,4699916.61,1704.7,ID103278205,AA 2003,L,Closed,,CLOSED
328468.36,4699816.90,1741.1,ID103118459,AA 2004,L,Closed,,CLOSED
327691.79,4699968.24,1620.2,ID103224469,AA 2005,L,Closed,,CLOSED
327974.61,4700222.38,1719.0,ID103016324,AA 2006,L,Closed,,CLOSED
327681.53,4700352.94,1652.5,ID103289939,AA 2007,L,Closed,,CLOSED
327627.71,4700739.83,1703.6,ID103500888,AA 2008,L,Closed,,CLOSED
328052.99,4700297.11,1731.5,ID103527747,AA 2009,L,Closed,,CLOSED
327627.71,4700739.83,1703.6,ID103111772,AA 2010,L,Closed,,CLOSED
327954.38,4700737.32,1738.5,ID103361412,AA 2011,L,Closed,,CLOSED
329322.40,4663064.11,2191.1,ID103325899,DRY 25 A,L,Closed,,CLOSED
332101.44,4659922.25,1733.8,ID103462861,MINERAL #3 A,L,Closed,,CLOSED
331331.05,4662221.49,1921.5,ID103288160,GULCH #1 A,L,Closed,,CLOSED
330822.12,4662220.32,2032.4,ID103526729,GULCH #2 A,L,Closed,,CLOSED
330503.44,4661871.32,2049.5,ID102917961,GULCH #3 A,L,Closed,,CLOSED
292560.56,4687290.86,1775.1,ID103278796,ROCKY #1,L,Closed,,CLOSED
292560.56,4687290.86,1775.1,ID103344442,ROCKY #2,L,Closed,,CLOSED
293006.56,4687308.80,1697.1,ID103407091,ROCKY #3,L,Closed,,CLOSED
293006.56,4687308.80,1697.1,ID103371104,ROCKY #4,L,Closed,,CLOSED
293006.56,4687308.80,1697.1,ID103321641,ROCKY #5,L,Closed,,CLOSED
329197.18,4661546.14,2153.9,ID103227768,FERRUGINOUS HAWK #1,L,Closed,,CLOSED
329229.55,4661036.50,2194.6,ID103291438,FERRUGINOUS HAWK #2,L,Closed,,CLOSED
329220.27,4660652.31,2171.4,ID103473569,FERRUGINOUS HAWK #3,L,Closed,,CLOSED
329220.27,4660652.31,2171.4,ID103513260,FERRUGINOUS HAWK #4,L,Closed,,CLOSED
329624.11,4660718.12,2376.9,ID103278518,FERRUGINOUS HAWK #5,L,Closed,,CLOSED
329624.11,4660718.12,2376.9,ID103454467,FERRUGINOUS HAWK #6,L,Closed,,CLOSED
329979.62,4660632.90,2266.7,ID103325433,FERRUGINOUS HAWK #7,L,Closed,,CLOSED
330611.55,4660546.62,2028.7,ID103288072,FERRUGINOUS HAWK #8,L,Closed,,CLOSED
329979.62,4660632.90,2266.7,ID103295067,FERRUGINOUS HAWK #9,L,Closed,,CLOSED
329660.83,4660283.93,2313.8,ID103082353,FERRUGINOUS HAWK #10,L,Closed,,CLOSED
329984.36,4660245.04,2226.8,ID103466599,FERRUGINOUS HAWK #11,L,Closed,,CLOSED
329604.74,4659914.20,2283.1,ID103484090,FERRUGINOUS HAWK #12,L,Closed,,CLOSED
329961.38,4659874.51,2176.6,ID103325342,FERRUGINOUS HAWK #13,L,Closed,,CLOSED
329604.74,4659914.20,2283.1,ID103307585,FERRUGINOUS HAWK #14,L,Closed,,CLOSED
329961.38,4659874.51,2176.6,ID102919019,FERRUGINOUS HAWK #15,L,Closed,,CLOSED
329604.74,4659914.20,2283.1,ID103438907,FERRUGINOUS HAWK #16,L,Closed,,CLOSED
329961.38,4659874.51,2176.6,ID103406391,FERRUGINOUS HAWK #17,L,Closed,,CLOSED
333732.33,4666996.29,1679.5,ID103376203,DELMA #1,L,Closed,,CLOSED
331726.40,4664609.62,1820.3,ID103274375,DELMA #2,L,Closed,,CLOSED
331355.54,4664632.91,1896.8,ID103306723,DELMA #3,L,Closed,,CLOSED
331700.10,4665414.62,1830.2,ID103464052,DELMA #4,L,Closed,,CLOSED
331241.66,4665163.37,1821.2,ID103366386,DELMA #5,L,Closed,,CLOSED
331744.74,4665413.56,1824.9,ID103116060,DELMA #6,L,Closed,,CLOSED
332117.07,4665419.13,1795.0,ID103442498,DELMA #7,L,Closed,,CLOSED
332021.73,4665096.99,1777.4,ID103376735,DELMA #8,L,Closed,,CLOSED
332207.38,4664903.70,1735.4,ID103346978,DELMA #9,L,Closed,,CLOSED
330879.50,4664719.85,1839.2,ID103347725,DELMA #10,L,Closed,,CLOSED
330879.50,4664719.85,1839.2,ID102260978,DELMA #11,L,Closed,,CLOSED
330963.27,4665074.48,1882.8,ID103288154,DELMA #12,L,Closed,,CLOSED
331726.40,4664609.62,1820.3,ID103526308,DELMA #13,L,Closed,,CLOSED
286815.55,4686940.81,2309.5,ID103455405,LUCKY STAR,L,Closed,,CLOSED
286810.80,4686106.24,2252.7,ID101469173,GOLD HILL,L,Closed,,CLOSED
263799.38,4668258.93,2151.8,ID103454111,FREEMAN WHITTLE #19,L,Closed,,CLOSED
263799.38,4668258.93,2151.8,ID103289763,FREEMAN WHITTLE #18,L,Closed,,CLOSED
263799.38,4668258.93,2151.8,ID103291646,FREEMAN WHITTLE #17,L,Closed,,CLOSED
286815.55,4686940.81,2309.5,ID103292589,LUCKY STAR,L,Closed,,CLOSED
286810.80,4686106.24,2252.7,ID103141181,GOLD HILL,L,Closed,,CLOSED
286815.55,4686940.81,2309.5,ID103409395,LUCKY STAR,L,Closed,,CLOSED
286810.80,4686106.24,2252.7,ID103374305,GOLD HILL,L,Closed,,CLOSED
273328.77,4660588.71,2035.2,ID103015036,MICA #13,L,Closed,,CLOSED
273204.65,4657853.77,2066.0,ID103016766,MICA #10,L,Closed,,CLOSED
273181.10,4659884.26,1970.5,ID103503793,MICA #12,L,Closed,,CLOSED
284505.45,4687023.66,2664.1,ID103276061,DEER FLATS,L,Closed,,CLOSED
286557.86,4686172.84,2355.2,ID103478486,GOLD HILL,L,Closed,,CLOSED
286666.30,4686916.45,2290.4,ID103372070,LUCKY STAR,L,Closed,,CLOSED
232412.74,4683146.74,1838.3,ID103454195,ST HELENS #1,L,Closed,20.0,CLOSED
253696.95,4681108.17,1660.2,ID103222516,RED ROCK #1,L,Closed,,CLOSED
253301.99,4681106.46,1701.2,ID103470104,RED ROCK #2,L,Closed,,CLOSED
273238.69,4660569.36,2047.6,ID103411613,MARIE LYNN,L,Closed,,CLOSED
273181.10,4659884.26,1970.5,ID103273620,MARLENE MARIE,L,Closed,,CLOSED
273206.56,4659076.44,2039.9,ID103525653,ATTA SUE,L,Closed,,CLOSED
335540.20,4724659.25,1285.8,ID103364102,EAGLE #2,L,Closed,,CLOSED
331350.92,4722432.15,1295.3,ID103242171,EAGLE #3,L,Closed,,CLOSED
259120.28,4659901.21,1650.0,ID103113467,RIM ROCK,L,Closed,,CLOSED
245982.36,4693423.16,1564.3,ID103379380,BIRM #1,L,Closed,,CLOSED
245982.36,4693423.16,1564.3,ID103472590,BIRM #2,L,Closed,,CLOSED
245982.36,4693423.16,1564.3,ID103344051,BIRM #3,L,Closed,,CLOSED
245189.75,4693492.01,1612.9,ID103223529,BIRM #4,L,Closed,,CLOSED
245189.75,4693492.01,1612.9,ID103309482,BIRM #5,L,Closed,,CLOSED
245153.26,4693124.16,1607.1,ID103526367,BIRM #6,L,Closed,,CLOSED
245153.26,4693124.16,1607.1,ID103247265,BIRM #7,L,Closed,,CLOSED
245947.86,4693040.79,1543.3,ID103116622,BIRM #8,L,Closed,,CLOSED
245947.86,4693040.79,1543.3,ID103300306,BIRM #9,L,Closed,,CLOSED
245947.86,4693040.79,1543.3,ID103225423,BIRM #10,L,Closed,,CLOSED
245914.64,4692330.33,1565.4,ID103412163,BIRM #11,L,Closed,,CLOSED
245914.64,4692330.33,1565.4,ID103275211,BIRM #12,L,Closed,,CLOSED
245914.64,4692330.33,1565.4,ID103504767,BIRM #13,L,Closed,,CLOSED
245201.50,4692273.96,1537.6,ID103464614,BIRM #14,L,Closed,,CLOSED
245201.50,4692273.96,1537.6,ID103291193,BIRM #15,L,Closed,,CLOSED
245096.28,4691762.95,1655.5,ID103017212,BIRM #16,L,Closed,,CLOSED
245096.28,4691762.95,1655.5,ID103186882,BIRM #17,L,Closed,,CLOSED
245894.41,4691727.27,1575.4,ID103327771,BIRM #18,L,Closed,,CLOSED
245894.41,4691727.27,1575.4,ID103277067,BIRM #19,L,Closed,,CLOSED
245894.41,4691727.27,1575.4,ID103478928,BIRM #20,L,Closed,,CLOSED
264529.98,4667041.66,2196.7,ID103144002,GONDOLA HILLS QUAR 2,L,Closed,,CLOSED
263770.01,4667456.16,2048.5,ID103244407,GONDOLA HILLS QUAR 1,L,Closed,,CLOSED
245866.92,4691379.11,1565.5,ID103325598,BIRM #21,L,Closed,,CLOSED
245866.92,4691379.11,1565.5,ID103362084,BIRM #22,L,Closed,,CLOSED
245866.92,4691379.11,1565.5,ID103482857,BIRM #23,L,Closed,,CLOSED
245068.71,4691413.68,1635.6,ID103287060,BIRM #24,L,Closed,,CLOSED
245068.71,4691413.68,1635.6,ID103456831,BIRM #25,L,Closed,,CLOSED
291159.37,4705065.74,1655.1,ID103249825,JOHN #1,L,Closed,,CLOSED
290677.21,4705066.86,1694.2,ID102270181,BIG JOHN #2,L,Closed,,CLOSED
291159.37,4705065.74,1655.1,ID103226665,BIG JOHN #3,L,Closed,,CLOSED
291159.37,4705065.74,1655.1,ID103437530,BIG JOHN #4,L,Closed,,CLOSED
291534.72,4705042.28,1565.6,ID103379753,BIG JOHN #5,L,Closed,,CLOSED
290796.10,4706313.71,1582.6,ID103343036,BIG JOHN #6,L,Closed,,CLOSED
332227.68,4662728.98,1795.4,ID103329609,JOE #1,L,Closed,,CLOSED
332072.91,4662204.93,1820.2,ID103466274,JOE #2,L,Closed,,CLOSED
332072.91,4662204.93,1820.2,ID103291304,JOE #3,L,Closed,,CLOSED
332072.91,4662204.93,1820.2,ID103299260,JOE #4,L,Closed,,CLOSED
332062.96,4661786.31,1813.0,ID103185439,JOE #5,L,Closed,,CLOSED
332054.66,4661402.10,1804.6,ID103405488,JOE #6,L,Closed,,CLOSED
332054.66,4661402.10,1804.6,ID103284280,JOE #7,L,Closed,,CLOSED
332412.73,4661425.82,1745.5,ID103324460,JOE #8,L,Closed,,CLOSED
332027.91,4660833.90,1784.3,ID103308108,JOE #9,L,Closed,,CLOSED
332453.57,4660774.92,1731.8,ID103369794,JOE #10,L,Closed,,CLOSED
332456.68,4660242.67,1693.7,ID103405221,JOE #11,L,Closed,,CLOSED
332397.57,4659948.55,1706.0,ID103341615,JOE #12,L,Closed,,CLOSED
332397.57,4659948.55,1706.0,ID103441524,JOE #13,L,Closed,,CLOSED
332456.68,4660242.67,1693.7,ID103482416,JOE #14A,L,Closed,,CLOSED
332448.95,4660475.06,1720.8,ID103402414,JOE #15,L,Closed,,CLOSED
332412.73,4661425.82,1745.5,ID103292473,JOE #16,L,Closed,,CLOSED
332412.73,4661425.82,1745.5,ID103473530,JOE #17,L,Closed,,CLOSED
332412.73,4661425.82,1745.5,ID103283479,JOE #18,L,Closed,,CLOSED
332434.73,4661795.26,1752.1,ID103278585,JOE #19,L,Closed,,CLOSED
332432.82,4662273.04,1759.3,ID103326078,JOE #20,L,Closed,,CLOSED
332432.82,4662273.04,1759.3,ID103475210,JOE #21,L,Closed,,CLOSED
332432.82,4662273.04,1759.3,ID103141721,JOE #22,L,Closed,,CLOSED
332516.53,4662627.69,1751.9,ID103526701,JOE #23,L,Closed,,CLOSED
332397.57,4659948.55,1706.0,ID103406484,PEP #1,L,Closed,,CLOSED
332467.64,4659552.49,1732.7,ID103490394,PEP #2,L,Closed,,CLOSED
332484.78,4659087.68,1721.3,ID103292668,PEP #3,L,Closed,,CLOSED
332484.78,4659087.68,1721.3,ID103477083,PEP #4,L,Closed,,CLOSED
332761.55,4659554.42,1680.3,ID103321675,PEP NO 5,L,Closed,,CLOSED
332806.58,4659077.85,1642.0,ID103451851,PEP #6,L,Closed,,CLOSED
332101.44,4659922.25,1733.8,ID103523255,PEP #7,L,Closed,,CLOSED
332101.44,4659922.25,1733.8,ID103418451,PEP #8,L,Closed,,CLOSED
332101.44,4659922.25,1733.8,ID103452545,PEP #9,L,Closed,,CLOSED
331220.74,4661483.07,2031.7,ID103298266,PEP #12,L,Closed,,CLOSED
331220.74,4661483.07,2031.7,ID103228981,PEP #13,L,Closed,,CLOSED
331696.18,4661396.19,1905.5,ID103281113,PEP #14,L,Closed,,CLOSED
331696.18,4661396.19,1905.5,ID103361238,PEP #15,L,Closed,,CLOSED
290626.15,4703503.44,1539.3,ID103376600,RED VEIN #1,L,Closed,,CLOSED
290626.15,4703503.44,1539.3,ID103271296,RED VEIN #2,L,Closed,,CLOSED
283255.34,4672263.61,2064.3,ID103014165,THUNDER MOUNTAIN #1,L,Closed,,CLOSED
296554.83,4653202.14,1748.3,ID103463848,BINGO #X,L,Closed,,CLOSED
296554.83,4653202.14,1748.3,ID103018177,BINGO #XI,L,Closed,,CLOSED
296554.83,4653202.14,1748.3,ID103141266,BINGO #XII,L,Closed,,CLOSED
297377.86,4653954.25,1683.3,ID103364824,BINGO #XIII,L,Closed,,CLOSED
260316.85,4651921.81,1828.5,UT104872899,JW # 12,L,Closed,,CLOSED
260724.10,4651700.16,1880.7,UT104083710,JW # 13,L,Closed,,CLOSED
260316.85,4651921.81,1828.5,UT104428070,JW # 14,L,Closed,,CLOSED
260859.55,4652150.28,1879.3,UT103799251,JW # 15,L,Closed,,CLOSED
260353.08,4652257.43,1811.5,UT104662472,JW # 16,L,Closed,,CLOSED
260859.55,4652150.28,1879.3,UT104724902,JW # 17,L,Closed,,CLOSED
260353.08,4652257.43,1811.5,UT101398176,JW # 18,L,Closed,,CLOSED
260859.55,4652150.28,1879.3,UT102288771,JW # 19,L,Closed,,CLOSED
260353.08,4652257.43,1811.5,UT105008459,JW # 20,L,Closed,,CLOSED
260859.55,4652150.28,1879.3,UT104747871,JW # 21,L,Closed,,CLOSED
261137.40,4651780.72,2006.4,UT104797793,JW # 30,L,Closed,,CLOSED
261521.42,4651780.02,1984.6,UT104450995,JW # 31,L,Closed,,CLOSED
261282.68,4652153.81,1930.8,UT104863856,JW # 32,L,Closed,,CLOSED
261587.86,4652152.43,1975.7,UT104548859,JW # 33,L,Closed,,CLOSED
261282.68,4652153.81,1930.8,UT104691541,JW # 34,L,Closed,,CLOSED
261587.86,4652152.43,1975.7,UT101791326,JW # 35,L,Closed,,CLOSED
261282.68,4652153.81,1930.8,UT105213028,JW # 36,L,Closed,,CLOSED
261587.86,4652152.43,1975.7,UT104699999,JW # 37,L,Closed,,CLOSED
261282.68,4652153.81,1930.8,UT104877374,JW # 38,L,Closed,,CLOSED
261587.86,4652152.43,1975.7,UT104840637,JW # 39,L,Closed,,CLOSED
260859.55,4652150.28,1879.3,UT102280757,JW # 19,L,Closed,,CLOSED
260859.55,4652150.28,1879.3,UT104774567,JW # 21,L,Closed,,CLOSED
261282.68,4652153.81,1930.8,UT105031913,JW # 34,L,Closed,,CLOSED
261282.68,4652153.81,1930.8,UT104087274,JW # 36,L,Closed,,CLOSED
261282.68,4652153.81,1930.8,UT101393162,JW # 38,L,Closed,,CLOSED
261282.68,4652153.81,1930.8,UT105086535,PEG LEG MINE,L,Closed,20.66,CLOSED
260353.08,4652257.43,1811.5,UT104800999,GC 1,L,Closed,20.66,CLOSED
260859.55,4652150.28,1879.3,UT104801000,GC 2,L,Closed,20.66,CLOSED
261282.68,4652153.81,1930.8,UT104801001,GC 3,L,Closed,20.66,CLOSED
261946.94,4652224.85,2029.2,UT104801002,GC 4,L,Closed,20.66,CLOSED
260859.55,4652150.28,1879.3,UT104801003,GC 5,L,Closed,20.66,CLOSED
260859.55,4652150.28,1879.3,UT104801004,GC 6,L,Closed,20.66,CLOSED
260859.55,4652150.28,1879.3,UT104801005,GC 7,L,Closed,20.66,CLOSED
260859.55,4652150.28,1879.3,UT104801006,GC 8,L,Closed,20.66,CLOSED
261282.68,4652153.81,1930.8,UT104801007,GC 9,L,Closed,20.66,CLOSED
261587.86,4652152.43,1975.7,UT104801008,GC 10,L,Closed,20.66,CLOSED
261587.86,4652152.43,1975.7,UT104801009,GC 11,L,Closed,20.66,CLOSED
261587.86,4652152.43,1975.7,UT104801010,GC 12,L,Closed,20.66,CLOSED
261946.94,4652224.85,2029.2,UT104801011,GC 13,L,Closed,17.22,CLOSED
260724.10,4651700.16,1880.7,UT104801012,GC 14,L,Closed,20.66,CLOSED
260724.10,4651700.16,1880.7,UT104801013,GC 15,L,Closed,20.66,CLOSED
260724.10,4651700.16,1880.7,UT104801014,GC 16,L,Closed,20.66,CLOSED
260724.10,4651700.16,1880.7,UT104801015,GC 17,L,Closed,20.66,CLOSED
261137.40,4651780.72,2006.4,UT104801016,GC 18,L,Closed,20.66,CLOSED
261521.42,4651780.02,1984.6,UT104801017,GC 19,L,Closed,20.66,CLOSED
261521.42,4651780.02,1984.6,UT104801018,GC 20,L,Closed,20.66,CLOSED
261521.42,4651780.02,1984.6,UT104801019,GC 21,L,Closed,20.66,CLOSED
262080.74,4651688.97,2027.0,UT104801020,GC 22,L,Closed,15.49,CLOSED
263762.98,4651717.21,2411.8,UT104801809,GC 47,L,Closed,20.66,CLOSED
263762.98,4651717.21,2411.8,UT104802556,GC 49,L,Closed,20.66,CLOSED
263762.98,4651717.21,2411.8,UT104802558,GC 51,L,Closed,20.66,CLOSED
264143.88,4651747.89,2397.3,UT104802560,GC 53,L,Closed,20.66,CLOSED
264703.45,4651739.30,2233.1,UT104802562,GC 55,L,Closed,20.66,CLOSED
280016.99,4651604.45,1657.7,UT104438631,RAFT RIVER NO 1,L,Closed,,CLOSED
280016.99,4651604.45,1657.7,UT103834380,RAFT RIVER NO 2,L,Closed,,CLOSED
280016.99,4651604.45,1657.7,UT104828687,RAFT RIVER NO 3,L,Closed,,CLOSED
280016.99,4651604.45,1657.7,UT104660549,RAFT RIVER NO 4,L,Closed,,CLOSED
280016.99,4651604.45,1657.7,UT104424325,RAFT RIVER NO 5,L,Closed,,CLOSED
280016.99,4651604.45,1657.7,UT104491016,RAFT RIVER NO 6,L,Closed,,CLOSED
280016.99,4651604.45,1657.7,UT104825570,RAFT RIVER NO 7,L,Closed,,CLOSED
280016.99,4651604.45,1657.7,UT102316621,RAFT RIVER NO 8,L,Closed,,CLOSED
280016.99,4651604.45,1657.7,UT101392695,RAFT RIVER NO 9,L,Closed,,CLOSED
280016.99,4651604.45,1657.7,UT104817119,RAFT RIVER NO 10,L,Closed,,CLOSED
280016.99,4651604.45,1657.7,UT103838306,RAFT RIVER NO 11,L,Closed,,CLOSED
280016.99,4651604.45,1657.7,UT104873473,RAFT RIVER NO 12,L,Closed,,CLOSED
280016.99,4651604.45,1657.7,UT101774720,RAFT RIVER NO 13,L,Closed,,CLOSED
280016.99,4651604.45,1657.7,UT104705987,RAFT RIVER NO 14,L,Closed,,CLOSED
280016.99,4651604.45,1657.7,UT104451095,RAFT RIVER NO 15,L,Closed,,CLOSED
280016.99,4651604.45,1657.7,UT104482661,RAFT RIVER NO 16,L,Closed,,CLOSED
280016.99,4651604.45,1657.7,UT104822056,RAFT RIVER NO 17,L,Closed,,CLOSED
280016.99,4651604.45,1657.7,UT104738918,RAFT RIVER NO 18,L,Closed,,CLOSED
280016.99,4651604.45,1657.7,UT104867305,RAFT RIVER NO 19,L,Closed,,CLOSED
280016.99,4651604.45,1657.7,UT104823856,RAFT RIVER NO 20,L,Closed,,CLOSED
280016.99,4651604.45,1657.7,UT104773140,RAFT RIVER NO 21,L,Closed,,CLOSED
280016.99,4651604.45,1657.7,UT104751884,RAFT RIVER NO 22,L,Closed,,CLOSED
280016.99,4651604.45,1657.7,UT101397177,RAFT RIVER NO 23,L,Closed,,CLOSED
295979.35,4652128.48,1833.3,ID106344636,Bally #2,L,Closed,2163.5,CLOSED
263712.16,4665851.70,1935.6,ID103490297,MS-1-49,M,Closed,,CLOSED
264472.01,4665825.19,2074.0,ID103370599,MS-2-13,M,Closed,,CLOSED
264472.01,4665825.19,2074.0,ID103297710,MS-1-13,M,Closed,,CLOSED
263712.16,4665851.70,1935.6,ID103226027,MS-2-49,M,Closed,,CLOSED
288941.89,4685879.51,1926.4,ID103294039,BADGER,M,Closed,,CLOSED
260841.27,4676428.76,1432.2,ID103410005,ROD 1,M,Closed,5.0,CLOSED
260081.22,4676416.84,1413.8,ID103507213,ROD 2,M,Closed,5.0,CLOSED
260081.22,4676416.84,1413.8,ID103227913,ROD 3,M,Closed,5.0,CLOSED
261367.65,4669150.13,1730.0,ID103309461,LION 6,M,Closed,5.0,CLOSED
261367.65,4669150.13,1730.0,ID103309462,LION 7,M,Closed,5.0,CLOSED
260565.10,4669225.14,1660.0,ID103506260,GOOSE 1,M,Closed,,CLOSED
310365.71,4654612.54,1578.6,ID102309455,NAF MILL,M,Closed,,CLOSED
303065.33,4682908.27,1396.8,ID103287851,LADY FRANKLIN MS,M,Closed,,CLOSED
305384.60,4682435.75,1385.5,ID103112033,FOURTH TERM MILL,M,Closed,,CLOSED
271997.68,4672729.07,2015.4,ID105790788,NORTH CARSON,P,Closed,40.0,CLOSED
263458.93,4668692.79,2049.1,ID103117586,ROCK GARDEN QUARRY 1,P,Closed,,CLOSED
263458.93,4668692.79,2049.1,ID103419471,ROCK GARDEN QUARRY 2,P,Closed,,CLOSED
263458.93,4668692.79,2049.1,ID103411661,ROCK GARDEN QUARRY 3,P,Closed,,CLOSED
263458.93,4668692.79,2049.1,ID103329902,ROCK GARDEN QUARRY 4,P,Closed,,CLOSED
263458.93,4668692.79,2049.1,ID103477237,ROCK GARDEN QUARRY 5,P,Closed,,CLOSED
263782.42,4669062.15,2072.4,ID102920603,VALLEY VIEW #9,P,Closed,,CLOSED
263782.42,4669062.15,2072.4,ID103349134,VALLEY VIEW #10,P,Closed,,CLOSED
263782.42,4669062.15,2072.4,ID103282842,VALLEY VIEW #11,P,Closed,,CLOSED
263782.42,4669062.15,2072.4,ID103472551,VALLEY VIEW #12,P,Closed,,CLOSED
263782.42,4669062.15,2072.4,ID102269775,VALLEY VIEW #13,P,Closed,,CLOSED
263782.42,4669062.15,2072.4,ID103244307,VALLEY VIEW #14,P,Closed,,CLOSED
263782.42,4669062.15,2072.4,ID103274167,VALLEY VIEW #15,P,Closed,,CLOSED
263782.42,4669062.15,2072.4,ID103529055,VALLEY VIEW #16,P,Closed,,CLOSED
251667.40,4712857.86,1249.6,ID103525083,LUCKY,P,Closed,,CLOSED
251667.40,4712857.86,1249.6,ID103293411,LUCKY STRIKE,P,Closed,,CLOSED
263799.38,4668258.93,2151.8,ID101682572,SPARKLE STONE QUARRY,P,Closed,,CLOSED
325272.92,4722587.13,1294.8,ID103465314,GOOD EARTH #1,P,Closed,,CLOSED
263203.69,4671341.67,1755.1,ID103326842,PROPHROCY #6,P,Closed,,CLOSED
263203.69,4671341.67,1755.1,ID103306290,PROPHROCY #5,P,Closed,,CLOSED
327679.16,4722516.89,1293.2,ID103466715,KENRICK FINES NO 1,P,Closed,,CLOSED
328914.90,4723288.54,1313.5,ID103286419,KENRICK FINES NO 2,P,Closed,,CLOSED
328914.90,4723288.54,1313.5,ID103525769,KENRICK FINES NO 3,P,Closed,,CLOSED
328933.90,4724091.43,1324.4,ID103451702,KENRICK FINES NO 4,P,Closed,,CLOSED
328532.43,4724904.72,1288.2,ID103297369,KENRICK FINES NO 5,P,Closed,,CLOSED
328128.89,4724110.24,1290.3,ID103344219,KENRICK FINES NO 6,P,Closed,,CLOSED
327325.84,4724174.66,1288.9,ID103283095,KENRICK FINES NO 7,P,Closed,,CLOSED
326628.77,4724147.62,1291.9,ID103363311,KENRICK FINES NO 8,P,Closed,,CLOSED
325424.50,4724142.30,1298.5,ID103276519,KENRICK FINES NO 9,P,Closed,,CLOSED
325345.20,4723404.25,1305.6,ID103414811,KENRICK FINES NO 10,P,Closed,,CLOSED
323769.24,4724240.87,1300.2,ID103488082,KENRICK FINES NO 11,P,Closed,,CLOSED
322163.21,4724275.24,1298.1,ID103016467,KENRICK FINES NO 12,P,Closed,,CLOSED
321759.23,4723494.43,1291.7,ID103299218,KENRICK FINES NO 13,P,Closed,,CLOSED
322561.67,4723434.95,1289.1,ID103283761,KENRICK FINES NO 14,P,Closed,,CLOSED
323452.64,4723372.19,1284.2,ID102925460,KENRICK FINES NO 15,P,Closed,,CLOSED
324254.47,4723352.92,1294.5,ID103456575,KENRICK FINES NO 16,P,Closed,,CLOSED
323692.90,4722561.57,1283.5,ID103324165,KENRICK FINES NO 17,P,Closed,,CLOSED
322552.77,4722670.67,1282.7,ID103503186,KENRICK FINES NO 18,P,Closed,,CLOSED
321749.53,4722702.39,1282.4,ID103473084,KENRICK FINES NO 19,P,Closed,,CLOSED
264796.42,4672173.24,1767.5,ID103068930,BROKEN DIAMOND 1,P,Closed,,CLOSED
264796.42,4672173.24,1767.5,ID103015490,BROKEN DIAMOND 2,P,Closed,,CLOSED
264796.42,4672173.24,1767.5,ID103469206,BROKEN DIAMOND 3,P,Closed,,CLOSED
264796.42,4672173.24,1767.5,ID103146277,BROKEN DIAMOND 4,P,Closed,,CLOSED
264722.31,4671340.83,1937.6,ID103402889,BROKEN DIAMOND 5,P,Closed,,CLOSED
264722.31,4671340.83,1937.6,ID103020399,BROKEN DIAMOND 6,P,Closed,,CLOSED
264722.31,4671340.83,1937.6,ID103474757,BROKEN DIAMOND 7,P,Closed,,CLOSED
264722.31,4671340.83,1937.6,ID103306751,BROKEN DIAMOND 8,P,Closed,,CLOSED
297522.82,4659656.68,1530.6,ID103379368,DENA #1,P,Closed,,CLOSED
251289.82,4712855.79,1245.4,ID103486741,BWANA ASSOCATION,P,Closed,,CLOSED
263006.77,4669937.52,1904.2,ID103487807,VALLEY VIEW #7,P,Closed,,CLOSED
263006.77,4669937.52,1904.2,ID103286398,VALLEY VIEW #8,P,Closed,,CLOSED
321759.23,4723494.43,1291.7,ID103401345,RED #1,P,Closed,,CLOSED
321749.53,4722702.39,1282.4,ID103348107,RED #2,P,Closed,,CLOSED
322561.67,4723434.95,1289.1,ID102917950,RED #3,P,Closed,,CLOSED
322552.77,4722670.67,1282.7,ID103463443,RED #4,P,Closed,,CLOSED
323452.64,4723372.19,1284.2,ID103403441,RED #5,P,Closed,,CLOSED
323692.90,4722561.57,1283.5,ID103241943,RED #6,P,Closed,,CLOSED
324254.47,4723352.92,1294.5,ID103285155,RED #7,P,Closed,,CLOSED
324254.47,4723352.92,1294.5,ID103284327,RED #8,P,Closed,,CLOSED
324965.90,4723424.93,1303.7,ID103402491,RED #9,P,Closed,,CLOSED
325778.62,4724165.61,1300.3,ID103350569,RED #10,P,Closed,,CLOSED
325758.49,4723364.95,1307.1,ID103528040,RED #11,P,Closed,,CLOSED
326628.77,4724147.62,1291.9,ID103291214,RED #12,P,Closed,,CLOSED
326628.77,4724147.62,1291.9,ID103487253,RED #13,P,Closed,,CLOSED
327343.92,4724933.13,1300.6,ID103505595,RED #14,P,Closed,,CLOSED
327343.92,4724933.13,1300.6,ID103224670,RED #15,P,Closed,,CLOSED
327325.84,4724174.66,1288.9,ID103415414,RED #16,P,Closed,,CLOSED
327294.59,4722525.35,1296.1,ID103282384,RED #17,P,Closed,,CLOSED
328169.39,4722468.06,1287.6,ID103272033,RED #18,P,Closed,,CLOSED
328914.90,4723288.54,1313.5,ID103300835,RED #19,P,Closed,,CLOSED
328937.66,4722415.72,1282.8,ID103447503,RED #20,P,Closed,,CLOSED
263799.38,4668258.93,2151.8,ID103228753,ROCK GARDEN #1,P,Closed,,CLOSED
263799.38,4668258.93,2151.8,ID103472552,ROCK GARDEN #2,P,Closed,,CLOSED
263799.38,4668258.93,2151.8,ID102269777,ROCK GARDEN #3,P,Closed,,CLOSED
263799.38,4668258.93,2151.8,ID103244308,ROCK GARDEN #4,P,Closed,,CLOSED
273613.58,4660610.71,2030.7,ID103516245,MARIE LYNN,P,Closed,,CLOSED
263203.69,4671341.67,1755.1,ID103249832,PROPHROCY CLAIM 6,P,Closed,,CLOSED
265209.74,4671621.39,1808.2,ID103281925,BROKEN DIAMOND 5,P,Closed,,CLOSED
264722.31,4671340.83,1937.6,ID103328526,BROKEN DIAMOND 6,P,Closed,,CLOSED
263799.38,4668258.93,2151.8,ID103468679,R W FOLLY #1,P,Closed,,CLOSED
263799.38,4668258.93,2151.8,ID103401855,R W FOLLY #2,P,Closed,,CLOSED
263799.38,4668258.93,2151.8,ID103361348,R W FOLLY #3,P,Closed,,CLOSED
263799.38,4668258.93,2151.8,ID103455863,R W FOLLY #4,P,Closed,,CLOSED
326943.66,4722534.10,1297.9,ID103223739,K M #1,P,Closed,,CLOSED
328169.39,4722468.06,1287.6,ID103366672,K M #2,P,Closed,,CLOSED
264722.31,4671340.83,1937.6,ID103243118,BROKEN DIAMOND #5,P,Closed,,CLOSED
264722.31,4671340.83,1937.6,ID103274414,BROKEN DIAMOND #6,P,Closed,,CLOSED
273238.69,4660569.36,2047.6,ID103414078,MARIE LYNN,P,Closed,,CLOSED
263203.69,4671341.67,1755.1,ID103455078,PROPHROCY #6,P,Closed,,CLOSED
296042.81,4693613.65,1920.2,ID103307135,LAVA #5,P,Closed,,CLOSED
295159.49,4693676.14,1753.9,ID102920314,LAVA #6,P,Closed,,CLOSED
317741.68,4723491.13,1284.1,ID103295191,BIG SHOE,P,Closed,,CLOSED
317037.22,4723501.92,1285.4,ID103299960,COME ALONG,P,Closed,,CLOSED
317037.22,4723501.92,1285.4,ID103228401,GOLD ACRES,P,Closed,,CLOSED
317741.68,4723491.13,1284.1,ID103281027,JUNIPPER RIDGE,P,Closed,,CLOSED
317741.68,4723491.13,1284.1,ID102920640,LONE BUTTE,P,Closed,,CLOSED
317037.22,4723501.92,1285.4,ID103323738,MAVERICK,P,Closed,,CLOSED
317037.22,4723501.92,1285.4,ID103481986,ROUGH IT,P,Closed,,CLOSED
317037.22,4723501.92,1285.4,ID103414690,STAGECOACH,P,Closed,,CLOSED
317741.68,4723491.13,1284.1,ID103458385,TRAILS EMD,P,Closed,,CLOSED
318646.00,4723437.41,1284.5,ID103418004,WINCHESTER 1000,P,Closed,,CLOSED
323452.64,4723372.19,1284.2,ID103286677,BLACKJACK,P,Closed,,CLOSED
321778.22,4724296.24,1292.0,ID103299517,CRAPS,P,Closed,,CLOSED
322143.45,4723473.45,1295.2,ID103281710,FARO,P,Closed,,CLOSED
324272.31,4724153.64,1305.5,ID103523221,ROUGE,P,Closed,,CLOSED
325778.62,4724165.61,1300.3,ID103364542,SIX SHOOTER,P,Closed,,CLOSED
324272.31,4724153.64,1305.5,ID103347041,TWENTY ONE,P,Closed,,CLOSED
264676.61,4669030.03,2232.3,ID103113521,SPARKLE MTN #1,P,Closed,,CLOSED
264676.61,4669030.03,2232.3,ID103242181,SPARKLE MTN #2,P,Closed,,CLOSED
265435.25,4669002.53,2363.9,ID103310689,SPARKLE MTN #3,P,Closed,,CLOSED
265435.25,4669002.53,2363.9,ID103279435,SPARKLE MTN #4,P,Closed,,CLOSED
264603.57,4668229.83,2296.4,ID103517229,SPARKLE MTN #5,P,Closed,,CLOSED
264603.57,4668229.83,2296.4,ID103478178,SPARKLE MTN #6,P,Closed,,CLOSED
265362.29,4668202.32,2353.8,ID103419423,SPARKLE MTN #7,P,Closed,,CLOSED
265362.29,4668202.32,2353.8,ID103294173,SPARKLE MTN #8,P,Closed,,CLOSED
265182.91,4685809.87,1374.9,ID103220896,CENTENIAL #1,P,Closed,,CLOSED
265182.91,4685809.87,1374.9,ID103329048,CENTENIAL #2,P,Closed,,CLOSED
265989.72,4685820.71,1423.4,ID103015988,CENTENIAL #3,P,Closed,,CLOSED
265159.24,4685053.58,1387.7,ID103404137,CENTENIAL #4,P,Closed,,CLOSED
265137.32,4684250.54,1395.9,ID103439925,CENTENIAL #5,P,Closed,,CLOSED
261203.76,4664378.58,1777.4,ID103018071,RED CABIN 1,P,Closed,,CLOSED
261174.92,4663574.67,1883.6,ID103463247,RED CABIN 2,P,Closed,,CLOSED
261202.35,4663945.06,1837.0,ID103274952,RED CABIN 3,P,Closed,,CLOSED
261202.35,4663945.06,1837.0,ID103517009,RED CABIN 4,P,Closed,,CLOSED
258282.66,4673315.39,1514.2,ID103327439,MAGMA #1,P,Closed,,CLOSED
249031.91,4684029.70,1517.9,ID103456888,RATTLESNAKE #2,P,Closed,,CLOSED
249759.82,4684131.58,1614.1,ID103402221,RATTLESNAKE #3,P,Closed,,CLOSED
249461.56,4684498.03,1509.3,ID103347017,RATTLESNAKE #4,P,Closed,,CLOSED
258282.66,4673315.39,1514.2,ID103525884,MAGMA 31,P,Closed,,CLOSED
274356.11,4668550.26,2551.0,ID103482383,STAR STONE #5,P,Closed,160.0,CLOSED
271805.09,4667083.88,1964.6,ID103405677,STAR STONE #6,P,Closed,160.0,CLOSED
271829.22,4667932.36,2081.1,ID102920491,STAR STONE #7,P,Closed,160.0,CLOSED
272722.88,4667804.58,2244.6,ID103466733,STAR STONE #8,P,Closed,140.0,CLOSED
273528.81,4667778.66,2414.8,ID103483959,STAR STONE #9,P,Closed,160.0,CLOSED
274246.27,4667806.80,2592.3,ID103438685,STAR STONE #10,P,Closed,160.0,CLOSED
272657.29,4668644.84,2237.6,ID102918799,STAR STONE #11,P,Closed,160.0,CLOSED
321759.23,4723494.43,1291.7,ID103278352,LAST #1,P,Closed,,CLOSED
321749.53,4722702.39,1282.4,ID103140809,LAST #2,P,Closed,,CLOSED
322561.67,4723434.95,1289.1,ID103019444,LAST #3,P,Closed,,CLOSED
322552.77,4722670.67,1282.7,ID103461629,LAST #4,P,Closed,,CLOSED
323452.64,4723372.19,1284.2,ID103294143,LAST #5,P,Closed,,CLOSED
323692.90,4722561.57,1283.5,ID103490335,LAST #6,P,Closed,,CLOSED
324254.47,4723352.92,1294.5,ID103529041,LAST #7,P,Closed,,CLOSED
324254.47,4723352.92,1294.5,ID103456197,LAST #8,P,Closed,,CLOSED
324965.90,4723424.93,1303.7,ID103275604,LAST #9,P,Closed,,CLOSED
325778.62,4724165.61,1300.3,ID103501127,LAST #10,P,Closed,,CLOSED
325758.49,4723364.95,1307.1,ID103444909,LAST #11,P,Closed,,CLOSED
326628.77,4724147.62,1291.9,ID103327972,LAST #12,P,Closed,,CLOSED
326628.77,4724147.62,1291.9,ID103115738,LAST #13,P,Closed,,CLOSED
327343.92,4724933.13,1300.6,ID103409756,LAST #14,P,Closed,,CLOSED
327343.92,4724933.13,1300.6,ID103330132,LAST #15,P,Closed,,CLOSED
327325.84,4724174.66,1288.9,ID103119154,LAST #16,P,Closed,,CLOSED
327294.59,4722525.35,1296.1,ID103019609,LAST #17,P,Closed,,CLOSED
328169.39,4722468.06,1287.6,ID103410531,LAST #18,P,Closed,,CLOSED
328914.90,4723288.54,1313.5,ID103487028,LAST #19,P,Closed,,CLOSED
328937.66,4722415.72,1282.8,ID102918704,LAST #20,P,Closed,,CLOSED
266052.61,4665012.25,2457.3,ID103477305,GRANITE #1,P,Closed,,CLOSED
247859.69,4676167.09,2008.0,ID103378834,NORTH WATER DES #1,P,Closed,,CLOSED
247859.69,4676167.09,2008.0,ID103370759,NORTH WATER DES #2,P,Closed,,CLOSED
247859.69,4676167.09,2008.0,ID103472150,NORTH WATER DES #3,P,Closed,,CLOSED
247859.69,4676167.09,2008.0,ID103404541,NORTH WATER DES #4,P,Closed,,CLOSED
247826.30,4675327.69,2065.3,ID103376969,NORTH WATER DES #5,P,Closed,,CLOSED
247826.30,4675327.69,2065.3,ID103222444,NORTH WATER DES #6,P,Closed,,CLOSED
247826.30,4675327.69,2065.3,ID103502697,NORTH WATER DES #7,P,Closed,,CLOSED
247826.30,4675327.69,2065.3,ID103286886,NORTH WATER DES #8,P,Closed,,CLOSED
247868.11,4674555.64,2051.3,ID103468089,NORTH WATER DES #9,P,Closed,,CLOSED
247868.11,4674555.64,2051.3,ID103284932,NORTH WATER DES #10,P,Closed,,CLOSED
247868.11,4674555.64,2051.3,ID103467738,NORTH WATER DES #11,P,Closed,,CLOSED
247868.11,4674555.64,2051.3,ID103405903,NORTH WATER DES #12,P,Closed,,CLOSED
247868.11,4674555.64,2051.3,ID103377373,NORTH WATER DES #13,P,Closed,,CLOSED
247868.11,4674555.64,2051.3,ID103473579,NORTH WATER DES #14,P,Closed,,CLOSED
247868.11,4674555.64,2051.3,ID103472151,NORTH WATER DES #15,P,Closed,,CLOSED
247868.11,4674555.64,2051.3,ID103405562,NORTH WATER DES #16,P,Closed,,CLOSED
247826.30,4675327.69,2065.3,ID103502900,NORTH WATER DES #17,P,Closed,,CLOSED
247826.30,4675327.69,2065.3,ID103226226,NORTH WATER DES #18,P,Closed,,CLOSED
247826.30,4675327.69,2065.3,ID102920630,NORTH WATER DES #19,P,Closed,,CLOSED
247826.30,4675327.69,2065.3,ID103323729,NORTH WATER DES #20,P,Closed,,CLOSED
247859.69,4676167.09,2008.0,ID103289837,NORTH WATER DES #21,P,Closed,,CLOSED
247859.69,4676167.09,2008.0,ID103470454,NORTH WATER DES #22,P,Closed,,CLOSED
248559.43,4676013.07,2001.1,ID103370080,NORTH WATER DES #23,P,Closed,,CLOSED
248559.43,4676013.07,2001.1,ID103515830,NORTH WATER DES #24,P,Closed,,CLOSED
248610.73,4675204.00,1982.6,ID103365795,NORTH WATER DES #25,P,Closed,,CLOSED
248610.73,4675204.00,1982.6,ID103347062,NORTH WATER DES #26,P,Closed,,CLOSED
248610.73,4675204.00,1982.6,ID103146435,NORTH WATER DES #27,P,Closed,,CLOSED
248610.73,4675204.00,1982.6,ID103403096,NORTH WATER DES #28,P,Closed,,CLOSED
248543.36,4674405.84,1956.8,ID103380064,NORTH WATER DES #29,P,Closed,,CLOSED
266052.61,4665012.25,2457.3,ID103329646,GRANITE #1,P,Closed,,CLOSED
264445.12,4665069.03,2100.3,ID103083098,ROCKY MOUNTAIN #1,P,Closed,,CLOSED
264445.12,4665069.03,2100.3,ID103519186,ROCKY MOUNTAIN #2,P,Closed,,CLOSED
264445.12,4665069.03,2100.3,ID103474350,ROCKY MOUNTAIN #5,P,Closed,,CLOSED
264445.12,4665069.03,2100.3,ID103467271,ROCKY MOUNTAIN #6,P,Closed,,CLOSED
264472.01,4665825.19,2074.0,ID103064306,ROCKY MOUNTAIN #14,P,Closed,,CLOSED
264502.73,4666671.27,2142.1,ID103020448,ROCKY MOUNTAIN #15,P,Closed,,CLOSED
264502.73,4666671.27,2142.1,ID103468587,ROCKY MOUNTAIN #16,P,Closed,,CLOSED
264502.73,4666671.27,2142.1,ID103293635,ROCKY MOUNTAIN #17,P,Closed,,CLOSED
264502.73,4666671.27,2142.1,ID103224318,ROCKY MOUNTAIN #18,P,Closed,,CLOSED
264502.73,4666671.27,2142.1,ID103528552,ROCKY MOUNTAIN #19,P,Closed,,CLOSED
264502.73,4666671.27,2142.1,ID103460160,ROCKY MOUNTAIN #20,P,Closed,,CLOSED
264502.73,4666671.27,2142.1,ID103119457,ROCKY MOUNTAIN #21,P,Closed,,CLOSED
263640.50,4665095.92,1907.0,ID103527308,ROCKY MOUNTAIN #41,P,Closed,,CLOSED
263640.50,4665095.92,1907.0,ID103113334,ROCKY MOUNTAIN #42,P,Closed,,CLOSED
263640.50,4665095.92,1907.0,ID103324562,ROCKY MOUNTAIN #43,P,Closed,,CLOSED
263640.50,4665095.92,1907.0,ID101467534,ROCKY MOUNTAIN #44,P,Closed,,CLOSED
263712.16,4665851.70,1935.6,ID103482060,ROCKY MOUNTAIN #47,P,Closed,,CLOSED
263712.16,4665851.70,1935.6,ID103457650,ROCKY MOUNTAIN #48,P,Closed,,CLOSED
263712.16,4665851.70,1935.6,ID103286684,ROCKY MOUNTAIN #49,P,Closed,,CLOSED
263699.84,4664246.82,1992.2,ID103347010,ROCKY MOUNTAIN #55,P,Closed,,CLOSED
263699.84,4664246.82,1992.2,ID103526113,ROCKY MOUNTAIN #56,P,Closed,,CLOSED
255026.56,4674213.96,1601.4,ID103475759,SO HILLS ANTIQUE #4,P,Closed,,CLOSED
254218.76,4674241.00,1603.0,ID103282794,SO HILLS ANTIQUE #3,P,Closed,,CLOSED
257478.25,4674955.14,1541.3,ID103483765,MAGMA #8,P,Closed,,CLOSED
257478.25,4674955.14,1541.3,ID103458653,RUSTIC #2,P,Closed,,CLOSED
261203.76,4664378.58,1777.4,ID103520828,RED CABIN #1,P,Closed,,CLOSED
261174.92,4663574.67,1883.6,ID103475723,RED CABIN #2,P,Closed,,CLOSED
261202.35,4663945.06,1837.0,ID103458993,RED CABIN #3,P,Closed,,CLOSED
262005.09,4664349.31,1896.7,ID103458900,RED CABIN #4,P,Closed,,CLOSED
253451.65,4675854.41,1633.2,ID103365566,DAVID #10,P,Closed,,CLOSED
254218.76,4674241.00,1603.0,ID103452147,DAVID #13,P,Closed,,CLOSED
254218.76,4674241.00,1603.0,ID103401940,DAVID #14,P,Closed,,CLOSED
263786.12,4666651.86,2018.3,ID103482249,ROCKY MOUNTAIN #57,P,Closed,,CLOSED
263786.12,4666651.86,2018.3,ID103488167,ROCKY MOUNTAIN #58,P,Closed,,CLOSED
263786.12,4666651.86,2018.3,ID103457194,ROCKY MOUNTAIN #59,P,Closed,,CLOSED
265307.78,4666687.81,2373.8,ID103452302,ROCKY MOUNTAIN #60,P,Closed,,CLOSED
265275.68,4665797.31,2252.5,ID102916234,ROCKY MOUNTAIN #61,P,Closed,,CLOSED
265275.68,4665797.31,2252.5,ID103299023,ROCKY MOUNTAIN #62,P,Closed,,CLOSED
265275.68,4665797.31,2252.5,ID103348907,ROCKY MOUNTAIN #63,P,Closed,,CLOSED
263699.84,4664246.82,1992.2,ID103408272,ROCKY MOUNTAIN #64,P,Closed,,CLOSED
264503.74,4664219.97,2075.0,ID103528919,ROCKY MOUNTAIN #65,P,Closed,,CLOSED
264503.74,4664219.97,2075.0,ID103412270,ROCKY MOUNTAIN #66,P,Closed,,CLOSED
264503.74,4664219.97,2075.0,ID103329065,ROCKY MOUNTAIN #67,P,Closed,,CLOSED
264503.74,4664219.97,2075.0,ID103276597,ROCKY MOUNTAIN #68,P,Closed,,CLOSED
265292.03,4664994.13,2259.1,ID103366991,ROCKY MOUNTAIN #69,P,Closed,,CLOSED
265292.03,4664994.13,2259.1,ID103295999,ROCKY MOUNTAIN #70,P,Closed,,CLOSED
265308.38,4664190.96,2169.1,ID103360099,ROCKY MOUNTAIN #71,P,Closed,,CLOSED
265308.38,4664190.96,2169.1,ID103474082,ROCKY MOUNTAIN #72,P,Closed,,CLOSED
334555.04,4724822.71,1279.7,ID103326702,UPPER BONANZA BAR #1,P,Closed,,CLOSED
333471.95,4724765.33,1315.5,ID103405893,UPPER BONANZA BAR #2,P,Closed,,CLOSED
331828.79,4723496.11,1280.1,ID103294858,UPPER BONANZA BAR #3,P,Closed,,CLOSED
254987.78,4671791.55,1666.6,ID103403954,JANA #1,P,Closed,,CLOSED
254987.78,4671791.55,1666.6,ID103376433,JANA #2,P,Closed,,CLOSED
255786.76,4672552.08,1637.9,ID103113308,JANA #3,P,Closed,,CLOSED
255077.08,4672575.61,1601.9,ID103111585,JANA #4,P,Closed,,CLOSED
255652.34,4671084.72,1543.1,ID103485329,JANA #5,P,Closed,,CLOSED
256627.90,4670970.91,1502.7,ID103404075,JANA #6,P,Closed,,CLOSED
255812.64,4673393.93,1564.6,ID103363118,JANA #7,P,Closed,,CLOSED
256616.51,4673370.55,1587.0,ID103464911,JANA #8,P,Closed,,CLOSED
256616.51,4673370.55,1587.0,ID103485902,JANA #9,P,Closed,,CLOSED
254820.60,4671075.80,1619.9,ID103375749,JANA #10,P,Closed,,CLOSED
263025.11,4669178.72,1946.3,ID103285289,FREEMAN WHITTLE #1,P,Closed,,CLOSED
263025.11,4669178.72,1946.3,ID103328752,FREEMAN WHITTLE #2,P,Closed,,CLOSED
263025.11,4669178.72,1946.3,ID103365480,FREEMAN WHITTLE #3,P,Closed,,CLOSED
263025.11,4669178.72,1946.3,ID103484005,FREEMAN WHITTLE #4,P,Closed,,CLOSED
263025.11,4669178.72,1946.3,ID102915959,FREEMAN WHITTLE #5,P,Closed,,CLOSED
263025.11,4669178.72,1946.3,ID103321234,FREEMAN WHITTLE #6,P,Closed,,CLOSED
263025.11,4669178.72,1946.3,ID103454566,FREEMAN WHITTLE #7,P,Closed,,CLOSED
263025.11,4669178.72,1946.3,ID103404862,FREEMAN WHITTLE #8,P,Closed,,CLOSED
262950.39,4668334.11,1898.5,ID103470444,FREEMAN WHITTLE #9,P,Closed,,CLOSED
262950.39,4668334.11,1898.5,ID103293443,FREEMAN WHITTLE #10,P,Closed,,CLOSED
262950.39,4668334.11,1898.5,ID103015493,FREEMAN WHITTLE #11,P,Closed,,CLOSED
262950.39,4668334.11,1898.5,ID103066672,FREEMAN WHITTLE #12,P,Closed,,CLOSED
262950.39,4668334.11,1898.5,ID103291790,FREEMAN WHITTLE #13,P,Closed,,CLOSED
262950.39,4668334.11,1898.5,ID103365541,FREEMAN WHITTLE #14,P,Closed,,CLOSED
262950.39,4668334.11,1898.5,ID103460152,FREEMAN WHITTLE #15,P,Closed,,CLOSED
262950.39,4668334.11,1898.5,ID103483591,FREEMAN WHITTLE #16,P,Closed,,CLOSED
263799.38,4668258.93,2151.8,ID102915612,FREEMAN WHITTLE #17,P,Closed,,CLOSED
263799.38,4668258.93,2151.8,ID103528729,FREEMAN WHITTLE #18,P,Closed,,CLOSED
263799.38,4668258.93,2151.8,ID103066723,FREEMAN WHITTLE #19,P,Closed,,CLOSED
263799.38,4668258.93,2151.8,ID103465668,FREEMAN WHITTLE #20,P,Closed,,CLOSED
264618.59,4670687.28,2126.1,ID103411787,BIRDSEYE,P,Closed,,CLOSED
254902.06,4656576.27,1552.5,ID103221171,J.S. #6,P,Closed,,CLOSED
254395.60,4656649.41,1509.4,ID103363374,J.S. #7,P,Closed,,CLOSED
254902.06,4656576.27,1552.5,ID103520474,J.S. #8,P,Closed,,CLOSED
254815.18,4655838.83,1580.7,ID103342787,J.S. #9,P,Closed,,CLOSED
254815.18,4655838.83,1580.7,ID103284006,J.S. #10,P,Closed,,CLOSED
255144.10,4655016.96,1585.4,ID103514053,J.S. #11,P,Closed,,CLOSED
254366.96,4655799.88,1569.5,ID103243231,J.S. #12,P,Closed,,CLOSED
254338.92,4655039.29,1539.1,ID103470383,J.S. #13,P,Closed,,CLOSED
255171.22,4655777.59,1526.9,ID103293625,J.S. #14,P,Closed,,CLOSED
255144.10,4655016.96,1585.4,ID103223509,J.S. #15,P,Closed,,CLOSED
263786.12,4666651.86,2018.3,ID103348915,ROCKY MOUNTAIN #73,P,Closed,,CLOSED
263009.55,4667483.89,1888.8,ID103417959,ROCKY MOUNTAIN #74,P,Closed,,CLOSED
263785.76,4667036.52,2036.2,ID102268949,ROCKY MOUNTAIN #75,P,Closed,,CLOSED
263770.01,4667456.16,2048.5,ID103290923,ROCKY MOUNTAIN #76,P,Closed,,CLOSED
264618.59,4670687.28,2126.1,ID103526070,DRAGON VIEW,P,Closed,,CLOSED
266979.94,4664163.40,2429.0,ID103287801,GRANITE #2,P,Closed,,CLOSED
264733.73,4671682.85,1862.7,ID103474891,MIDDLE MOUNTAIN 2,P,Closed,120.0,CLOSED
258282.66,4673315.39,1514.2,ID103449382,RIOLITIC #1,P,Closed,,CLOSED
275434.03,4680569.83,1835.0,ID103468188,LIBERTY BELL P1,P,Closed,,CLOSED
266702.05,4663946.91,2541.4,ID101431433,BLACK SLATE QUARRY 2,P,Closed,160.0,CLOSED
266907.54,4664202.48,2448.4,ID101482734,BLACK SLATE QUARRY 1,P,Closed,20.0,CLOSED
254211.60,4673490.77,1656.1,ID103463617,SOUTH HILLS #5,P,Closed,,CLOSED
266023.56,4664210.59,2378.1,ID103285296,MIDDLE MOUNTAIN 3,P,Closed,,CLOSED
266023.56,4664210.59,2378.1,ID103452090,MIDDLE MOUNTAIN 4,P,Closed,,CLOSED
266023.56,4664210.59,2378.1,ID103403496,MIDDLE MOUNTAIN 5,P,Closed,,CLOSED
266023.56,4664210.59,2378.1,ID103345514,MIDDLE MOUNTAIN 6,P,Closed,,CLOSED
254211.60,4673490.77,1656.1,ID103485178,SO HILLS ANTIQUE #5,P,Closed,,CLOSED
300187.97,4724179.52,1287.3,ID103454685,MAGGIE #6,P,Closed,,CLOSED
298479.74,4723477.66,1300.0,ID103289413,MAGGIE #7,P,Closed,,CLOSED
322143.45,4723473.45,1295.2,ID103297113,MAGGIE #8,P,Closed,,CLOSED
322143.45,4723473.45,1295.2,ID103408470,G10 #1,P,Closed,,CLOSED
322133.79,4722681.40,1281.3,ID103327735,G10 #2,P,Closed,,CLOSED
323692.90,4722561.57,1283.5,ID103377014,G10 #3,P,Closed,,CLOSED
323452.64,4723372.19,1284.2,ID103069279,G10 #4,P,Closed,,CLOSED
324254.47,4723352.92,1294.5,ID103465492,G10 #5,P,Closed,,CLOSED
324254.47,4723352.92,1294.5,ID103404421,G10 #6,P,Closed,,CLOSED
324965.90,4723424.93,1303.7,ID103286184,G10 #7,P,Closed,,CLOSED
325758.49,4723364.95,1307.1,ID103367225,G10 #8,P,Closed,,CLOSED
325758.49,4723364.95,1307.1,ID103279230,G10 #9,P,Closed,,CLOSED
325778.62,4724165.61,1300.3,ID103504067,G10 #10,P,Closed,,CLOSED
325758.49,4723364.95,1307.1,ID103482069,G10 #11,P,Closed,,CLOSED
316978.03,4724398.04,1299.6,ID103501365,G10 #12,P,Closed,,CLOSED
316978.03,4724398.04,1299.6,ID103296518,G10 #13,P,Closed,,CLOSED
325737.49,4722562.10,1296.7,ID103282821,G10 #14,P,Closed,,CLOSED
318631.94,4722617.68,1284.9,ID103507125,G10 #15,P,Closed,,CLOSED
317766.01,4724385.05,1300.6,ID103221979,G10 #16,P,Closed,,CLOSED
317717.57,4722730.56,1284.7,ID103523143,G10 #17,P,Closed,,CLOSED
316930.52,4722785.75,1283.4,ID103401324,G10 #18,P,Closed,,CLOSED
319353.16,4723498.95,1290.1,ID103407715,G10 #19,P,Closed,,CLOSED
319403.39,4722687.55,1279.8,ID102914498,G10 #20,P,Closed,,CLOSED
322552.77,4722670.67,1282.7,ID103286635,G10 #2A,P,Closed,,CLOSED
254218.76,4674241.00,1603.0,ID103084202,S HILLS ANTIQUE #6,P,Closed,,CLOSED
300233.01,4666878.60,1589.1,ID103251109,PURCELL MINE,P,Closed,,CLOSED
322133.79,4722681.40,1281.3,ID103476832,MAGGIE #9,P,Closed,120.0,CLOSED
264618.59,4670687.28,2126.1,ID103216228,HEAD ACHE #1,P,Closed,,CLOSED
264618.59,4670687.28,2126.1,ID103016359,HEAD ACHE #2,P,Closed,,CLOSED
283661.64,4683445.01,1873.0,ID103276673,COTTONWOOD CR RIDGE,P,Closed,,CLOSED
256025.85,4677372.37,1522.3,ID103293090,OAKLEY #1,P,Closed,,CLOSED
264206.95,4667083.58,2124.5,ID103221178,GONDOLA HILLS,P,Closed,,CLOSED
264529.98,4667041.66,2196.7,ID103380080,GONDOLA HILLS EAST,P,Closed,,CLOSED
252474.08,4670267.24,1704.8,ID103325569,JANA #10,P,Closed,,CLOSED
251582.43,4670346.42,1752.3,ID103309441,JANA #9,P,Closed,,CLOSED
252413.56,4671158.84,1685.4,ID103308845,JANA #12,P,Closed,,CLOSED
265494.99,4670649.17,1987.9,ID103485744,HEAD ACHE #1,P,Closed,,CLOSED
265494.99,4670649.17,1987.9,ID103284211,HEAD ACHE #2,P,Closed,,CLOSED
261174.92,4663574.67,1883.6,ID103348397,COCO MINE,P,Closed,,CLOSED
322143.45,4723473.45,1295.2,ID103224024,MAGGIE #10,P,Closed,80.0,CLOSED
257505.99,4675712.42,1554.7,ID103474973,OAKLEY #2,P,Closed,,CLOSED
284282.96,4682146.55,1720.6,ID103118670,ROCKHOUND #1,P,Closed,,CLOSED
284353.61,4682618.99,1770.9,ID103146855,ROCKHOUND #2,P,Closed,,CLOSED
283997.97,4682705.51,1814.1,ID103368628,ROCKHOUND #3,P,Closed,,CLOSED
283548.33,4682688.23,1794.0,ID103409674,ROCKHOUND #4,P,Closed,,CLOSED
282713.36,4682625.10,1796.1,ID103456071,ROCKHOUND #5,P,Closed,,CLOSED
282713.36,4682625.10,1796.1,ID103275723,ROCKHOUND #6,P,Closed,,CLOSED
271951.63,4672686.10,2003.2,ID103489742,GOLD STAR ONE,P,Closed,,CLOSED
261174.92,4663574.67,1883.6,ID103502155,GOLD BEN #1,P,Closed,,CLOSED
267807.07,4661593.84,2305.4,ID103502180,ROCKHOUND #7,P,Closed,,CLOSED
284006.65,4669098.39,1729.7,ID103306205,THUNDER MOUNTAIN,P,Closed,,CLOSED
269494.23,4669631.27,1802.5,ID103309239,MILLENIAL 1,P,Closed,,CLOSED
268684.69,4669592.19,1702.4,ID103309240,MILLENIAL 2,P,Closed,,CLOSED
269470.01,4668890.60,1756.1,ID103309241,MILLENIAL 3,P,Closed,,CLOSED
242184.27,4709957.94,1229.8,ID103486340,LEE,P,Closed,,CLOSED
264619.35,4667810.19,2291.2,ID103309477,GOLDEN EAGLE QUAR #1,P,Closed,,CLOSED
264619.35,4667810.19,2291.2,ID103310041,GOLDEN EAGLE QUAR #2,P,Closed,,CLOSED
264619.35,4667810.19,2291.2,ID103310042,GOLDEN EAGLE QUAR #3,P,Closed,,CLOSED
272926.93,4675005.63,1990.0,ID103501661,SILVERADO,P,Closed,80.0,CLOSED
264618.59,4670687.28,2126.1,ID102306240,HEADACHE #1,P,Closed,,CLOSED
264618.59,4670687.28,2126.1,ID102306241,HEADACHE #2,P,Closed,,CLOSED
263994.23,4671335.16,1928.9,ID101472228,ROCK RIDGE 1,P,Closed,20.0,CLOSED
263994.23,4671335.16,1928.9,ID101472229,ROCK RIDGE 2,P,Closed,20.0,CLOSED
263994.23,4671335.16,1928.9,ID101472230,ROCK RIDGE 3,P,Closed,20.0,CLOSED
263994.23,4671335.16,1928.9,ID101472231,ROCK RIDGE 4,P,Closed,20.0,CLOSED
263856.14,4670743.91,1980.6,ID101472232,ROCK RIDGE 5,P,Closed,20.0,CLOSED
263856.14,4670743.91,1980.6,ID101472233,ROCK RIDGE 6,P,Closed,20.0,CLOSED
263856.14,4670743.91,1980.6,ID101472234,ROCK RIDGE 7,P,Closed,20.0,CLOSED
264677.91,4670308.43,2166.5,ID102307241,HEADACHE #1,P,Closed,,CLOSED
264704.19,4669831.75,2231.0,ID102307242,HEADACHE #2,P,Closed,,CLOSED
264021.45,4673011.81,1642.8,ID103234544,QUARTZITE CASTLE,P,Closed,,CLOSED
263799.38,4668258.93,2151.8,ID103379243,R.G. #5,P,Closed,1.25,CLOSED
263799.38,4668258.93,2151.8,ID103379244,R.G. #6,P,Closed,20.0,CLOSED
263799.38,4668258.93,2151.8,ID103379245,FW #19,P,Closed,20.0,CLOSED
328937.66,4722415.72,1282.8,ID103489824,KM #1,P,Closed,,CLOSED
271951.63,4672686.10,2003.2,ID103228048,CAMEL ROCK,P,Closed,140.0,CLOSED
269190.49,4669880.21,1783.2,ID103223878,BIRCH CREEK,P,Closed,140.0,CLOSED
274385.77,4673351.36,2557.0,ID103227280,J1,P,Closed,,CLOSED
274385.77,4673351.36,2557.0,ID103227281,J2,P,Closed,,CLOSED
274029.77,4673439.47,2466.0,ID103228114,J3,P,Closed,,CLOSED
273966.47,4672961.30,2462.5,ID103228115,J4,P,Closed,,CLOSED
273579.45,4672959.28,2360.2,ID103228116,J5,P,Closed,,CLOSED
273552.23,4672575.54,2332.7,ID103228117,J6,P,Closed,,CLOSED
273760.90,4675774.68,2041.7,ID103221677,TRAVIS MITCHELL #1,P,Closed,,CLOSED
272873.28,4675853.30,2049.8,ID103221678,TRAVIS MITCHELL #2,P,Closed,,CLOSED
273727.76,4674975.40,2158.8,ID103221679,TRAVIS MITCHELL #3,P,Closed,,CLOSED
264618.59,4670687.28,2126.1,ID103502861,HEADACHE #1,P,Closed,20.0,CLOSED
264618.59,4670687.28,2126.1,ID103502862,HEADACHE #2,P,Closed,20.0,CLOSED
273479.92,4669450.95,2488.2,ID103502871,SOUTHERN J 1,P,Closed,,CLOSED
273560.79,4669805.17,2516.2,ID103503450,SOUTHERN J 2,P,Closed,,CLOSED
273488.71,4670162.09,2498.6,ID103503451,SOUTHERN J 3,P,Closed,,CLOSED
263924.02,4671411.99,1884.1,ID103433398,MIDDLE MOUNTAIN 5,P,Closed,20.0,CLOSED
263924.02,4671411.99,1884.1,ID103433399,MIDDLE MOUNTAIN 6,P,Closed,20.0,CLOSED
264618.59,4670687.28,2126.1,ID103509692,HEADACHE #3,P,Closed,86.03,CLOSED
274029.77,4673439.47,2466.0,ID103510630,J 7,P,Closed,,CLOSED
263601.00,4662109.01,2133.4,ID103510766,WHITLEY SLIVER,P,Closed,,CLOSED
316930.52,4722785.75,1283.4,ID103356761,SOARIN EAGLE 2,P,Closed,,CLOSED
317717.57,4722730.56,1284.7,ID103356762,SOARIN EAGLE 1,P,Closed,,CLOSED
274385.77,4673351.36,2557.0,ID103354392,J 1,P,Closed,,CLOSED
274029.77,4673439.47,2466.0,ID103354393,J 3,P,Closed,,CLOSED
273966.47,4672961.30,2462.5,ID103354394,J 4,P,Closed,,CLOSED
273579.45,4672959.28,2360.2,ID103354395,J 5,P,Closed,,CLOSED
273552.23,4672575.54,2332.7,ID103354396,J 6,P,Closed,,CLOSED
270834.55,4673577.20,1821.5,ID103354397,J 7,P,Closed,,CLOSED
273479.92,4669450.95,2488.2,ID103354398,SOUTHERN J 1,P,Closed,,CLOSED
273560.79,4669805.17,2516.2,ID103354399,SOUTHERN J 2,P,Closed,,CLOSED
273488.71,4670162.09,2498.6,ID103354400,SOUTHERN J 3,P,Closed,,CLOSED
284282.96,4682146.55,1720.6,ID103358840,ROCKHOUND #1,P,Closed,,CLOSED
284353.61,4682618.99,1770.9,ID103358841,ROCKHOUND #2,P,Closed,,CLOSED
283997.97,4682705.51,1814.1,ID103358842,ROCKHOUND #3,P,Closed,,CLOSED
283548.33,4682688.23,1794.0,ID103358843,ROCKHOUND #4,P,Closed,,CLOSED
282713.36,4682625.10,1796.1,ID103358844,ROCKHOUND #5,P,Closed,,CLOSED
282713.36,4682625.10,1796.1,ID103358845,ROCKHOUND #6,P,Closed,,CLOSED
263770.01,4667456.16,2048.5,ID103502963,TROUTNER #1,P,Closed,,CLOSED
263770.01,4667456.16,2048.5,ID103504386,TROUTNER #2,P,Closed,,CLOSED
263786.12,4666651.86,2018.3,ID103504387,TROUTNER #3,P,Closed,,CLOSED
264618.93,4667425.56,2239.4,ID103504388,TROUTNER #4,P,Closed,,CLOSED
264502.73,4666671.27,2142.1,ID103504389,TROUTNER #5,P,Closed,,CLOSED
241745.75,4709316.96,1231.0,ID103403744,DOS OROS,P,Closed,,CLOSED
263924.02,4671411.99,1884.1,ID103442958,ROCK MOUNTAIN #3,P,Closed,20.0,CLOSED
263924.02,4671411.99,1884.1,ID103442959,ROCK MOUNTAIN #4,P,Closed,20.0,CLOSED
263996.21,4672208.89,1802.0,ID103442960,ROCK MOUNTAIN #5,P,Closed,20.0,CLOSED
263996.21,4672208.89,1802.0,ID103442961,ROCK MOUNTAIN #7,P,Closed,20.0,CLOSED
263996.21,4672208.89,1802.0,ID103442962,ROCK MOUNTAIN #7,P,Closed,20.0,CLOSED
263924.02,4671411.99,1884.1,ID103442964,ROCK MOUNTAIN #2,P,Closed,20.0,CLOSED
328169.39,4722468.06,1287.6,ID103445086,BUCK EYE 1,P,Closed,20.0,CLOSED
240920.97,4710131.61,1188.9,ID103248350,YOUNG #1,P,Closed,,CLOSED
240920.97,4710131.61,1188.9,ID103324612,YOUNG #2,P,Closed,,CLOSED
274385.77,4673351.36,2557.0,ID101716498,J1,P,Closed,20.0,CLOSED
274385.77,4673351.36,2557.0,ID101716499,J3,P,Closed,20.0,CLOSED
274385.77,4673351.36,2557.0,ID101716500,J4,P,Closed,20.0,CLOSED
273552.23,4672575.54,2332.7,ID101716501,J6,P,Closed,20.0,CLOSED
274029.77,4673439.47,2466.0,ID101716502,J7,P,Closed,20.0,CLOSED
274284.49,4669388.46,2486.2,ID101716503,SOUTHERN J1,P,Closed,20.0,CLOSED
274284.49,4669388.46,2486.2,ID101716504,SOUTHERN J2,P,Closed,20.0,CLOSED
274284.49,4669388.46,2486.2,ID101716505,SOUTHERN J3,P,Closed,20.0,CLOSED
271951.63,4672686.10,2003.2,ID101577990,NORTH CARSON,P,Closed,39.9,CLOSED
328169.39,4722468.06,1287.6,ID103015126,CONNOLLY NO 301,P,Closed,,CLOSED
328169.39,4722468.06,1287.6,ID103442490,CONNOLLY NO 302,P,Closed,,CLOSED
328169.39,4722468.06,1287.6,ID103378293,CONNOLLY NO 303,P,Closed,,CLOSED
328169.39,4722468.06,1287.6,ID103349468,CONNOLLY NO 304,P,Closed,,CLOSED
318646.00,4723437.41,1284.5,ID103376062,CONNOLLY NO 201,P,Closed,,CLOSED
318646.00,4723437.41,1284.5,ID103466775,CONNOLLY NO 202,P,Closed,,CLOSED
319353.16,4723498.95,1290.1,ID103472285,CONNOLLY NO 203,P,Closed,,CLOSED
319353.16,4723498.95,1290.1,ID103525341,CONNOLLY NO 204,P,Closed,,CLOSED
318646.00,4723437.41,1284.5,ID103241917,CONNOLLY NO 205,P,Closed,,CLOSED
318646.00,4723437.41,1284.5,ID103297433,CONNOLLY NO 206,P,Closed,,CLOSED
318646.00,4723437.41,1284.5,ID103243364,CONNOLLY NO 207,P,Closed,,CLOSED
319353.16,4723498.95,1290.1,ID103454288,CONNOLLY NO 208,P,Closed,,CLOSED
318646.00,4723437.41,1284.5,ID103369221,CONNOLLY NO 209,P,Closed,,CLOSED
318646.00,4723437.41,1284.5,ID103276545,CONNOLLY NO 210,P,Closed,,CLOSED
319353.16,4723498.95,1290.1,ID103414879,CONNOLLY NO 211,P,Closed,,CLOSED
319353.16,4723498.95,1290.1,ID103223496,CONNOLLY NO 212,P,Closed,,CLOSED
318646.00,4723437.41,1284.5,ID103117298,CONNOLLY NO 213,P,Closed,,CLOSED
318646.00,4723437.41,1284.5,ID103374598,CONNOLLY NO 214,P,Closed,,CLOSED
319353.16,4723498.95,1290.1,ID103453858,CONNOLLY NO 215,P,Closed,,CLOSED
319353.16,4723498.95,1290.1,ID102924020,CONNOLLY NO 216,P,Closed,,CLOSED
244067.89,4684290.13,2006.5,ID103515637,RED #1,P,Closed,20.0,CLOSED
263799.38,4668258.93,2151.8,ID103341361,ROCK GARDEN NO 1,P,Closed,,CLOSED
263799.38,4668258.93,2151.8,ID103251110,ROCK GARDEN NO 2,P,Closed,,CLOSED
263799.38,4668258.93,2151.8,ID103019984,ROCK GARDEN NO 3,P,Closed,,CLOSED
263799.38,4668258.93,2151.8,ID103341460,ROCK GARDEN NO 5,P,Closed,,CLOSED
271951.63,4672686.10,2003.2,ID103528798,CAMEL ROCK NO 1,P,Closed,,CLOSED
271951.63,4672686.10,2003.2,ID103452920,CAMEL ROCK NO 2,P,Closed,,CLOSED
271951.63,4672686.10,2003.2,ID103112622,CAMEL ROCK NO 3,P,Closed,,CLOSED
271951.63,4672686.10,2003.2,ID103018487,CAMEL ROCK NO 4,P,Closed,,CLOSED
271951.63,4672686.10,2003.2,ID103223608,CAMEL ROCK NO 5,P,Closed,,CLOSED
271967.09,4671835.21,2039.4,ID103288692,CAMEL ROCK NO 6,P,Closed,,CLOSED
271967.09,4671835.21,2039.4,ID103279323,CAMEL ROCK NO 7,P,Closed,,CLOSED
271967.09,4671835.21,2039.4,ID103409063,CAMEL ROCK NO 8,P,Closed,,CLOSED
271967.09,4671835.21,2039.4,ID103463932,CAMEL ROCK NO 9,P,Closed,,CLOSED
271967.09,4671835.21,2039.4,ID103276496,CAMEL ROCK NO 10,P,Closed,,CLOSED
294381.54,4708212.04,1405.0,ID103466220,SANDRA BETH #2,P,Closed,,CLOSED
294803.11,4708284.08,1493.4,ID103503093,SANDRA BETH #3,P,Closed,,CLOSED
294481.43,4707834.54,1416.4,ID103527024,SANDRA BETH #4,P,Closed,,CLOSED
294834.71,4707765.22,1535.2,ID103348038,SANDRA BETH #5,P,Closed,,CLOSED
294834.71,4707765.22,1535.2,ID103117562,SANDRA BETH #6,P,Closed,,CLOSED
294824.68,4707368.73,1459.7,ID103018423,SANDRA BETH #7,P,Closed,,CLOSED
249759.82,4684131.58,1614.1,ID103474849,RATTLE SNAKE NO 2,P,Closed,,CLOSED
249759.82,4684131.58,1614.1,ID103246006,RATTLE SNAKE NO 3,P,Closed,,CLOSED
249461.56,4684498.03,1509.3,ID103329252,RATTLE SNAKE NO 4,P,Closed,,CLOSED
263799.38,4668258.93,2151.8,ID103216186,ROCK GARDEN #1,P,Closed,,CLOSED
257478.25,4674955.14,1541.3,ID103489755,DESERT ANTIQUE STONE,P,Closed,,CLOSED
256667.09,4674977.57,1525.7,ID103325751,DESERT ANTIQUE STN 2,P,Closed,,CLOSED
256667.09,4674977.57,1525.7,ID103246105,DESERT ANTIQUE STN 3,P,Closed,,CLOSED
256667.09,4674977.57,1525.7,ID103063241,DESERT ANTIQUE STN 4,P,Closed,,CLOSED
256667.09,4674977.57,1525.7,ID103323900,DESERT ANTIQUE STN 5,P,Closed,,CLOSED
255857.55,4674998.94,1510.6,ID103224428,DESERT ANTIQUE STN 6,P,Closed,,CLOSED
255857.55,4674998.94,1510.6,ID103527511,DESERT ANTIQUE STN 7,P,Closed,,CLOSED
256782.57,4675735.16,1535.8,ID103295526,DESERT ANTIQUE STN 8,P,Closed,,CLOSED
256782.57,4675735.16,1535.8,ID103514021,DESERT ANTIQUE STN 9,P,Closed,,CLOSED
256782.57,4675735.16,1535.8,ID103324418,DESERT ANTQUE STN 10,P,Closed,,CLOSED
256782.57,4675735.16,1535.8,ID103330219,DESERT ANTQUE STN 11,P,Closed,,CLOSED
256782.57,4675735.16,1535.8,ID103284382,DESERT ANTQUE STN 12,P,Closed,,CLOSED
255972.41,4675759.88,1563.0,ID103305780,DESERT ANTQUE STN 13,P,Closed,,CLOSED
255972.41,4675759.88,1563.0,ID103367264,DESERT ANTQUE STN 14,P,Closed,,CLOSED
255972.41,4675759.88,1563.0,ID103455746,DESERT ANTQUE STN 15,P,Closed,,CLOSED
255077.04,4675831.01,1602.7,ID102919209,DESERT ANTQUE STN 16,P,Closed,,CLOSED
255077.04,4675831.01,1602.7,ID103014702,DESERT ANTQUE STN 17,P,Closed,,CLOSED
255077.04,4675831.01,1602.7,ID103489473,DESERT ANTQUE STN 18,P,Closed,,CLOSED
255077.04,4675831.01,1602.7,ID103328707,DESERT ANTQUE STN 19,P,Closed,,CLOSED
255146.61,4676594.63,1609.0,ID103403597,DESERT ANTQUE STN 20,P,Closed,,CLOSED
263025.11,4669178.72,1946.3,ID103405330,WHITTLE ELDEN #1,P,Closed,,CLOSED
263025.11,4669178.72,1946.3,ID103449920,WHITTLE ELDEN #2,P,Closed,,CLOSED
263025.11,4669178.72,1946.3,ID103286764,WHITTLE ELDEN #3,P,Closed,,CLOSED
263025.11,4669178.72,1946.3,ID103455779,WHITTLE ELDEN #4,P,Closed,,CLOSED
263025.11,4669178.72,1946.3,ID103277477,WHITTLE ELDEN #5,P,Closed,,CLOSED
263025.11,4669178.72,1946.3,ID103404937,WHITTLE ELDEN #6,P,Closed,,CLOSED
263025.11,4669178.72,1946.3,ID103363800,WHITTLE ELDEN #7,P,Closed,,CLOSED
263025.11,4669178.72,1946.3,ID103380732,WHITTLE ELDEN #8,P,Closed,,CLOSED
262950.39,4668334.11,1898.5,ID103526109,WHITTLE ELDEN #9,P,Closed,,CLOSED
262950.39,4668334.11,1898.5,ID103455415,WHITTLE ELDEN #10,P,Closed,,CLOSED
262950.39,4668334.11,1898.5,ID103284256,WHITTLE ELDEN #11,P,Closed,,CLOSED
262950.39,4668334.11,1898.5,ID103281453,WHITTLE ELDEN #12,P,Closed,,CLOSED
262950.39,4668334.11,1898.5,ID103476825,WHITTLE ELDEN #13,P,Closed,,CLOSED
262950.39,4668334.11,1898.5,ID103141397,WHITTLE ELDEN #14,P,Closed,,CLOSED
262950.39,4668334.11,1898.5,ID103370839,WHITTLE ELDEN #15,P,Closed,,CLOSED
262950.39,4668334.11,1898.5,ID103512075,WHITTLE ELDEN #16,P,Closed,,CLOSED
263799.38,4668258.93,2151.8,ID103328649,WHITTLE ELDEN #17,P,Closed,,CLOSED
263799.38,4668258.93,2151.8,ID103472223,WHITTLE ELDEN #18,P,Closed,,CLOSED
263799.38,4668258.93,2151.8,ID103475358,WHITTLE ELDEN #19,P,Closed,,CLOSED
241242.87,4719766.93,1253.6,ID103477090,PEARSON NO 1,P,Closed,,CLOSED
241242.87,4719766.93,1253.6,ID103474113,PEARSON NO 2,P,Closed,,CLOSED
264722.31,4671340.83,1937.6,ID103376119,PROPHECY STONE 1,P,Closed,,CLOSED
264722.31,4671340.83,1937.6,ID103459012,PROPHECY STONE 2,P,Closed,,CLOSED
264722.31,4671340.83,1937.6,ID103342522,PROPHECY STONE 3,P,Closed,,CLOSED
264722.31,4671340.83,1937.6,ID101686994,PROPHECY STONE 4,P,Closed,,CLOSED
264722.31,4671340.83,1937.6,ID103402981,PROPHECY STONE 5,P,Closed,,CLOSED
264722.31,4671340.83,1937.6,ID103297806,PROPHECY STONE 6,P,Closed,,CLOSED
264722.31,4671340.83,1937.6,ID103083201,PROPHECY STONE 7,P,Closed,,CLOSED
264722.31,4671340.83,1937.6,ID103468807,PROPHECY STONE 8,P,Closed,,CLOSED
240920.97,4710131.61,1188.9,ID103293127,NEV IDA NO 41,P,Closed,,CLOSED
251667.40,4712857.86,1249.6,ID103230074,ACE IN THE HOLE,P,Closed,,CLOSED
251991.62,4712862.98,1240.8,ID103362806,MOON MOUNTAIN,P,Closed,,CLOSED
251289.82,4712855.79,1245.4,ID103506154,AFTER THOUGHT,P,Closed,,CLOSED
229413.97,4718228.23,1203.3,ID103013855,HENDERSON NELSON,P,Closed,,CLOSED
328937.66,4722415.72,1282.8,ID103277524,GRUB STAKER,P,Closed,,CLOSED
328914.90,4723288.54,1313.5,ID103325698,WINCHESTER,P,Closed,,CLOSED
328641.72,4722458.59,1285.8,ID102922424,SCOUT,P,Closed,,CLOSED
326628.77,4724147.62,1291.9,ID103014565,WAGON MASTER,P,Closed,,CLOSED
325424.50,4724142.30,1298.5,ID103083104,SIX SHOOTER,P,Closed,,CLOSED
325345.20,4723404.25,1305.6,ID103283828,LIL TRAPPER,P,Closed,,CLOSED
323769.24,4724240.87,1300.2,ID103486164,ROUGE,P,Closed,,CLOSED
324254.47,4723352.92,1294.5,ID103476433,DUDE,P,Closed,,CLOSED
323452.64,4723372.19,1284.2,ID103324307,BLACK JACK,P,Closed,,CLOSED
322163.21,4724275.24,1298.1,ID102915305,CRAPS,P,Closed,,CLOSED
322561.67,4723434.95,1289.1,ID103370488,TWENTY ONE,P,Closed,,CLOSED
321759.23,4723494.43,1291.7,ID103348344,FARO,P,Closed,,CLOSED
321749.53,4722702.39,1282.4,ID102915251,BACK-A-RAT,P,Closed,,CLOSED
322552.77,4722670.67,1282.7,ID103407871,KINO,P,Closed,,CLOSED
323692.90,4722561.57,1283.5,ID103227035,ROULETTE,P,Closed,,CLOSED
325345.20,4723404.25,1305.6,ID103403302,HIGH ROLLER,P,Closed,,CLOSED
325737.49,4722562.10,1296.7,ID103373187,BOOT LEGGAR,P,Closed,,CLOSED
326548.45,4722543.98,1297.8,ID103286939,SNAKE EYES,P,Closed,,CLOSED
317741.68,4723491.13,1284.1,ID103451229,TRAILS END,P,Closed,,CLOSED
317741.68,4723491.13,1284.1,ID103368680,JUNNIPPER RIDGE,P,Closed,,CLOSED
317741.68,4723491.13,1284.1,ID101683157,BIG SHOE,P,Closed,,CLOSED
317741.68,4723491.13,1284.1,ID103506651,LONE BUTTE,P,Closed,,CLOSED
317037.22,4723501.92,1285.4,ID103342572,COME ALONG,P,Closed,,CLOSED
317037.22,4723501.92,1285.4,ID103523835,MAVERICK,P,Closed,,CLOSED
317037.22,4723501.92,1285.4,ID103112575,STAGECOACH,P,Closed,,CLOSED
317037.22,4723501.92,1285.4,ID103461563,GOLD ACRES,P,Closed,,CLOSED
317037.22,4723501.92,1285.4,ID103018691,ROUGH IT,P,Closed,,CLOSED
316930.52,4722785.75,1283.4,ID103482009,MALLARD,P,Closed,,CLOSED
317717.57,4722730.56,1284.7,ID102915681,SPRIG,P,Closed,,CLOSED
318646.00,4723437.41,1284.5,ID103487847,WHISKEY JOE,P,Closed,,CLOSED
318646.00,4723437.41,1284.5,ID103404930,WINCHESTER 1000,P,Closed,,CLOSED
294862.11,4683227.67,1476.8,ID103070383,NO1 MILLSIGHT,P,Closed,,CLOSED
263072.24,4670826.92,1775.4,ID103517681,OAKLEY VALLEY VIEW 5,P,Closed,,CLOSED
263072.24,4670826.92,1775.4,ID103273647,OAKLEY VALLEY VIEW 6,P,Closed,,CLOSED
288514.04,4683291.58,1686.9,ID103473064,VICTORIA ANN,P,Closed,,CLOSED
327679.16,4722516.89,1293.2,ID103285039,BONANZA NO1,P,Closed,,CLOSED
328937.66,4722415.72,1282.8,ID103484625,BONANZA NO2,P,Closed,,CLOSED
328914.90,4723288.54,1313.5,ID102916636,BONANZA NO3,P,Closed,,CLOSED
328147.20,4724914.27,1291.1,ID103485014,BONANZA NO4,P,Closed,,CLOSED
328532.43,4724904.72,1288.2,ID103408145,BONANZA NO5,P,Closed,,CLOSED
328128.89,4724110.24,1290.3,ID103420124,BONANZA NO6,P,Closed,,CLOSED
325424.50,4724142.30,1298.5,ID103112509,BONANAZA #7,P,Closed,,CLOSED
325345.20,4723404.25,1305.6,ID103118597,BONANAZA #8,P,Closed,,CLOSED
323692.90,4722561.57,1283.5,ID103439899,BONANAZA #9,P,Closed,,CLOSED
322163.21,4724275.24,1298.1,ID103504302,BONANAZA #10,P,Closed,,CLOSED
321759.23,4723494.43,1291.7,ID103481983,BONANAZA #11,P,Closed,,CLOSED
322561.67,4723434.95,1289.1,ID103466179,BONANAZA #12,P,Closed,,CLOSED
324254.47,4723352.92,1294.5,ID103362737,BONANAZA #13,P,Closed,,CLOSED
323452.64,4723372.19,1284.2,ID103523439,BONANAZA #14,P,Closed,,CLOSED
323769.24,4724240.87,1300.2,ID103527185,BONANAZA #15,P,Closed,,CLOSED
322133.79,4722681.40,1281.3,ID103286401,BONANAZA #16,P,Closed,,CLOSED
322143.45,4723473.45,1295.2,ID103293935,BONANAZA #17,P,Closed,,CLOSED
326628.77,4724147.62,1291.9,ID103489164,MONTESI NO1,P,Closed,,CLOSED
325758.49,4723364.95,1307.1,ID103457682,DAWSEY #1,P,Closed,,CLOSED
327325.84,4724174.66,1288.9,ID103172863,MCCAUGHAN #1,P,Closed,,CLOSED
327325.84,4724174.66,1288.9,ID103526243,MONTESI NO 2,P,Closed,,CLOSED
325778.62,4724165.61,1300.3,ID103452891,LAKE CHANNEL #1,P,Closed,,CLOSED
264472.01,4665825.19,2074.0,ID103506676,ROCKY MOUNTAIN #11,P,Closed,,CLOSED
264472.01,4665825.19,2074.0,ID102914645,ROCKY MOUNTAIN #12,P,Closed,,CLOSED
264472.01,4665825.19,2074.0,ID103063432,ROCKY MOUNTAIN #13,P,Closed,,CLOSED
264472.01,4665825.19,2074.0,ID103330401,ROCKY MOUNTAIN #14,P,Closed,,CLOSED
264445.12,4665069.03,2100.3,ID103409579,ROCKY MOUNTAIN #15,P,Closed,,CLOSED
264445.12,4665069.03,2100.3,ID103482992,ROCKY MOUNTAIN #16,P,Closed,,CLOSED
264445.12,4665069.03,2100.3,ID103286668,ROCKY MOUNTAIN #17,P,Closed,,CLOSED
264445.12,4665069.03,2100.3,ID103223727,ROCKY MOUNTAIN #18,P,Closed,,CLOSED
264445.12,4665069.03,2100.3,ID102915339,ROCKY MOUNTAIN #2,P,Closed,,CLOSED
264445.12,4665069.03,2100.3,ID103471554,ROCKY MOUNTAIN #3,P,Closed,,CLOSED
264445.12,4665069.03,2100.3,ID102918388,ROCKY MOUNTAIN #4,P,Closed,,CLOSED
264445.12,4665069.03,2100.3,ID103461431,ROCKY MOUNTAIN #6,P,Closed,,CLOSED
264445.12,4665069.03,2100.3,ID103228100,ROCKY MOUNTAIN #7,P,Closed,,CLOSED
264445.12,4665069.03,2100.3,ID103082427,ROCKY MOUNTAIN #8,P,Closed,,CLOSED
262950.39,4668334.11,1898.5,ID103453127,ROCKY MOUNTAIN #9,P,Closed,,CLOSED
265292.03,4664994.13,2259.1,ID103366653,ROCKY MOUNTAIN #10,P,Closed,,CLOSED
264502.73,4666671.27,2142.1,ID103484914,ROCKY MOUNTAIN #19,P,Closed,,CLOSED
264502.73,4666671.27,2142.1,ID103490509,ROCKY MOUNTAIN #20,P,Closed,,CLOSED
264502.73,4666671.27,2142.1,ID103402498,ROCKY MOUNTAIN #21,P,Closed,,CLOSED
264502.73,4666671.27,2142.1,ID103300841,ROCKY MOUNTAIN #22,P,Closed,,CLOSED
264472.01,4665825.19,2074.0,ID103369305,ROCKY MOUNTAIN #23,P,Closed,,CLOSED
264472.01,4665825.19,2074.0,ID103460704,ROCKY MOUNTAIN #24,P,Closed,,CLOSED
264472.01,4665825.19,2074.0,ID103349284,ROCKY MOUNTAIN #25,P,Closed,,CLOSED
264472.01,4665825.19,2074.0,ID103457009,ROCKY MOUNTAIN #26,P,Closed,,CLOSED
263770.01,4667456.16,2048.5,ID103287496,ROCKY MOUNTAIN #27,P,Closed,,CLOSED
263770.01,4667456.16,2048.5,ID103374802,ROCKY MOUNTAIN #28,P,Closed,,CLOSED
263770.01,4667456.16,2048.5,ID103521934,ROCKY MOUNTAIN #29,P,Closed,,CLOSED
263770.01,4667456.16,2048.5,ID103018561,ROCKY MOUNTAIN #30,P,Closed,,CLOSED
263786.12,4666651.86,2018.3,ID103463554,ROCKY MOUNTAIN #31,P,Closed,,CLOSED
263786.12,4666651.86,2018.3,ID103015977,ROCKY MOUNTAIN #32,P,Closed,,CLOSED
263786.12,4666651.86,2018.3,ID103280267,ROCKY MOUNTAIN #33,P,Closed,,CLOSED
263786.12,4666651.86,2018.3,ID103019268,ROCKY MOUNTAIN #34,P,Closed,,CLOSED
263712.16,4665851.70,1935.6,ID101689395,ROCKY MOUNTAIN #35,P,Closed,,CLOSED
263712.16,4665851.70,1935.6,ID103378807,ROCKY MOUNTAIN #36,P,Closed,,CLOSED
263712.16,4665851.70,1935.6,ID103504901,ROCKY MOUNTAIN #37,P,Closed,,CLOSED
263712.16,4665851.70,1935.6,ID103483401,ROCKY MOUNTAIN #38,P,Closed,,CLOSED
263640.50,4665095.92,1907.0,ID103462743,ROCKY MOUNTAIN #39,P,Closed,,CLOSED
263640.50,4665095.92,1907.0,ID103367137,ROCKY MOUNTAIN #40,P,Closed,,CLOSED
263640.50,4665095.92,1907.0,ID103521710,ROCKY MOUNTAIN #41,P,Closed,,CLOSED
263640.50,4665095.92,1907.0,ID103527523,ROCKY MOUNTAIN #42,P,Closed,,CLOSED
263640.50,4665095.92,1907.0,ID103274751,ROCKY MOUNTAIN #43,P,Closed,,CLOSED
263640.50,4665095.92,1907.0,ID103371958,ROCKY MOUNTAIN #44,P,Closed,,CLOSED
263640.50,4665095.92,1907.0,ID103229629,ROCKY MOUNTAIN #45,P,Closed,,CLOSED
263640.50,4665095.92,1907.0,ID103413855,ROCKY MOUNTAIN #46,P,Closed,,CLOSED
263712.16,4665851.70,1935.6,ID101461796,ROCKY MOUNTAIN #47,P,Closed,,CLOSED
263712.16,4665851.70,1935.6,ID103528334,ROCKY MOUNTAIN #48,P,Closed,,CLOSED
263712.16,4665851.70,1935.6,ID103454029,ROCKY MOUNTAIN #49,P,Closed,,CLOSED
263712.16,4665851.70,1935.6,ID103228169,ROCKY MOUNTAIN #50,P,Closed,,CLOSED
263770.01,4667456.16,2048.5,ID103020402,ROCKY MOUNTAIN #51,P,Closed,,CLOSED
263770.01,4667456.16,2048.5,ID103294074,ROCKY MOUNTAIN #52,P,Closed,,CLOSED
263770.01,4667456.16,2048.5,ID103114263,ROCKY MOUNTAIN #53,P,Closed,,CLOSED
263770.01,4667456.16,2048.5,ID103476619,ROCKY MOUNTAIN #54,P,Closed,,CLOSED
257478.25,4674955.14,1541.3,ID103478943,DESERT ANTIQUE #1,P,Closed,,CLOSED
256667.09,4674977.57,1525.7,ID103327337,DESERT ANTIQUE #2,P,Closed,,CLOSED
256667.09,4674977.57,1525.7,ID103290414,DESERT ANTIQUE #3,P,Closed,,CLOSED
256667.09,4674977.57,1525.7,ID103299973,DESERT ANTIQUE #4,P,Closed,,CLOSED
256667.09,4674977.57,1525.7,ID103283619,DESERT ANTIQUE #5,P,Closed,,CLOSED
255857.55,4674998.94,1510.6,ID103484522,DESERT ANTIQUE #6,P,Closed,,CLOSED
255972.41,4675759.88,1563.0,ID103293776,DESERT ANTIQUE #7,P,Closed,,CLOSED
256782.57,4675735.16,1535.8,ID103513246,DESERT ANTIQUE #8,P,Closed,,CLOSED
256782.57,4675735.16,1535.8,ID103504775,DESERT ANTIQUE #9,P,Closed,,CLOSED
256782.57,4675735.16,1535.8,ID103014262,DESERT ANTIQUE #10,P,Closed,,CLOSED
255077.04,4675831.01,1602.7,ID103453713,DESERT ANTIQUE #11,P,Closed,,CLOSED
257505.99,4675712.42,1554.7,ID103307107,DESERT ANTIQUE #12,P,Closed,,CLOSED
255972.41,4675759.88,1563.0,ID103374906,DESERT ANTIQUE #13,P,Closed,,CLOSED
255972.41,4675759.88,1563.0,ID103465745,DESERT ANTIQUE #14,P,Closed,,CLOSED
255972.41,4675759.88,1563.0,ID103361853,DESERT ANTIQUE #15,P,Closed,,CLOSED
255077.04,4675831.01,1602.7,ID103522249,DESERT ANTIQUE #16,P,Closed,,CLOSED
255077.04,4675831.01,1602.7,ID103279142,DESERT ANTIQUE #17,P,Closed,,CLOSED
255077.04,4675831.01,1602.7,ID103118478,DESERT ANTIQUE #18,P,Closed,,CLOSED
255077.04,4675831.01,1602.7,ID103523676,DESERT ANTIQUE #19,P,Closed,,CLOSED
255146.61,4676594.63,1609.0,ID103223955,DESERT ANTIQUE #20,P,Closed,,CLOSED
262950.39,4668334.11,1898.5,ID103457192,FREEMAN WHITTLE #10,P,Closed,,CLOSED
262950.39,4668334.11,1898.5,ID103505798,FREEMAN WHITTLE #9,P,Closed,,CLOSED
262950.39,4668334.11,1898.5,ID103289383,FREEMAN WHITTLE #12,P,Closed,,CLOSED
262950.39,4668334.11,1898.5,ID103404576,FREEMAN WHITTLE #11,P,Closed,,CLOSED
262950.39,4668334.11,1898.5,ID103243449,FREEMAN WHITTLE #16,P,Closed,,CLOSED
262950.39,4668334.11,1898.5,ID103486768,FREEMAN WHITTLE #15,P,Closed,,CLOSED
262950.39,4668334.11,1898.5,ID103224073,FREEMAN WHITTLE #14,P,Closed,,CLOSED
262950.39,4668334.11,1898.5,ID103516445,FREEMAN WHITTLE #13,P,Closed,,CLOSED
271967.09,4671835.21,2039.4,ID103472383,CAMEL ROCK #10,P,Closed,,CLOSED
271967.09,4671835.21,2039.4,ID103407562,CAMEL ROCK #9,P,Closed,,CLOSED
271967.09,4671835.21,2039.4,ID103470399,CAMEL ROCK #8,P,Closed,,CLOSED
271967.09,4671835.21,2039.4,ID103292969,CAMEL ROCK #7,P,Closed,,CLOSED
271951.63,4672686.10,2003.2,ID103017376,CAMEL ROCK #3,P,Closed,,CLOSED
271951.63,4672686.10,2003.2,ID103218393,CAMEL ROCK #4,P,Closed,,CLOSED
271951.63,4672686.10,2003.2,ID103282462,CAMEL ROCK #5,P,Closed,,CLOSED
271951.63,4672686.10,2003.2,ID103290245,CAMEL ROCK #6,P,Closed,,CLOSED
271951.63,4672686.10,2003.2,ID103325244,CAMEL ROCK #2,P,Closed,,CLOSED
271951.63,4672686.10,2003.2,ID103505858,CAMEL ROCK #1,P,Closed,,CLOSED
326628.77,4724147.62,1291.9,ID103067972,STONE #1,P,Closed,,CLOSED
271967.09,4671835.21,2039.4,ID103321091,CAMEL ROCK #10,P,Closed,,CLOSED
271967.09,4671835.21,2039.4,ID103414761,CAMEL ROCK #9,P,Closed,,CLOSED
271967.09,4671835.21,2039.4,ID103273012,CAMEL ROCK #8,P,Closed,,CLOSED
271967.09,4671835.21,2039.4,ID103350813,CAMEL ROCK #7,P,Closed,,CLOSED
271951.63,4672686.10,2003.2,ID103328153,CAMEL ROCK #6,P,Closed,,CLOSED
271951.63,4672686.10,2003.2,ID103117193,CAMEL ROCK #5,P,Closed,,CLOSED
271951.63,4672686.10,2003.2,ID103116298,CAMEL ROCK #4,P,Closed,,CLOSED
271951.63,4672686.10,2003.2,ID103293028,CAMEL ROCK #3,P,Closed,,CLOSED
271951.63,4672686.10,2003.2,ID103281755,CAMEL ROCK #2,P,Closed,,CLOSED
271951.63,4672686.10,2003.2,ID103364029,CAMEL ROCK #1,P,Closed,,CLOSED
326628.77,4724147.62,1291.9,ID102928439,KAWAMURA #1,P,Closed,20.0,CLOSED
325345.20,4723404.25,1305.6,ID103330790,LAKE CHANNEL #101,P,Closed,,CLOSED
320563.70,4724308.70,1306.1,ID103287306,MAGGIE #1,P,Closed,,CLOSED
317717.57,4722730.56,1284.7,ID102917819,MAGGIE #2,P,Closed,,CLOSED
319001.57,4723481.45,1287.3,ID102269780,MAGGIE #3,P,Closed,,CLOSED
321778.22,4724296.24,1292.0,ID103326031,VW #1,P,Closed,,CLOSED
321759.23,4723494.43,1291.7,ID103504963,VW #2,P,Closed,,CLOSED
321749.53,4722702.39,1282.4,ID102913903,VW #3,P,Closed,,CLOSED
322561.67,4723434.95,1289.1,ID103401617,VW #4,P,Closed,,CLOSED
323769.24,4724240.87,1300.2,ID103181857,VW #6,P,Closed,,CLOSED
323452.64,4723372.19,1284.2,ID103487042,VW #7,P,Closed,,CLOSED
323692.90,4722561.57,1283.5,ID103484664,VW #8,P,Closed,,CLOSED
324254.47,4723352.92,1294.5,ID103475964,VW #9,P,Closed,,CLOSED
326628.77,4724147.62,1291.9,ID103458431,VW #18,P,Closed,,CLOSED
325778.62,4724165.61,1300.3,ID103418864,SUN #1,P,Closed,,CLOSED
316930.52,4722785.75,1283.4,ID103224651,MAGGIE #4,P,Closed,,CLOSED
331481.68,4723052.32,1284.7,ID103326704,EAGLE #1,P,Closed,,CLOSED
255171.22,4655777.59,1526.9,ID103464446,KIMBERLY #1,P,Closed,,CLOSED
255285.10,4656529.66,1561.8,ID103455229,KIMBERLY #2,P,Closed,,CLOSED
255224.14,4657427.86,1496.1,ID103453327,KIMBERLY #3,P,Closed,,CLOSED
328147.20,4724914.27,1291.1,ID103329556,OVERLOOKED BONANZA,P,Closed,,CLOSED
327343.92,4724933.13,1300.6,ID103487244,CANYON #3,P,Closed,,CLOSED
328210.91,4725697.17,1312.9,ID102918341,CANYON #2,P,Closed,,CLOSED
264117.33,4665912.63,2044.2,ID103345921,HALE'S QUARY NO. 2,P,Closed,,CLOSED
263712.16,4665851.70,1935.6,ID103139472,HALE'S QUARY NO. 3,P,Closed,,CLOSED
263786.12,4666651.86,2018.3,ID103286988,HALE'S QUARY NO. 4,P,Closed,,CLOSED
263712.16,4665851.70,1935.6,ID103482046,HALE'S QUARY NO. 5,P,Closed,,CLOSED
263640.50,4665095.92,1907.0,ID103463717,HALE'S QUARY NO. 6,P,Closed,,CLOSED
264502.73,4666671.27,2142.1,ID103329348,HALE'S QUARY NO. 7,P,Closed,,CLOSED
264445.12,4665069.03,2100.3,ID103290682,ROCKY MT. #2,P,Closed,,CLOSED
264445.12,4665069.03,2100.3,ID103462176,ROCKY MT. #3,P,Closed,,CLOSED
263640.50,4665095.92,1907.0,ID103410240,ROCKY MT. #4,P,Closed,,CLOSED
264445.12,4665069.03,2100.3,ID103404786,ROCKY MT. #6,P,Closed,,CLOSED
264445.12,4665069.03,2100.3,ID103363125,ROCKY MT. #7,P,Closed,,CLOSED
264445.12,4665069.03,2100.3,ID103293294,ROCKY MT. #8,P,Closed,,CLOSED
264445.12,4665069.03,2100.3,ID103472178,ROCKY MT. #9,P,Closed,,CLOSED
265292.03,4664994.13,2259.1,ID103251730,ROCKY MT. #10,P,Closed,,CLOSED
257870.40,4661050.08,1549.8,ID103439928,KIM #1,P,Closed,,CLOSED
258763.86,4661013.98,1570.3,ID103377692,KIM #2,P,Closed,,CLOSED
257795.05,4660422.30,1538.8,ID103346954,KIM #3,P,Closed,,CLOSED
258711.33,4660299.81,1581.7,ID103242912,KIM #4,P,Closed,,CLOSED
257766.72,4659619.47,1677.5,ID103287656,KIM #5,P,Closed,,CLOSED
258642.08,4659581.77,1695.0,ID103243312,KIM #6,P,Closed,,CLOSED
257736.99,4658775.56,1686.5,ID103524867,KIM #8,P,Closed,,CLOSED
258566.81,4658687.16,1619.0,ID103341318,KIM #9,P,Closed,,CLOSED
256864.64,4658083.96,1643.2,ID103224045,KIM #10,P,Closed,,CLOSED
257711.06,4658018.24,1606.0,ID103112037,KIM #11,P,Closed,,CLOSED
258587.86,4657968.26,1661.6,ID103451889,KIM #12,P,Closed,,CLOSED
257684.48,4657217.58,1658.6,ID103369108,KIM #13,P,Closed,,CLOSED
258515.83,4657120.24,1677.0,ID103272712,KIM #14,P,Closed,,CLOSED
257753.14,4656365.85,1692.3,ID103445737,KIM #15,P,Closed,,CLOSED
258490.75,4656360.66,1682.6,ID103467182,KIM #16,P,Closed,,CLOSED
256893.77,4658883.42,1528.9,ID103328842,KIM #7,P,Closed,,CLOSED
254514.37,4663053.65,1779.9,ID103466918,KRISTOS M #1,P,Closed,,CLOSED
255358.27,4662979.91,1777.3,ID103473226,KRISTOS M #2,P,Closed,,CLOSED
254478.43,4662162.13,1726.0,ID103523668,KRISTOS M #3,P,Closed,,CLOSED
255427.39,4662129.23,1622.4,ID103348209,KRISTOS M #4,P,Closed,,CLOSED
252933.06,4661413.26,1693.4,ID103272221,KRISTOS M #5,P,Closed,,CLOSED
253647.86,4661432.78,1727.7,ID103278670,KRISTOS M #6,P,Closed,,CLOSED
254449.75,4661360.41,1800.1,ID103468484,KRISTOS M #7,P,Closed,,CLOSED
255470.86,4661302.78,1683.2,ID103506416,KRISTOS M #8,P,Closed,,CLOSED
252817.22,4660659.05,1690.9,ID103111115,KRISTOS M #9,P,Closed,,CLOSED
253620.75,4660631.00,1578.0,ID103455932,KRISTOS M #10,P,Closed,,CLOSED
254425.10,4660603.02,1771.4,ID103502730,KRISTOS M #11,P,Closed,,CLOSED
255317.48,4660533.17,1674.3,ID103373313,KRISTOS M #12,P,Closed,,CLOSED
252876.16,4659808.67,1636.7,ID103224507,KRISTOS M #13,P,Closed,,CLOSED
253590.40,4659783.75,1575.8,ID103411147,KRISTOS M #14,P,Closed,,CLOSED
254314.96,4659817.47,1540.4,ID103289125,KRISTOS M #15,P,Closed,,CLOSED
255346.98,4660020.73,1577.0,ID103242224,KRISTOS M #16,P,Closed,,CLOSED
252757.88,4659008.97,1596.9,ID103243204,KRISTOS M #17,P,Closed,,CLOSED
253564.65,4659068.65,1673.3,ID103015579,KRISTOS M #18,P,Closed,,CLOSED
254448.08,4659164.68,1732.4,ID103489215,KRISTOS M #19,P,Closed,,CLOSED
252731.15,4658172.71,1644.0,ID103450908,KRISTOS M #20,P,Closed,,CLOSED
253756.79,4658446.02,1726.0,ID103276543,KRISTOS M #21,P,Closed,,CLOSED
254384.13,4658277.46,1689.4,ID103272807,KRISTOS M #22,P,Closed,,CLOSED
252780.58,4657618.41,1731.1,ID103325780,KRISTOS M #23,P,Closed,,CLOSED
252757.74,4656750.89,1712.8,ID103461382,KRISTOS M #24,P,Closed,,CLOSED
251954.71,4656119.67,1568.1,ID103117400,KRISTOS M #25,P,Closed,,CLOSED
252021.57,4655187.86,1556.5,ID103139835,KRISTOS M #26,P,Closed,,CLOSED
263785.76,4667036.52,2036.2,ID103143413,GONDOLY HILLS W QUAR,P,Closed,,CLOSED
264618.93,4667425.56,2239.4,ID103487644,GONDOLY HILLS E QUAR,P,Closed,,CLOSED
264206.95,4667083.58,2124.5,ID103471738,GONDOLY HILL QUARRY,P,Closed,,CLOSED
254266.67,4675802.56,1630.7,ID103466354,SOUTH HILLS ANTIQUE,P,Closed,,CLOSED
254237.59,4675040.86,1623.0,ID103341746,SOUTH HILLS ANTIQUE2,P,Closed,,CLOSED
254218.76,4674241.00,1603.0,ID103067778,S HILLS ANTIQUE #3,P,Closed,,CLOSED
255026.56,4674213.96,1601.4,ID103282618,S HILLS ANTIQUE #4,P,Closed,,CLOSED
311479.03,4666709.17,1475.2,ID103014512,AMY #1,P,Closed,,CLOSED
263799.38,4668258.93,2151.8,ID103296144,AMY #2,P,Closed,,CLOSED
263799.38,4668258.93,2151.8,ID103291160,ASHLEY #3,P,Closed,,CLOSED
263799.38,4668258.93,2151.8,ID103014218,ASHLEY #4,P,Closed,,CLOSED
297522.82,4659656.68,1530.6,ID103457970,DENA #1,P,Closed,,CLOSED
277093.14,4654245.59,1847.5,ID103470126,IDAHO QUARTZITE #1,P,Closed,,CLOSED
277093.14,4654245.59,1847.5,ID103119425,IDAHO QUARTZITE #2,P,Closed,,CLOSED
277093.14,4654245.59,1847.5,ID103014185,IDAHO QUARTZITE #3,P,Closed,,CLOSED
277093.14,4654245.59,1847.5,ID103016290,IDAHO QUARTZITE #4,P,Closed,,CLOSED
276272.04,4654259.25,1923.4,ID103291223,IDAHO QUARTZITE #5,P,Closed,,CLOSED
277093.14,4654245.59,1847.5,ID103272208,IDAHO QUARTZITE #6,P,Closed,,CLOSED
277093.14,4654245.59,1847.5,ID103285196,IDAHO QUARTZITE #7,P,Closed,,CLOSED
277093.14,4654245.59,1847.5,ID103325161,IDAHO QUARTZITE #8,P,Closed,,CLOSED
277093.14,4654245.59,1847.5,ID103501079,IDAHO QUARTZITE #9,P,Closed,,CLOSED
277896.35,4654243.71,1769.7,ID103015284,IDAHO QUARTZITE #10,P,Closed,,CLOSED
276246.55,4653451.97,2137.8,ID103186910,IDAHO QUARTZITE #11,P,Closed,,CLOSED
277067.91,4653443.87,2049.0,ID103297503,IDAHO QUARTZITE #13,P,Closed,,CLOSED
277067.91,4653443.87,2049.0,ID103228184,IDAHO QUARTZITE #14,P,Closed,,CLOSED
277067.91,4653443.87,2049.0,ID103272873,IDAHO QUARTZITE #15,P,Closed,,CLOSED
277872.84,4653440.82,1827.9,ID103019066,IDAHO QUARTZITE #16,P,Closed,,CLOSED
330539.29,4724099.76,1324.6,ID103350293,MAGGIE #1,P,Closed,,CLOSED
329759.56,4724412.22,1332.1,ID101687560,MAGGIE #2,P,Closed,,CLOSED
330646.10,4724811.61,1332.6,ID103323083,MAGGIE #3,P,Closed,,CLOSED
330623.45,4724455.49,1335.2,ID102915399,MAGGIE #4,P,Closed,,CLOSED
331448.56,4724793.15,1339.1,ID103410222,MAGGIE #5,P,Closed,,CLOSED
332069.16,4723903.62,1287.3,ID103229573,MAGGIE #6,P,Closed,,CLOSED
332167.13,4724866.82,1345.6,ID103230224,MAGGIE #7,P,Closed,,CLOSED
331807.94,4724799.97,1333.9,ID103115018,MAGGIE #8,P,Closed,,CLOSED
332167.13,4724866.82,1345.6,ID103435102,MAGGIE #9,P,Closed,,CLOSED
264796.42,4672173.24,1767.5,ID103272589,PROPHROCY #1,P,Closed,,CLOSED
264796.42,4672173.24,1767.5,ID103447568,PROPHROCY #2,P,Closed,,CLOSED
241676.82,4708079.58,1246.1,ID103362735,JANIE,P,Closed,,CLOSED
242157.61,4707659.20,1259.1,ID103523438,SHELLY,P,Closed,,CLOSED
257879.96,4664422.83,1609.0,ID106342444,Cold Comfort,P,Closed,1522.66,CLOSED
247612.42,4727625.64,1272.4,ID103305947,SS #1,T,Closed,,CLOSED
