east,north,elev_m,serial,name,type,disposition,acres,status
334472.45,4660327.40,1546.0,ID105251816,PMG 370,L,Filed,5.07,ACTIVE
334565.10,4660325.23,1542.7,ID105251817,PMG 371,L,Filed,12.67,ACTIVE
333179.26,4659751.19,1632.9,ID105295442,MG 125A,L,Filed,320.0,ACTIVE
332753.78,4659855.68,1660.3,ID105295443,MG 126A,L,Filed,11.8,ACTIVE
332753.78,4659855.68,1660.3,ID105295444,MG 127A,L,Filed,11.8,ACTIVE
332753.78,4659855.68,1660.3,ID105295445,MG 128A,L,Filed,11.8,ACTIVE
332831.36,4660196.03,1669.6,ID105295446,MG 129A,L,Filed,11.8,ACTIVE
332859.45,4661384.13,1682.3,ID105295447,MG 130 A,L,Filed,11.8,ACTIVE
332859.45,4661384.13,1682.3,ID105295448,MG 131A,L,Filed,11.8,ACTIVE
333605.34,4661429.86,1638.0,ID105295449,MG 132A,L,Filed,11.8,ACTIVE
332816.44,4662189.51,1719.3,ID105295450,MG 133A,L,Filed,11.8,ACTIVE
333235.42,4662166.28,1681.1,ID105295451,MG 136A,L,Filed,4.1,ACTIVE
332502.05,4661423.70,1731.6,ID105295452,PMG 373,L,Filed,2.0,ACTIVE
332859.45,4661384.13,1682.3,ID105295453,PMG 374,L,Filed,1.9,ACTIVE
333296.48,4664156.86,1672.3,ID105295454,PMG 375,L,Filed,9.1,ACTIVE
333274.18,4663772.98,1676.1,ID105295455,PMG 376,L,Filed,9.1,ACTIVE
333332.81,4665765.84,1686.1,ID105295457,PMG 378,L,Filed,19.6,ACTIVE
333332.81,4665765.84,1686.1,ID105295458,PMG 379,L,Filed,19.6,ACTIVE
333274.18,4663772.98,1676.1,ID105295456,PMG 377,L,Filed,160.0,ACTIVE
333332.81,4665765.84,1686.1,ID105295459,PMG 380,L,Filed,19.6,ACTIVE
332558.25,4665781.95,1734.1,ID105295462,PMG 383,L,Filed,3.4,ACTIVE
331722.49,4665798.50,1803.6,ID105295463,PMG 384,L,Filed,20.66,ACTIVE
325400.77,4657312.46,1983.9,ID105295466,PMG 387,L,Filed,6.5,ACTIVE
332938.02,4665788.51,1711.6,ID105295461,PMG 382,L,Filed,3.4,ACTIVE
325623.25,4666824.31,2291.3,ID105295464,PMG 385,L,Filed,16.2,ACTIVE
325400.77,4657312.46,1983.9,ID105295465,PMG 386,L,Filed,16.2,ACTIVE
334139.62,4665749.06,1638.4,ID105295460,PMG 381,L,Filed,5.9,ACTIVE
260194.29,4656141.56,1786.6,ID101370938,BLUE 1,L,Active,20.66,ACTIVE
260195.78,4656528.39,1765.5,ID101370939,BLUE 2,L,Active,20.66,ACTIVE
261004.92,4656089.69,1854.0,ID101370940,BLUE 3,L,Active,20.66,ACTIVE
261371.57,4656146.25,1877.7,ID101370941,BLUE 4,L,Active,20.66,ACTIVE
261004.92,4656089.69,1854.0,ID101370942,BLUE 5,L,Active,20.66,ACTIVE
261371.57,4656146.25,1877.7,ID101371482,BLUE 6,L,Active,20.66,ACTIVE
261004.92,4656089.69,1854.0,ID101371483,BLUE 7,L,Active,20.66,ACTIVE
261371.57,4656146.25,1877.7,ID101371484,BLUE 8,L,Active,20.66,ACTIVE
261004.92,4656089.69,1854.0,ID101371485,BLUE 9,L,Active,20.66,ACTIVE
261371.57,4656146.25,1877.7,ID101371486,BLUE 10,L,Active,20.66,ACTIVE
261010.47,4656475.27,1847.1,ID101371487,BLUE 11,L,Active,20.66,ACTIVE
261437.89,4656515.33,1822.9,ID101371488,BLUE 12,L,Active,20.66,ACTIVE
260955.84,4656944.03,1797.7,ID101371489,BLUE 13,L,Active,20.66,ACTIVE
261472.78,4656886.57,1858.7,ID101371490,BLUE 14,L,Active,20.66,ACTIVE
260955.84,4656944.03,1797.7,ID101371491,BLUE 15,L,Active,20.66,ACTIVE
261472.78,4656886.57,1858.7,ID101371492,BLUE 16,L,Active,20.66,ACTIVE
261731.31,4656096.34,1891.2,ID101371493,BLUE 17,L,Active,20.66,ACTIVE
261764.49,4656466.53,1883.3,ID101371494,BLUE 18,L,Active,20.66,ACTIVE
262451.88,4664364.28,1969.1,ID101519066,COLD 1,L,Active,20.66,ACTIVE
262807.29,4664321.21,1936.5,ID101519067,COLD 2,L,Active,20.66,ACTIVE
262807.29,4664321.21,1936.5,ID101519068,COLD 3,L,Active,20.66,ACTIVE
262807.29,4664321.21,1936.5,ID101519069,COLD 4,L,Active,20.66,ACTIVE
262424.09,4663562.57,1991.2,ID101519070,COLD 6,L,Active,20.66,ACTIVE
262778.05,4663475.08,2013.2,ID101519071,COLD 7,L,Active,20.66,ACTIVE
262778.05,4663475.08,2013.2,ID101519072,COLD 8,L,Active,20.66,ACTIVE
262778.05,4663475.08,2013.2,ID101519073,COLD 9,L,Active,20.66,ACTIVE
262778.05,4663475.08,2013.2,ID101519074,COLD 10,L,Active,20.66,ACTIVE
263585.83,4663536.93,2016.9,ID101519075,COLD 11,L,Active,20.66,ACTIVE
262808.66,4663054.94,2062.1,ID101519076,COLD 12,L,Active,20.66,ACTIVE
262808.66,4663054.94,2062.1,ID101519077,COLD 13,L,Active,20.66,ACTIVE
262808.66,4663054.94,2062.1,ID101519078,COLD 14,L,Active,20.66,ACTIVE
262808.66,4663054.94,2062.1,ID101519079,COLD 15,L,Active,20.66,ACTIVE
262794.93,4662670.75,2126.1,ID101519080,COLD 16,L,Active,20.66,ACTIVE
263601.00,4662109.01,2133.4,ID101519081,COLD 17,L,Active,20.66,ACTIVE
262794.93,4662670.75,2126.1,ID101519082,COLD 18,L,Active,20.66,ACTIVE
262794.93,4662670.75,2126.1,ID101519083,COLD 19,L,Active,20.66,ACTIVE
263555.24,4662647.49,2095.3,ID101519084,COLD 20,L,Active,20.66,ACTIVE
263555.24,4662647.49,2095.3,ID101519085,COLD 21,L,Active,20.66,ACTIVE
263555.24,4662647.49,2095.3,ID101519086,COLD 22,L,Active,20.66,ACTIVE
262825.89,4662137.21,2248.2,ID101519893,COLD 23,L,Active,20.66,ACTIVE
262825.89,4662137.21,2248.2,ID101519894,COLD 24,L,Active,20.66,ACTIVE
263601.00,4662109.01,2133.4,ID101519895,COLD 25,L,Active,20.66,ACTIVE
263601.00,4662109.01,2133.4,ID101519896,COLD 26,L,Active,20.66,ACTIVE
262092.09,4664301.91,1894.8,ID101519897,COLD 27,L,Active,20.66,ACTIVE
261976.38,4663546.51,2046.4,ID101519898,COLD 28,L,Active,20.66,ACTIVE
262003.73,4663915.79,1921.4,ID101519185,COLD 29,L,Active,20.66,ACTIVE
261976.38,4663546.51,2046.4,ID101519186,COLD 30,L,Active,20.66,ACTIVE
262091.80,4664686.57,1890.0,ID101519187,COLD 31,L,Active,20.66,ACTIVE
262091.80,4664686.57,1890.0,ID101519188,COLD 32,L,Active,20.66,ACTIVE
262512.32,4664733.56,1921.5,ID101519189,COLD 33,L,Active,20.66,ACTIVE
262833.81,4664691.63,1900.8,ID101519190,COLD 34,L,Active,20.66,ACTIVE
262833.81,4664691.63,1900.8,ID101519191,COLD 35,L,Active,20.66,ACTIVE
262833.81,4664691.63,1900.8,ID101519998,COLD 36,L,Active,20.66,ACTIVE
262804.97,4663857.71,1981.6,ID101519999,COLD 37,L,Active,20.66,ACTIVE
263582.12,4663030.12,2049.5,ID101520000,COLD 38,L,Active,20.66,ACTIVE
263582.12,4663030.12,2049.5,ID101520001,COLD 39,L,Active,20.66,ACTIVE
262361.59,4663107.76,2011.5,ID101520002,COLD 40,L,Active,20.66,ACTIVE
262808.66,4663054.94,2062.1,ID101520003,COLD 41,L,Active,20.66,ACTIVE
262794.93,4662670.75,2126.1,ID101520004,COLD 42,L,Active,20.66,ACTIVE
263555.24,4662647.49,2095.3,ID101520005,COLD 43,L,Active,20.66,ACTIVE
263601.00,4662109.01,2133.4,ID101520006,COLD 44,L,Active,20.66,ACTIVE
264064.40,4662642.70,2050.8,ID101520007,COLD 45,L,Active,20.66,ACTIVE
263993.79,4662065.87,2134.0,ID101520008,COLD 46,L,Active,20.66,ACTIVE
264408.67,4662088.71,2116.3,ID101520009,COLD 47,L,Active,20.66,ACTIVE
262825.89,4662137.21,2248.2,ID101520010,COLD 48,L,Active,20.66,ACTIVE
263596.52,4661752.31,2171.7,ID101364109,COLD 49,L,Active,20.66,ACTIVE
263596.52,4661752.31,2171.7,ID101364110,COLD 50,L,Active,20.66,ACTIVE
263596.52,4661752.31,2171.7,ID101364111,COLD 51,L,Active,20.66,ACTIVE
263984.36,4661733.79,2175.3,ID101364112,COLD 52,L,Active,20.66,ACTIVE
264405.13,4661734.21,2122.4,ID101364113,COLD 53,L,Active,20.66,ACTIVE
264405.13,4661734.21,2122.4,ID101364114,COLD 54,L,Active,20.66,ACTIVE
260101.48,4655726.70,1802.6,ID101747877,BLUE 19,L,Active,20.66,ACTIVE
260194.29,4656141.56,1786.6,ID101747878,BLUE 20,L,Active,20.66,ACTIVE
260101.48,4655726.70,1802.6,ID101747879,BLUE 21,L,Active,20.66,ACTIVE
260194.29,4656141.56,1786.6,ID101747880,BLUE 22,L,Active,20.66,ACTIVE
260101.48,4655726.70,1802.6,ID101747881,BLUE 23,L,Active,20.66,ACTIVE
260194.29,4656141.56,1786.6,ID101747882,BLUE 24,L,Active,20.66,ACTIVE
259352.50,4656593.69,1743.8,ID101747883,BLUE 25,L,Active,20.66,ACTIVE
259325.23,4657108.23,1756.6,ID101747884,BLUE 26,L,Active,20.66,ACTIVE
259325.23,4657108.23,1756.6,ID101748265,BLUE 27,L,Active,20.66,ACTIVE
259808.35,4657056.25,1716.2,ID101748266,BLUE 28,L,Active,20.66,ACTIVE
260184.94,4657040.14,1714.4,ID101748267,BLUE 29,L,Active,20.66,ACTIVE
259808.35,4657056.25,1716.2,ID101748268,BLUE 30,L,Active,20.66,ACTIVE
260184.94,4657040.14,1714.4,ID101748269,BLUE 31,L,Active,20.66,ACTIVE
259838.55,4657433.21,1669.5,ID101748270,BLUE 32,L,Active,20.66,ACTIVE
261865.29,4656851.12,1895.4,ID101748271,BLUE 39,L,Active,20.66,ACTIVE
261865.29,4656851.12,1895.4,ID101748272,BLUE 40,L,Active,20.66,ACTIVE
261865.29,4656851.12,1895.4,ID101748401,BLUE 41,L,Active,20.66,ACTIVE
262221.35,4656914.75,1929.2,ID101748402,BLUE 42,L,Active,20.66,ACTIVE
260372.83,4663169.38,1711.0,ID101748403,SPRING 1,L,Active,20.66,ACTIVE
260373.45,4663602.93,1724.2,ID101748404,SPRING 2,L,Active,20.66,ACTIVE
260372.83,4663169.38,1711.0,ID101748405,SPRING 3,L,Active,20.66,ACTIVE
260373.45,4663602.93,1724.2,ID101748406,SPRING 4,L,Active,20.66,ACTIVE
261070.45,4659797.26,1816.7,ID101748407,EMERY 1,L,Active,20.66,ACTIVE
261159.64,4660181.12,1857.3,ID101748408,EMERY 2,L,Active,20.66,ACTIVE
261070.45,4659797.26,1816.7,ID101748409,EMERY 3,L,Active,20.66,ACTIVE
261159.64,4660181.12,1857.3,ID101748410,EMERY 4,L,Active,20.66,ACTIVE
261070.45,4659797.26,1816.7,ID101748411,EMERY 5,L,Active,20.66,ACTIVE
261159.64,4660181.12,1857.3,ID101748412,EMERY 6,L,Active,20.66,ACTIVE
261070.45,4659797.26,1816.7,ID101748413,EMERY 7,L,Active,20.66,ACTIVE
261159.64,4660181.12,1857.3,ID101748883,EMERY 8,L,Active,20.66,ACTIVE
329643.92,4659547.73,2234.9,ID101883711,MG 1,L,Active,20.66,ACTIVE
329604.74,4659914.20,2283.1,ID101883712,MG 2,L,Active,20.66,ACTIVE
329604.74,4659914.20,2283.1,ID101884503,MG 3,L,Active,20.66,ACTIVE
329604.74,4659914.20,2283.1,ID101884504,MG 4,L,Active,20.66,ACTIVE
329604.74,4659914.20,2283.1,ID101884505,MG 5,L,Active,20.66,ACTIVE
329660.83,4660283.93,2313.8,ID101884506,MG 6,L,Active,20.66,ACTIVE
329624.11,4660718.12,2376.9,ID101884507,MG 7,L,Active,20.66,ACTIVE
329624.11,4660718.12,2376.9,ID101884508,MG 8,L,Active,20.66,ACTIVE
329624.11,4660718.12,2376.9,ID101884509,MG 9,L,Active,20.66,ACTIVE
329680.20,4661087.85,2388.2,ID101884510,MG 10,L,Active,20.66,ACTIVE
329643.49,4661522.03,2351.6,ID101884511,MG 11,L,Active,20.66,ACTIVE
329643.49,4661522.03,2351.6,ID101884512,MG 12,L,Active,20.66,ACTIVE
329643.49,4661522.03,2351.6,ID101884513,MG 13,L,Active,20.66,ACTIVE
329643.49,4661522.03,2351.6,ID101884514,MG 14,L,Active,20.66,ACTIVE
329662.87,4662325.95,2265.3,ID101884515,MG 15,L,Active,20.66,ACTIVE
329662.87,4662325.95,2265.3,ID101884516,MG 16,L,Active,20.66,ACTIVE
329662.87,4662325.95,2265.3,ID101884517,MG 17,L,Active,20.66,ACTIVE
329662.87,4662325.95,2265.3,ID101884518,MG 18,L,Active,20.66,ACTIVE
329966.87,4659517.74,2167.6,ID101884519,MG 19,L,Active,20.66,ACTIVE
329962.44,4659918.92,2192.3,ID101884520,MG 20,L,Active,20.66,ACTIVE
329962.44,4659918.92,2192.3,ID101884521,MG 21,L,Active,20.66,ACTIVE
329962.44,4659918.92,2192.3,ID101884522,MG 22,L,Active,20.66,ACTIVE
329962.44,4659918.92,2192.3,ID101884523,MG 23,L,Active,20.66,ACTIVE
330046.32,4660274.66,2178.0,ID101884524,MG 24,L,Active,20.66,ACTIVE
329979.62,4660632.90,2266.7,ID101885295,MG 25,L,Active,20.66,ACTIVE
329979.62,4660632.90,2266.7,ID101885296,MG 26,L,Active,20.66,ACTIVE
329979.62,4660632.90,2266.7,ID101885297,MG 27,L,Active,20.66,ACTIVE
330002.94,4661017.86,2297.9,ID101885298,MG 28,L,Active,20.66,ACTIVE
329998.98,4661437.92,2221.5,ID101885299,MG 29,L,Active,20.66,ACTIVE
329998.98,4661437.92,2221.5,ID101885300,MG 30,L,Active,20.66,ACTIVE
329998.98,4661437.92,2221.5,ID101885301,MG 31,L,Active,20.66,ACTIVE
329998.98,4661437.92,2221.5,ID101885302,MG 32,L,Active,20.66,ACTIVE
330017.49,4662241.86,2251.0,ID101885303,MG 33,L,Active,20.66,ACTIVE
330017.49,4662241.86,2251.0,ID101885304,MG 34,L,Active,20.66,ACTIVE
330017.49,4662241.86,2251.0,ID101885305,MG 35,L,Active,20.66,ACTIVE
330017.49,4662241.86,2251.0,ID101885306,MG 36,L,Active,20.66,ACTIVE
330304.31,4659470.75,2045.9,ID101885307,MG 37,L,Active,20.66,ACTIVE
330405.85,4659769.40,2037.2,ID101885308,MG 38,L,Active,20.66,ACTIVE
330405.85,4659769.40,2037.2,ID101885309,MG 39,L,Active,20.66,ACTIVE
330405.85,4659769.40,2037.2,ID101885310,MG 40,L,Active,20.66,ACTIVE
330405.85,4659769.40,2037.2,ID101885311,MG 41,L,Active,20.66,ACTIVE
330373.01,4660160.15,2069.7,ID101885312,MG 42,L,Active,20.66,ACTIVE
330135.37,4660673.59,2236.7,ID101885313,MG 43,L,Active,20.66,ACTIVE
330135.37,4660673.59,2236.7,ID101885314,MG 44,L,Active,20.66,ACTIVE
330135.37,4660673.59,2236.7,ID101885315,MG 45,L,Active,20.66,ACTIVE
330319.29,4661094.70,2256.6,ID101885316,MG 46,L,Active,20.66,ACTIVE
330447.40,4661501.59,2208.7,ID101882912,MG 47,L,Active,20.66,ACTIVE
330447.40,4661501.59,2208.7,ID101882913,MG 48,L,Active,20.66,ACTIVE
330447.40,4661501.59,2208.7,ID101882914,MG 49,L,Active,20.66,ACTIVE
330447.40,4661501.59,2208.7,ID101882915,MG 50,L,Active,20.66,ACTIVE
330526.40,4662241.85,2055.7,ID101882916,MG 51,L,Active,20.66,ACTIVE
330526.40,4662241.85,2055.7,ID101882917,MG 52,L,Active,20.66,ACTIVE
330526.40,4662241.85,2055.7,ID101882918,MG 53,L,Active,20.66,ACTIVE
330526.40,4662241.85,2055.7,ID101882919,MG 54,L,Active,20.66,ACTIVE
330761.02,4659287.60,1891.2,ID101882920,MG 55,L,Active,20.66,ACTIVE
330861.71,4659620.71,1896.4,ID101882921,MG 56,L,Active,20.66,ACTIVE
330861.71,4659620.71,1896.4,ID101882922,MG 57,L,Active,20.66,ACTIVE
330861.71,4659620.71,1896.4,ID101882923,MG 58,L,Active,20.66,ACTIVE
330861.71,4659620.71,1896.4,ID101882924,MG 59,L,Active,20.66,ACTIVE
330804.62,4659622.08,1913.7,ID101882925,MG 60,L,Active,20.66,ACTIVE
330674.68,4660901.74,2079.0,ID101882926,MG 61,L,Active,20.66,ACTIVE
330674.68,4660901.74,2079.0,ID101882927,MG 62,L,Active,20.66,ACTIVE
330674.68,4660901.74,2079.0,ID101882928,MG 63,L,Active,20.66,ACTIVE
330807.85,4661278.52,2106.3,ID101882929,MG 64,L,Active,20.66,ACTIVE
330805.03,4661506.35,2182.5,ID101882930,MG 65,L,Active,20.66,ACTIVE
330805.03,4661506.35,2182.5,ID101882931,MG 66,L,Active,20.66,ACTIVE
330805.03,4661506.35,2182.5,ID101882932,MG 67,L,Active,20.66,ACTIVE
330805.03,4661506.35,2182.5,ID101882933,MG 68,L,Active,20.66,ACTIVE
330911.41,4662217.07,2003.1,ID101883713,MG 69,L,Active,20.66,ACTIVE
330911.41,4662217.07,2003.1,ID101883714,MG 70,L,Active,20.66,ACTIVE
330911.41,4662217.07,2003.1,ID101883715,MG 71,L,Active,20.66,ACTIVE
330911.41,4662217.07,2003.1,ID101883716,MG 72,L,Active,20.66,ACTIVE
331606.73,4659447.39,1846.9,ID101883717,MG 73,L,Active,20.66,ACTIVE
331613.99,4659787.19,1779.6,ID101883718,MG 74,L,Active,20.66,ACTIVE
331613.99,4659787.19,1779.6,ID101883719,MG 75,L,Active,20.66,ACTIVE
331613.99,4659787.19,1779.6,ID101883720,MG 76,L,Active,20.66,ACTIVE
331613.99,4659787.19,1779.6,ID101883721,MG 77,L,Active,20.66,ACTIVE
331649.17,4660221.86,1801.2,ID101883722,MG 78,L,Active,20.66,ACTIVE
331754.19,4660634.88,1808.0,ID101883723,MG 79,L,Active,20.66,ACTIVE
331754.19,4660634.88,1808.0,ID101883724,MG 80,L,Active,20.66,ACTIVE
331754.19,4660634.88,1808.0,ID101883725,MG 81,L,Active,20.66,ACTIVE
331728.47,4660979.90,1869.4,ID101883726,MG 82,L,Active,20.66,ACTIVE
331696.18,4661396.19,1905.5,ID101883727,MG 83,L,Active,20.66,ACTIVE
331696.18,4661396.19,1905.5,ID101883728,MG 84,L,Active,20.66,ACTIVE
331696.18,4661396.19,1905.5,ID101883729,MG 85,L,Active,20.66,ACTIVE
331696.18,4661396.19,1905.5,ID101883730,MG 86,L,Active,20.66,ACTIVE
331627.04,4662245.53,1862.3,ID101883731,MG 87,L,Active,20.66,ACTIVE
331627.04,4662245.53,1862.3,ID101883732,MG 88,L,Active,20.66,ACTIVE
331627.04,4662245.53,1862.3,ID101883733,MG 89,L,Active,20.66,ACTIVE
331627.04,4662245.53,1862.3,ID101883734,MG 90,L,Active,20.66,ACTIVE
332093.43,4659550.25,1772.8,ID101470490,MG 91,L,Active,20.66,ACTIVE
332101.44,4659922.25,1733.8,ID101471648,MG 92,L,Active,20.66,ACTIVE
332101.44,4659922.25,1733.8,ID101471649,MG 93,L,Active,20.66,ACTIVE
332101.44,4659922.25,1733.8,ID101471650,MG 94,L,Active,20.66,ACTIVE
332101.44,4659922.25,1733.8,ID101471651,MG 95,L,Active,20.66,ACTIVE
332067.13,4660255.25,1749.0,ID101471652,MG 96,L,Active,20.66,ACTIVE
332181.53,4660541.39,1751.0,ID101471653,MG 97,L,Active,20.66,ACTIVE
332181.53,4660541.39,1751.0,ID101471654,MG 98,L,Active,20.66,ACTIVE
332181.53,4660541.39,1751.0,ID101471655,MG 99,L,Active,20.66,ACTIVE
332161.05,4660864.07,1771.3,ID101471656,MG 100,L,Active,20.66,ACTIVE
332054.66,4661402.10,1804.6,ID101471657,MG 101,L,Active,20.66,ACTIVE
332054.66,4661402.10,1804.6,ID101471658,MG 102,L,Active,20.66,ACTIVE
332054.66,4661402.10,1804.6,ID101471659,MG 103,L,Active,20.66,ACTIVE
332054.66,4661402.10,1804.6,ID101471660,MG 104,L,Active,20.66,ACTIVE
332062.96,4661786.31,1813.0,ID101471661,MG 105,L,Active,20.66,ACTIVE
332012.45,4662237.47,1837.1,ID101471662,MG 106,L,Active,20.66,ACTIVE
332012.45,4662237.47,1837.1,ID101471663,MG 107,L,Active,20.66,ACTIVE
332012.45,4662237.47,1837.1,ID101471664,MG 108,L,Active,20.66,ACTIVE
332443.65,4659553.05,1735.9,ID101471665,MG 109,L,Active,20.66,ACTIVE
332397.57,4659948.55,1706.0,ID101471666,MG 110,L,Active,20.66,ACTIVE
332397.57,4659948.55,1706.0,ID101471667,MG 111,L,Active,20.66,ACTIVE
332397.57,4659948.55,1706.0,ID101471668,MG 112,L,Active,20.66,ACTIVE
332397.57,4659948.55,1706.0,ID101471669,MG 113,L,Active,20.66,ACTIVE
332456.68,4660242.67,1693.7,ID101473883,MG 114,L,Active,20.66,ACTIVE
332443.70,4660532.95,1725.3,ID101473884,MG 115,L,Active,20.66,ACTIVE
332443.70,4660532.95,1725.3,ID101473885,MG 116,L,Active,20.66,ACTIVE
332471.20,4660820.05,1731.6,ID101473886,MG 117,L,Active,20.66,ACTIVE
332456.31,4661379.24,1738.5,ID101473887,MG 118,L,Active,20.66,ACTIVE
332456.31,4661379.24,1738.5,ID101473888,MG 119,L,Active,20.66,ACTIVE
332465.42,4661763.43,1746.1,ID101473889,MG 120,L,Active,20.66,ACTIVE
332520.03,4662182.09,1738.9,ID101473890,MG 121,L,Active,20.66,ACTIVE
332520.03,4662182.09,1738.9,ID101473891,MG 122,L,Active,20.66,ACTIVE
332520.03,4662182.09,1738.9,ID101473892,MG 123,L,Active,20.66,ACTIVE
332741.70,4659554.89,1683.4,ID101473893,MG 124,L,Active,20.66,ACTIVE
332878.47,4662188.05,1710.0,ID101473903,MG 134,L,Active,20.66,ACTIVE
332878.47,4662188.05,1710.0,ID101473904,MG 135,L,Active,20.66,ACTIVE
333236.47,4662210.70,1681.1,ID101474894,MG 136,L,Active,20.66,ACTIVE
333236.47,4662210.70,1681.1,ID101474895,MG 137,L,Active,20.66,ACTIVE
332035.48,4662614.67,1842.5,ID101474896,MG 138,L,Active,20.66,ACTIVE
332031.42,4663070.27,1820.5,ID101474897,MG 139,L,Active,20.66,ACTIVE
332031.42,4663070.27,1820.5,ID101474898,MG 140,L,Active,20.66,ACTIVE
332031.42,4663070.27,1820.5,ID101474899,MG 141,L,Active,20.66,ACTIVE
332031.42,4663070.27,1820.5,ID101474900,MG 142,L,Active,20.66,ACTIVE
332050.54,4663874.19,1816.8,ID101474901,MG 143,L,Active,20.66,ACTIVE
332050.54,4663874.19,1816.8,ID101474902,MG 144,L,Active,20.66,ACTIVE
332050.54,4663874.19,1816.8,ID101474903,MG 145,L,Active,20.66,ACTIVE
332515.08,4662566.62,1754.9,ID101474904,MG 146,L,Active,20.66,ACTIVE
332450.78,4663030.32,1769.2,ID101474905,MG 147,L,Active,20.66,ACTIVE
332450.78,4663030.32,1769.2,ID101474906,MG 148,L,Active,20.66,ACTIVE
332450.78,4663030.32,1769.2,ID101474907,MG 149,L,Active,20.66,ACTIVE
332450.78,4663030.32,1769.2,ID101474908,MG 150,L,Active,20.66,ACTIVE
332513.42,4663787.65,1755.0,ID101474909,MG 151,L,Active,20.66,ACTIVE
332513.42,4663787.65,1755.0,ID101474910,MG 152,L,Active,20.66,ACTIVE
332513.42,4663787.65,1755.0,ID101474911,MG 153,L,Active,20.66,ACTIVE
332515.08,4662566.62,1754.9,ID101474912,MG 154,L,Active,20.66,ACTIVE
332450.78,4663030.32,1769.2,ID101474913,MG 155,L,Active,20.66,ACTIVE
332450.78,4663030.32,1769.2,ID101474914,MG 156,L,Active,20.66,ACTIVE
327498.96,4657643.20,1761.8,ID101887410,MG 157,L,Active,20.66,ACTIVE
327516.07,4658447.17,1820.6,ID101887411,MG 158,L,Active,20.66,ACTIVE
327516.07,4658447.17,1820.6,ID101887412,MG 159,L,Active,20.66,ACTIVE
327516.07,4658447.17,1820.6,ID101887413,MG 160,L,Active,20.66,ACTIVE
327516.07,4658447.17,1820.6,ID101887414,MG 161,L,Active,20.66,ACTIVE
327537.76,4658793.28,1817.3,ID101887415,MG 162,L,Active,20.66,ACTIVE
327577.35,4659194.51,1875.1,ID101887416,MG 163,L,Active,20.66,ACTIVE
327577.35,4659194.51,1875.1,ID101887417,MG 164,L,Active,20.66,ACTIVE
327585.90,4659545.39,1856.0,ID101887418,MG 165,L,Active,20.66,ACTIVE
327595.61,4659977.35,1902.4,ID101887419,MG 166,L,Active,20.66,ACTIVE
327595.61,4659977.35,1902.4,ID101887420,MG 167,L,Active,20.66,ACTIVE
327595.61,4659977.35,1902.4,ID101887421,MG 168,L,Active,20.66,ACTIVE
327595.61,4659977.35,1902.4,ID101888222,MG 169,L,Active,20.66,ACTIVE
327635.73,4660333.02,1842.2,ID101888223,MG 170,L,Active,20.66,ACTIVE
327568.35,4660692.42,1914.8,ID101888224,MG 171,L,Active,20.66,ACTIVE
327568.35,4660692.42,1914.8,ID101888225,MG 172,L,Active,20.66,ACTIVE
327568.35,4660692.42,1914.8,ID101888226,MG 173,L,Active,20.66,ACTIVE
327591.81,4661077.37,1965.0,ID101888227,MG 174,L,Active,20.66,ACTIVE
327589.87,4661540.73,2018.8,ID101888228,MG 175,L,Active,20.66,ACTIVE
327589.87,4661540.73,2018.8,ID101888229,MG 176,L,Active,20.66,ACTIVE
327589.87,4661540.73,2018.8,ID101888230,MG 177,L,Active,20.66,ACTIVE
327589.87,4661540.73,2018.8,ID101888231,MG 178,L,Active,20.66,ACTIVE
327612.98,4661911.25,1980.0,ID101888232,MG 179,L,Active,20.66,ACTIVE
327697.72,4662298.05,2041.4,ID101888233,MG 180,L,Active,20.66,ACTIVE
327697.72,4662298.05,2041.4,ID101888234,MG 181,L,Active,20.66,ACTIVE
327697.72,4662298.05,2041.4,ID101888235,MG 182,L,Active,20.66,ACTIVE
327693.03,4662682.58,2101.6,ID101888236,MG 183,L,Active,20.66,ACTIVE
327629.10,4663148.56,2084.9,ID101888237,MG 184,L,Active,20.66,ACTIVE
327629.10,4663148.56,2084.9,ID101888238,MG 185,L,Active,20.66,ACTIVE
327629.10,4663148.56,2084.9,ID101888239,MG 186,L,Active,20.66,ACTIVE
327629.10,4663148.56,2084.9,ID101888240,MG 187,L,Active,20.66,ACTIVE
328301.66,4657622.56,1974.2,ID101888241,MG 188,L,Active,20.66,ACTIVE
328318.69,4658426.53,2012.9,ID101888242,MG 189,L,Active,20.66,ACTIVE
328318.69,4658426.53,2012.9,ID101888243,MG 190,L,Active,20.66,ACTIVE
328318.69,4658426.53,2012.9,ID101889022,MG 191,L,Active,20.66,ACTIVE
328318.69,4658426.53,2012.9,ID101889023,MG 192,L,Active,20.66,ACTIVE
328341.16,4658772.63,1994.0,ID101889024,MG 193,L,Active,20.66,ACTIVE
328425.38,4659172.78,1954.6,ID101889025,MG 194,L,Active,20.66,ACTIVE
328425.38,4659172.78,1954.6,ID101889026,MG 195,L,Active,20.66,ACTIVE
328420.66,4659523.98,1918.1,ID101889027,MG 196,L,Active,20.66,ACTIVE
328355.03,4659957.76,1920.2,ID101889028,MG 197,L,Active,20.66,ACTIVE
328355.03,4659957.76,1920.2,ID101889029,MG 198,L,Active,20.66,ACTIVE
328355.03,4659957.76,1920.2,ID101889030,MG 199,L,Active,20.66,ACTIVE
328355.03,4659957.76,1920.2,ID101889031,MG 200,L,Active,20.66,ACTIVE
328438.99,4660313.48,1936.1,ID101889032,MG 201,L,Active,20.66,ACTIVE
328460.90,4660670.70,1973.4,ID101889033,MG 202,L,Active,20.66,ACTIVE
328460.90,4660670.70,1973.4,ID101889034,MG 203,L,Active,20.66,ACTIVE
328460.90,4660670.70,1973.4,ID101889035,MG 204,L,Active,20.66,ACTIVE
328456.99,4661055.21,1957.8,ID101889036,MG 205,L,Active,20.66,ACTIVE
328392.16,4661521.20,1946.3,ID101889037,MG 206,L,Active,20.66,ACTIVE
328392.16,4661521.20,1946.3,ID101889038,MG 207,L,Active,20.66,ACTIVE
328392.16,4661521.20,1946.3,ID101889039,MG 208,L,Active,20.66,ACTIVE
328392.16,4661521.20,1946.3,ID101889040,MG 209,L,Active,20.66,ACTIVE
328392.16,4661521.20,1946.3,ID101889041,MG 210,L,Active,20.66,ACTIVE
328412.51,4662325.09,2158.5,ID101889042,MG 211,L,Active,20.66,ACTIVE
328412.51,4662325.09,2158.5,ID101889043,MG 212,L,Active,20.66,ACTIVE
328412.51,4662325.09,2158.5,ID101889822,MG 213,L,Active,20.66,ACTIVE
328435.60,4662696.73,2295.7,ID101889823,MG 214,L,Active,20.66,ACTIVE
328430.96,4663084.60,2161.7,ID101889824,MG 215,L,Active,20.66,ACTIVE
328430.96,4663084.60,2161.7,ID101889825,MG 216,L,Active,20.66,ACTIVE
328430.96,4663084.60,2161.7,ID101889826,MG 217,L,Active,20.66,ACTIVE
328430.96,4663084.60,2161.7,ID101889827,MG 218,L,Active,20.66,ACTIVE
328685.97,4657626.58,2043.2,ID101889828,MG 219,L,Active,20.66,ACTIVE
328703.78,4658430.53,2076.6,ID101889829,MG 220,L,Active,20.66,ACTIVE
328703.78,4658430.53,2076.6,ID101889830,MG 221,L,Active,20.66,ACTIVE
328703.78,4658430.53,2076.6,ID101889831,MG 222,L,Active,20.66,ACTIVE
328703.78,4658430.53,2076.6,ID101889832,MG 223,L,Active,20.66,ACTIVE
328726.02,4658767.74,2102.4,ID101889833,MG 224,L,Active,20.66,ACTIVE
328784.13,4659218.53,2081.9,ID101889834,MG 225,L,Active,20.66,ACTIVE
328784.13,4659218.53,2081.9,ID101889835,MG 226,L,Active,20.66,ACTIVE
328839.75,4659567.15,2075.1,ID101889836,MG 227,L,Active,20.66,ACTIVE
328801.44,4659933.61,1988.6,ID101889837,MG 228,L,Active,20.66,ACTIVE
328801.44,4659933.61,1988.6,ID101889838,MG 229,L,Active,20.66,ACTIVE
328801.44,4659933.61,1988.6,ID101889839,MG 230,L,Active,20.66,ACTIVE
328801.44,4659933.61,1988.6,ID101889840,MG 231,L,Active,20.66,ACTIVE
328857.57,4660303.33,2020.4,ID101889841,MG 232,L,Active,20.66,ACTIVE
328820.08,4660737.54,2062.3,ID101889842,MG 233,L,Active,20.66,ACTIVE
328820.08,4660737.54,2062.3,ID101889843,MG 234,L,Active,20.66,ACTIVE
328820.08,4660737.54,2062.3,ID101560622,MG 235,L,Active,20.66,ACTIVE
328876.21,4661107.27,2070.2,ID101560623,MG 236,L,Active,20.66,ACTIVE
328777.59,4661511.85,2011.5,ID101560624,MG 237,L,Active,20.66,ACTIVE
328777.59,4661511.85,2011.5,ID101560625,MG 238,L,Active,20.66,ACTIVE
328777.59,4661511.85,2011.5,ID101560626,MG 239,L,Active,20.66,ACTIVE
328777.59,4661511.85,2011.5,ID101560627,MG 240,L,Active,20.66,ACTIVE
328800.82,4661890.15,2051.9,ID101560628,MG 241,L,Active,20.66,ACTIVE
328797.07,4662315.76,2169.7,ID101560629,MG 242,L,Active,20.66,ACTIVE
328797.07,4662315.76,2169.7,ID101560630,MG 243,L,Active,20.66,ACTIVE
328797.07,4662315.76,2169.7,ID101560631,MG 244,L,Active,20.66,ACTIVE
328820.30,4662694.06,2183.7,ID101560632,MG 245,L,Active,20.66,ACTIVE
328815.83,4663089.70,2077.8,ID101560633,MG 246,L,Active,20.66,ACTIVE
328815.83,4663089.70,2077.8,ID101560634,MG 247,L,Active,20.66,ACTIVE
328815.83,4663089.70,2077.8,ID101560635,MG 248,L,Active,20.66,ACTIVE
328815.83,4663089.70,2077.8,ID101560636,MG 249,L,Active,20.66,ACTIVE
329105.47,4657647.54,1944.7,ID101560637,MG 250,L,Active,20.66,ACTIVE
329123.23,4658451.49,2027.7,ID101560638,MG 251,L,Active,20.66,ACTIVE
329123.23,4658451.49,2027.7,ID101560639,MG 252,L,Active,20.66,ACTIVE
329123.23,4658451.49,2027.7,ID101560640,MG 253,L,Active,20.66,ACTIVE
329123.23,4658451.49,2027.7,ID101560641,MG 254,L,Active,20.66,ACTIVE
329144.52,4658784.29,2087.1,ID101560642,MG 255,L,Active,20.66,ACTIVE
329140.24,4659155.47,2168.1,ID101560643,MG 256,L,Active,20.66,ACTIVE
329140.24,4659155.47,2168.1,ID101561422,MG 257,L,Active,20.66,ACTIVE
329161.95,4659506.03,2207.2,ID101561423,MG 258,L,Active,20.66,ACTIVE
329156.18,4659849.48,2127.8,ID101561424,MG 259,L,Active,20.66,ACTIVE
329156.18,4659849.48,2127.8,ID101561425,MG 260,L,Active,20.66,ACTIVE
329156.18,4659849.48,2127.8,ID101561426,MG 261,L,Active,20.66,ACTIVE
329156.18,4659849.48,2127.8,ID101561427,MG 262,L,Active,20.66,ACTIVE
329179.52,4660233.33,2119.0,ID101561428,MG 263,L,Active,20.66,ACTIVE
329176.68,4660697.81,2156.1,ID101561429,MG 264,L,Active,20.66,ACTIVE
329176.68,4660697.81,2156.1,ID101561430,MG 265,L,Active,20.66,ACTIVE
329176.68,4660697.81,2156.1,ID101561431,MG 266,L,Active,20.66,ACTIVE
329199.70,4661068.33,2170.0,ID101561432,MG 267,L,Active,20.66,ACTIVE
329284.36,4661455.15,2213.0,ID101561433,MG 268,L,Active,20.66,ACTIVE
329284.36,4661455.15,2213.0,ID101561434,MG 269,L,Active,20.66,ACTIVE
329284.36,4661455.15,2213.0,ID101561435,MG 270,L,Active,20.66,ACTIVE
329284.36,4661455.15,2213.0,ID101561436,MG 271,L,Active,20.66,ACTIVE
329279.61,4661840.79,2246.1,ID101561437,MG 272,L,Active,20.66,ACTIVE
329214.46,4662261.22,2290.7,ID101561438,MG 273,L,Active,20.66,ACTIVE
329214.46,4662261.22,2290.7,ID101561439,MG 274,L,Active,20.66,ACTIVE
329214.46,4662261.22,2290.7,ID101561440,MG 275,L,Active,20.66,ACTIVE
329237.01,4662646.20,2248.8,ID101561441,MG 276,L,Active,20.66,ACTIVE
329279.90,4663154.02,2161.4,ID101561442,MG 277,L,Active,20.66,ACTIVE
329279.90,4663154.02,2161.4,ID101561443,MG 278,L,Active,20.66,ACTIVE
329279.90,4663154.02,2161.4,ID101562222,MG 279,L,Active,20.66,ACTIVE
329279.90,4663154.02,2161.4,ID101562223,MG 280,L,Active,20.66,ACTIVE
329718.95,4662695.68,2324.1,ID101562224,MG 281,L,Active,20.66,ACTIVE
329681.43,4663129.88,2153.1,ID101562225,MG 282,L,Active,20.66,ACTIVE
329681.43,4663129.88,2153.1,ID101562226,MG 283,L,Active,20.66,ACTIVE
329681.43,4663129.88,2153.1,ID101562227,MG 284,L,Active,20.66,ACTIVE
329681.43,4663129.88,2153.1,ID101562228,MG 285,L,Active,20.66,ACTIVE
330040.79,4662625.71,2255.8,ID101562229,MG 286,L,Active,20.66,ACTIVE
330038.97,4663134.60,2281.6,ID101562230,MG 287,L,Active,20.66,ACTIVE
330038.97,4663134.60,2281.6,ID101562231,MG 288,L,Active,20.66,ACTIVE
330038.97,4663134.60,2281.6,ID101562232,MG 289,L,Active,20.66,ACTIVE
330038.97,4663134.60,2281.6,ID101562233,MG 290,L,Active,20.66,ACTIVE
330520.75,4662627.51,2232.7,ID101562234,MG 291,L,Active,20.66,ACTIVE
330544.83,4663044.68,2101.8,ID101562235,MG 292,L,Active,20.66,ACTIVE
330544.83,4663044.68,2101.8,ID101562236,MG 293,L,Active,20.66,ACTIVE
330544.83,4663044.68,2101.8,ID101562237,MG 294,L,Active,20.66,ACTIVE
330544.83,4663044.68,2101.8,ID101562238,MG 295,L,Active,20.66,ACTIVE
330906.58,4662602.71,2096.0,ID101562239,MG 296,L,Active,20.66,ACTIVE
330929.83,4663021.01,2030.6,ID101562240,MG 297,L,Active,20.66,ACTIVE
330929.83,4663021.01,2030.6,ID101562241,MG 298,L,Active,20.66,ACTIVE
330929.83,4663021.01,2030.6,ID101562242,MG 299,L,Active,20.66,ACTIVE
330929.83,4663021.01,2030.6,ID101562243,MG 300,L,Active,20.66,ACTIVE
331326.51,4662654.89,2070.4,ID101563022,MG 301,L,Active,20.66,ACTIVE
331288.86,4663087.97,1955.0,ID101563023,MG 302,L,Active,20.66,ACTIVE
331288.86,4663087.97,1955.0,ID101563024,MG 303,L,Active,20.66,ACTIVE
331288.86,4663087.97,1955.0,ID101563025,MG 304,L,Active,20.66,ACTIVE
331288.86,4663087.97,1955.0,ID101563026,MG 305,L,Active,20.66,ACTIVE
329491.11,4657638.24,1855.8,ID101563027,MG 306,L,Active,20.66,ACTIVE
329508.83,4658442.19,2023.0,ID101563028,MG 307,L,Active,20.66,ACTIVE
329508.83,4658442.19,2023.0,ID101563029,MG 308,L,Active,20.66,ACTIVE
329508.83,4658442.19,2023.0,ID101563030,MG 309,L,Active,20.66,ACTIVE
329508.83,4658442.19,2023.0,ID101563031,MG 310,L,Active,20.66,ACTIVE
329530.84,4658771.63,2018.2,ID101563032,MG 311,L,Active,20.66,ACTIVE
329588.33,4659199.10,2071.3,ID101563033,MG 312,L,Active,20.66,ACTIVE
329588.33,4659199.10,2071.3,ID101563034,MG 313,L,Active,20.66,ACTIVE
329910.70,4657629.25,1819.6,ID101563035,MG 314,L,Active,20.66,ACTIVE
329926.45,4658387.70,1924.3,ID101563036,MG 315,L,Active,20.66,ACTIVE
329926.45,4658387.70,1924.3,ID101563037,MG 316,L,Active,20.66,ACTIVE
329926.45,4658387.70,1924.3,ID101563038,MG 317,L,Active,20.66,ACTIVE
329926.45,4658387.70,1924.3,ID101563039,MG 318,L,Active,20.66,ACTIVE
329948.85,4658733.79,2020.0,ID101563040,MG 319,L,Active,20.66,ACTIVE
329944.71,4659181.63,2065.7,ID101563041,MG 320,L,Active,20.66,ACTIVE
329944.71,4659181.63,2065.7,ID101563042,MG 321,L,Active,20.66,ACTIVE
330297.17,4657619.97,1793.6,ID101563043,MG 322,L,Active,20.66,ACTIVE
330313.22,4658392.85,1896.3,ID101563822,MG 323,L,Active,20.66,ACTIVE
330313.22,4658392.85,1896.3,ID101563823,MG 324,L,Active,20.66,ACTIVE
330313.22,4658392.85,1896.3,ID101563824,MG 325,L,Active,20.66,ACTIVE
330313.22,4658392.85,1896.3,ID101563825,MG 326,L,Active,20.66,ACTIVE
330335.36,4658728.96,1929.8,ID101563826,MG 327,L,Active,20.66,ACTIVE
330330.06,4659163.49,2007.1,ID101563827,MG 328,L,Active,20.66,ACTIVE
330330.06,4659163.49,2007.1,ID101563828,MG 329,L,Active,20.66,ACTIVE
330716.50,4657565.49,1753.4,ID101563829,MG 330,L,Active,20.66,ACTIVE
330735.41,4658459.40,1820.6,ID101563830,MG 331,L,Active,20.66,ACTIVE
330735.41,4658459.40,1820.6,ID101563831,MG 332,L,Active,20.66,ACTIVE
330735.41,4658459.40,1820.6,ID101563832,MG 333,L,Active,20.66,ACTIVE
330735.41,4658459.40,1820.6,ID101563833,MG 334,L,Active,20.66,ACTIVE
330817.50,4658776.29,1825.8,ID101563834,MG 335,L,Active,20.66,ACTIVE
330749.51,4659117.89,1880.6,ID101563835,MG 336,L,Active,20.66,ACTIVE
330749.51,4659117.89,1880.6,ID101563836,MG 337,L,Active,20.66,ACTIVE
331103.32,4657570.69,1724.6,ID101563837,MG 338,L,Active,20.66,ACTIVE
331120.68,4658436.86,1772.7,ID101563838,MG 339,L,Active,20.66,ACTIVE
331120.68,4658436.86,1772.7,ID101563839,MG 340,L,Active,20.66,ACTIVE
331120.68,4658436.86,1772.7,ID101563840,MG 341,L,Active,20.66,ACTIVE
331120.68,4658436.86,1772.7,ID101563841,MG 342,L,Active,20.66,ACTIVE
331236.74,4658755.17,1782.8,ID101563842,MG 343,L,Active,20.66,ACTIVE
331227.01,4659110.92,1806.0,ID101563843,MG 344,L,Active,20.66,ACTIVE
331227.01,4659110.92,1806.0,ID101564622,MG 345,L,Active,20.66,ACTIVE
262560.85,4654407.62,2050.0,ID101900244,BC-3,L,Active,20.66,ACTIVE
262560.85,4654407.62,2050.0,ID101900245,BC-7,L,Active,20.66,ACTIVE
262560.85,4654407.62,2050.0,ID101900246,BC-8,L,Active,20.66,ACTIVE
260941.43,4654478.75,1902.4,ID101841441,BC-9,L,Active,20.66,ACTIVE
260941.43,4654478.75,1902.4,ID101841442,BC-12,L,Active,20.66,ACTIVE
263338.23,4654769.58,2111.2,ID101841443,BC-13,L,Active,20.66,ACTIVE
263338.23,4654769.58,2111.2,ID101841444,BC-14,L,Active,20.66,ACTIVE
263342.38,4656084.55,2016.7,ID101841445,BC-24,L,Active,20.66,ACTIVE
263725.49,4656063.98,2066.8,ID101841446,BC-25,L,Active,20.66,ACTIVE
260072.69,4655341.91,1794.7,ID101841447,BC-30,L,Active,20.66,ACTIVE
260884.76,4655378.92,1834.5,ID101841448,BC-31,L,Active,20.66,ACTIVE
260884.76,4655378.92,1834.5,ID101841449,BC-32,L,Active,20.66,ACTIVE
260884.76,4655378.92,1834.5,ID101841450,BC-33,L,Active,20.66,ACTIVE
260884.76,4655378.92,1834.5,ID101841451,BC-34,L,Active,20.66,ACTIVE
261392.82,4655276.19,1886.2,ID101841452,BC-35,L,Active,20.66,ACTIVE
261778.88,4655243.18,1907.5,ID101841453,BC-36,L,Active,20.66,ACTIVE
260884.76,4655378.92,1834.5,ID101841454,BC-37,L,Active,20.66,ACTIVE
260884.76,4655378.92,1834.5,ID101841455,BC-38,L,Active,20.66,ACTIVE
261392.82,4655276.19,1886.2,ID101841456,BC-39,L,Active,20.66,ACTIVE
262579.97,4656016.70,1930.3,ID101841457,BC-40,L,Active,20.66,ACTIVE
262579.97,4656016.70,1930.3,ID101841458,BC-41,L,Active,20.66,ACTIVE
262560.85,4654407.62,2050.0,ID101897226,BC-1,L,Active,20.66,ACTIVE
262560.85,4654407.62,2050.0,ID101897227,BC-2,L,Active,20.66,ACTIVE
262474.76,4653991.40,2113.0,ID101897228,BC-4,L,Active,20.66,ACTIVE
262560.85,4654407.62,2050.0,ID101897229,BC-5,L,Active,20.66,ACTIVE
262560.85,4654407.62,2050.0,ID101897230,BC-6,L,Active,20.66,ACTIVE
262560.48,4654792.27,2011.5,ID101897231,BC-17,L,Active,20.66,ACTIVE
261731.31,4656096.34,1891.2,ID101897232,BC-26,L,Active,20.66,ACTIVE
261731.31,4656096.34,1891.2,ID101897233,BC-27,L,Active,20.66,ACTIVE
261731.31,4656096.34,1891.2,ID101897234,BC-28,L,Active,20.66,ACTIVE
262579.97,4656016.70,1930.3,ID101897235,BC-29,L,Active,20.66,ACTIVE
261663.09,4654487.79,1949.0,ID101897236,BC-10,L,Active,20.66,ACTIVE
261663.09,4654487.79,1949.0,ID101897237,BC-11,L,Active,20.66,ACTIVE
261786.87,4655628.67,1949.8,ID101897238,BC-15,L,Active,20.66,ACTIVE
262209.62,4655676.72,1993.9,ID101897239,BC-16,L,Active,20.66,ACTIVE
261778.88,4655243.18,1907.5,ID101897240,BC-18,L,Active,20.66,ACTIVE
262141.61,4655305.47,1938.6,ID101898469,BC-19,L,Active,20.66,ACTIVE
262498.32,4655213.46,1999.3,ID101898470,BC-20,L,Active,20.66,ACTIVE
261778.88,4655243.18,1907.5,ID101898471,BC-21,L,Active,20.66,ACTIVE
262141.61,4655305.47,1938.6,ID101898472,BC-22,L,Active,20.66,ACTIVE
262498.32,4655213.46,1999.3,ID101898473,BC-23,L,Active,20.66,ACTIVE
333159.17,4659426.15,1614.4,ID101846656,PMG 1,L,Active,9.64,ACTIVE
333129.52,4659116.88,1595.0,ID101846657,PMG 2,L,Active,9.64,ACTIVE
333129.52,4659116.88,1595.0,ID101846658,PMG 3,L,Active,9.64,ACTIVE
333202.49,4658700.76,1580.1,ID101846659,PMG 4,L,Active,9.64,ACTIVE
333239.90,4658321.03,1562.7,ID101846660,PMG 5,L,Active,9.64,ACTIVE
333239.90,4658321.03,1562.7,ID101846661,PMG 6,L,Active,9.64,ACTIVE
333239.90,4658321.03,1562.7,ID101846662,PMG 7,L,Active,9.64,ACTIVE
333155.51,4657901.96,1573.2,ID101846663,PMG 8,L,Active,9.64,ACTIVE
333134.83,4657516.93,1572.6,ID101566613,PMG 9,L,Active,9.64,ACTIVE
333134.83,4657516.93,1572.6,ID101566614,PMG 10,L,Active,9.64,ACTIVE
333134.83,4657516.93,1572.6,ID101566615,PMG 11,L,Active,9.64,ACTIVE
332775.96,4659078.57,1646.4,ID101566616,PMG 12,L,Active,20.66,ACTIVE
332775.96,4659078.57,1646.4,ID101566617,PMG 13,L,Active,20.66,ACTIVE
332752.12,4658700.28,1648.3,ID101566618,PMG 14,L,Active,20.66,ACTIVE
332731.16,4658374.15,1644.8,ID101566619,PMG 15,L,Active,20.66,ACTIVE
332731.16,4658374.15,1644.8,ID101566620,PMG 16,L,Active,20.66,ACTIVE
332731.16,4658374.15,1644.8,ID101566621,PMG 17,L,Active,20.66,ACTIVE
332737.08,4657924.06,1659.0,ID101566622,PMG 18,L,Active,20.66,ACTIVE
332714.73,4657539.07,1622.2,ID101566623,PMG 19,L,Active,20.66,ACTIVE
332714.73,4657539.07,1622.2,ID101566624,PMG 20,L,Active,20.66,ACTIVE
332714.73,4657539.07,1622.2,ID101566625,PMG 21,L,Active,20.66,ACTIVE
332444.24,4659088.64,1729.0,ID101566626,PMG 22,L,Active,20.66,ACTIVE
332444.24,4659088.64,1729.0,ID101566627,PMG 23,L,Active,20.66,ACTIVE
332397.97,4658743.11,1732.1,ID101566628,PMG 24,L,Active,20.66,ACTIVE
332346.29,4658378.82,1761.3,ID101566629,PMG 25,L,Active,20.66,ACTIVE
332346.29,4658378.82,1761.3,ID101566630,PMG 26,L,Active,20.66,ACTIVE
332346.29,4658378.82,1761.3,ID101566631,PMG 27,L,Active,20.66,ACTIVE
332351.01,4657914.31,1701.0,ID101566632,PMG 28,L,Active,20.66,ACTIVE
332330.32,4657530.39,1685.4,ID101566633,PMG 29,L,Active,20.66,ACTIVE
332330.32,4657530.39,1685.4,ID101566634,PMG 30,L,Active,20.66,ACTIVE
332330.32,4657530.39,1685.4,ID101567836,PMG 31,L,Active,6.89,ACTIVE
332030.58,4659099.57,1758.5,ID101567837,PMG 32,L,Active,20.66,ACTIVE
332030.58,4659099.57,1758.5,ID101567838,PMG 33,L,Active,20.66,ACTIVE
331994.76,4658741.56,1790.5,ID101567839,PMG 34,L,Active,20.66,ACTIVE
331926.74,4658387.66,1759.8,ID101567840,PMG 35,L,Active,20.66,ACTIVE
331926.74,4658387.66,1759.8,ID101567841,PMG 36,L,Active,20.66,ACTIVE
331926.74,4658387.66,1759.8,ID101567842,PMG 37,L,Active,20.66,ACTIVE
331978.97,4657937.58,1729.0,ID101567843,PMG 38,L,Active,20.66,ACTIVE
331972.30,4657552.22,1670.7,ID101567844,PMG 39,L,Active,20.66,ACTIVE
331972.30,4657552.22,1670.7,ID101567845,PMG 40,L,Active,20.66,ACTIVE
331972.30,4657552.22,1670.7,ID101567846,PMG 41,L,Active,6.89,ACTIVE
331103.32,4657570.69,1724.6,ID101567847,PMG 42,L,Active,20.66,ACTIVE
331103.32,4657570.69,1724.6,ID101567848,PMG 43,L,Active,20.66,ACTIVE
330716.50,4657565.49,1753.4,ID101567849,PMG 44,L,Active,20.66,ACTIVE
330716.50,4657565.49,1753.4,ID101567850,PMG 45,L,Active,20.66,ACTIVE
330297.17,4657619.97,1793.6,ID101567851,PMG 46,L,Active,20.66,ACTIVE
330297.17,4657619.97,1793.6,ID101567852,PMG 47,L,Active,20.66,ACTIVE
329910.70,4657629.25,1819.6,ID101567853,PMG 48,L,Active,20.66,ACTIVE
329910.70,4657629.25,1819.6,ID101567854,PMG 49,L,Active,20.66,ACTIVE
329491.11,4657638.24,1855.8,ID101567855,PMG 50,L,Active,20.66,ACTIVE
329491.11,4657638.24,1855.8,ID101567856,PMG 51,L,Active,20.66,ACTIVE
329105.47,4657647.54,1944.7,ID101567857,PMG 52,L,Active,20.66,ACTIVE
329105.47,4657647.54,1944.7,ID101569222,PMG 53,L,Active,6.89,ACTIVE
328685.97,4657626.58,2043.2,ID101569223,PMG 54,L,Active,20.66,ACTIVE
328685.97,4657626.58,2043.2,ID101569224,PMG 55,L,Active,6.89,ACTIVE
261042.69,4658951.07,1796.8,ID101647397,EMERY 9,L,Active,20.66,ACTIVE
261042.69,4658951.07,1796.8,ID101647398,EMERY 10,L,Active,20.66,ACTIVE
261042.69,4658951.07,1796.8,ID101647399,EMERY 11,L,Active,20.66,ACTIVE
261042.69,4658951.07,1796.8,ID101647400,EMERY 12,L,Active,20.66,ACTIVE
261527.89,4658989.17,1850.0,ID101647548,EMERY 13,L,Active,20.66,ACTIVE
261853.63,4658942.62,1928.5,ID101647549,EMERY 14,L,Active,20.66,ACTIVE
261853.63,4658942.62,1928.5,ID101647550,EMERY 15,L,Active,20.66,ACTIVE
261553.79,4659806.51,1921.4,ID101647551,EMERY 16,L,Active,20.66,ACTIVE
261940.99,4659790.13,1993.4,ID101647552,EMERY 17,L,Active,20.66,ACTIVE
261940.99,4659790.13,1993.4,ID101647553,EMERY 18,L,Active,20.66,ACTIVE
261520.43,4660242.32,1899.2,ID101647554,EMERY 19,L,Active,20.66,ACTIVE
261876.97,4660152.48,1981.0,ID101647555,EMERY 20,L,Active,20.66,ACTIVE
261876.97,4660152.48,1981.0,ID101647556,EMERY 21,L,Active,20.66,ACTIVE
261115.39,4660318.24,1821.0,ID101647557,EMERY 22,L,Active,20.66,ACTIVE
261115.39,4660318.24,1821.0,ID101648738,EMERY 23,L,Active,20.66,ACTIVE
261115.39,4660318.24,1821.0,ID101648739,EMERY 24,L,Active,20.66,ACTIVE
261115.39,4660318.24,1821.0,ID101648740,EMERY 25,L,Active,20.66,ACTIVE
261456.43,4660383.44,1895.3,ID101648741,EMERY 26,L,Active,20.66,ACTIVE
261880.70,4660287.98,1974.2,ID101648742,EMERY 27,L,Active,20.66,ACTIVE
261880.70,4660287.98,1974.2,ID101648743,EMERY 28,L,Active,20.66,ACTIVE
260984.51,4657326.60,1822.0,ID101648744,BLUE 43,L,Active,20.66,ACTIVE
260984.51,4657326.60,1822.0,ID101648745,BLUE 44,L,Active,20.66,ACTIVE
260984.51,4657326.60,1822.0,ID101648746,BLUE 45,L,Active,20.66,ACTIVE
260984.51,4657326.60,1822.0,ID101648747,BLUE 46,L,Active,20.66,ACTIVE
261470.48,4657285.75,1889.1,ID101648748,BLUE 47,L,Active,20.66,ACTIVE
260516.57,4657483.61,1768.8,ID101648749,BLUE 48,L,Active,20.66,ACTIVE
259806.90,4656573.81,1741.8,ID101648750,BLUE 49,L,Active,20.66,ACTIVE
260195.78,4656528.39,1765.5,ID101648751,BLUE 50,L,Active,20.66,ACTIVE
261341.65,4654101.73,1896.5,ID101648752,BC 42,L,Active,20.66,ACTIVE
261667.57,4654054.08,1964.6,ID101648753,BC 43,L,Active,20.66,ACTIVE
261667.57,4654054.08,1964.6,ID101648754,BC 44,L,Active,20.66,ACTIVE
261667.57,4654054.08,1964.6,ID101648755,BC 45,L,Active,20.66,ACTIVE
262150.63,4654067.86,2050.5,ID101648756,BC 46,L,Active,20.66,ACTIVE
262450.25,4653606.46,2163.8,ID101648757,BC 47,L,Active,20.66,ACTIVE
262450.25,4653606.46,2163.8,ID101648758,BC 48,L,Active,20.66,ACTIVE
262450.25,4653606.46,2163.8,ID101649938,BC 49,L,Active,20.66,ACTIVE
262450.25,4653606.46,2163.8,ID101649939,BC 50,L,Active,20.66,ACTIVE
262834.27,4653609.16,2279.4,ID101649940,BC 51,L,Active,20.66,ACTIVE
263296.88,4653581.47,2249.7,ID101649941,BC 52,L,Active,20.66,ACTIVE
263296.88,4653581.47,2249.7,ID101649942,BC 53,L,Active,20.66,ACTIVE
263310.58,4653966.76,2226.7,ID101649943,BC 54,L,Active,20.66,ACTIVE
263310.58,4653966.76,2226.7,ID101649944,BC 55,L,Active,20.66,ACTIVE
262862.08,4653993.99,2179.7,ID101649945,BC 56,L,Active,20.66,ACTIVE
262920.77,4654410.01,2091.0,ID101649946,BC 57,L,Active,20.66,ACTIVE
260942.05,4654865.61,1907.5,ID101649947,BC 58,L,Active,20.66,ACTIVE
260942.05,4654865.61,1907.5,ID101649948,BC 59,L,Active,20.66,ACTIVE
260941.43,4654478.75,1902.4,ID101649949,BC 60,L,Active,20.66,ACTIVE
260941.43,4654478.75,1902.4,ID101649950,BC 61,L,Active,20.66,ACTIVE
328412.51,4662325.09,2158.5,ID101763367,SILVER HILLS #7,L,Active,20.66,ACTIVE
328415.23,4661891.72,2021.5,ID101763368,SILVER HILLS #8,L,Active,20.66,ACTIVE
328412.51,4662325.09,2158.5,ID101954843,PMG 101,L,Active,20.66,ACTIVE
328415.23,4661891.72,2021.5,ID101955822,PMG 102,L,Active,20.66,ACTIVE
261681.42,4663958.90,1836.6,ID101877713,COLD 55,L,Active,20.66,ACTIVE
261681.42,4663958.90,1836.6,ID101877714,COLD 56,L,Active,20.66,ACTIVE
261681.42,4663958.90,1836.6,ID101878528,COLD 57,L,Active,20.66,ACTIVE
261681.42,4663958.90,1836.6,ID101878529,COLD 58,L,Active,20.66,ACTIVE
261707.77,4664715.09,1883.9,ID101878530,COLD 59,L,Active,20.66,ACTIVE
262091.80,4664686.57,1890.0,ID101878531,COLD 60,L,Active,20.66,ACTIVE
261677.61,4665195.25,1827.1,ID101878532,COLD 61,L,Active,20.66,ACTIVE
262031.48,4665107.72,1881.3,ID101878533,COLD 62,L,Active,20.66,ACTIVE
262031.48,4665107.72,1881.3,ID101878534,COLD 63,L,Active,20.66,ACTIVE
262031.48,4665107.72,1881.3,ID101878535,COLD 64,L,Active,20.66,ACTIVE
262031.48,4665107.72,1881.3,ID101878536,COLD 65,L,Active,20.66,ACTIVE
261677.61,4665195.25,1827.1,ID101878537,COLD 66,L,Active,20.66,ACTIVE
262836.58,4665168.46,1871.2,ID101878538,COLD 67,L,Active,20.66,ACTIVE
262836.58,4665168.46,1871.2,ID101878539,COLD 68,L,Active,20.66,ACTIVE
262836.58,4665168.46,1871.2,ID101878540,COLD 69,L,Active,20.66,ACTIVE
263639.01,4665051.50,1904.9,ID101878601,COLD 70,L,Active,20.66,ACTIVE
263665.93,4665435.25,1927.2,ID101878602,COLD 71,L,Active,20.66,ACTIVE
263639.31,4664664.62,1900.4,ID101878603,COLD 72,L,Active,20.66,ACTIVE
262807.29,4664321.21,1936.5,ID101878604,COLD 73,L,Active,20.66,ACTIVE
263192.70,4664308.28,1961.9,ID101878605,COLD 74,L,Active,20.66,ACTIVE
263612.01,4664294.23,1995.0,ID101878606,COLD 75,L,Active,20.66,ACTIVE
263585.83,4663536.93,2016.9,ID101878607,COLD 76,L,Active,20.66,ACTIVE
263585.83,4663536.93,2016.9,ID101878608,COLD 77,L,Active,20.66,ACTIVE
263585.83,4663536.93,2016.9,ID101879484,COLD 78,L,Active,20.66,ACTIVE
263582.12,4663030.12,2049.5,ID101879485,COLD 79,L,Active,20.66,ACTIVE
263582.12,4663030.12,2049.5,ID101879486,COLD 80,L,Active,20.66,ACTIVE
264448.16,4663000.09,2164.8,ID101879487,COLD 81,L,Active,20.66,ACTIVE
264449.45,4662616.51,2136.1,ID101879488,COLD 82,L,Active,20.66,ACTIVE
264408.67,4662088.71,2116.3,ID101879489,COLD 83,L,Active,20.66,ACTIVE
264408.67,4662088.71,2116.3,ID101879490,COLD 84,L,Active,20.66,ACTIVE
264405.13,4661734.21,2122.4,ID101879491,COLD 85,L,Active,20.66,ACTIVE
264405.13,4661734.21,2122.4,ID101879492,COLD 86,L,Active,20.66,ACTIVE
244298.14,4691820.96,1585.4,ID101858798,RG 1,L,Active,20.66,ACTIVE
244270.85,4691480.58,1608.0,ID101858799,RG 2,L,Active,20.66,ACTIVE
244697.65,4691419.41,1698.1,ID101858800,RG 3,L,Active,20.66,ACTIVE
244697.65,4691419.41,1698.1,ID101859980,RG 4,L,Active,20.66,ACTIVE
244694.35,4691419.53,1698.6,ID101859981,RG 5,L,Active,20.66,ACTIVE
245091.17,4700375.48,1307.1,ID101859982,RG 6,L,Active,20.66,ACTIVE
244563.37,4691922.48,1578.9,ID101859983,RG 7,L,Active,20.66,ACTIVE
244714.54,4691746.83,1670.3,ID101859984,RG 8,L,Active,20.66,ACTIVE
244787.54,4691667.44,1717.1,ID101859985,RG 9,L,Active,20.66,ACTIVE
245068.71,4691413.68,1635.6,ID101859986,RG 10,L,Active,20.66,ACTIVE
245068.71,4691413.68,1635.6,ID101859987,RG 11,L,Active,20.66,ACTIVE
245167.39,4691109.85,1619.4,ID101859988,RG 12,L,Active,20.66,ACTIVE
245115.80,4692367.15,1530.8,ID101859989,RG 13,L,Active,20.66,ACTIVE
245559.21,4692333.23,1541.8,ID101859990,RG 14,L,Active,20.66,ACTIVE
245361.62,4691867.83,1622.3,ID101859991,RG 15,L,Active,20.66,ACTIVE
245531.70,4691712.64,1612.5,ID101859992,RG 16,L,Active,20.66,ACTIVE
245518.19,4691386.21,1573.1,ID101859993,RG 17,L,Active,20.66,ACTIVE
245518.19,4691386.21,1573.1,ID101859994,RG 18,L,Active,20.66,ACTIVE
245559.21,4692333.23,1541.8,ID101859995,RG 19,L,Active,20.66,ACTIVE
245559.21,4692333.23,1541.8,ID101859996,RG 20,L,Active,20.66,ACTIVE
245914.64,4692330.33,1565.4,ID101859997,RG 21,L,Active,20.66,ACTIVE
245921.60,4691726.28,1562.8,ID101859998,RG 22,L,Active,20.66,ACTIVE
245921.60,4691726.28,1562.8,ID101859999,RG 23,L,Active,20.66,ACTIVE
245903.18,4691377.79,1571.0,ID101860000,RG 24,L,Active,20.66,ACTIVE
244359.73,4692310.21,1675.5,ID101733379,RG 25,L,Active,20.66,ACTIVE
246358.84,4692295.32,1534.6,ID101733380,RG 26,L,Active,20.66,ACTIVE
246358.84,4692295.32,1534.6,ID101733381,RG 27,L,Active,20.66,ACTIVE
246358.84,4692295.32,1534.6,ID101733382,RG 28,L,Active,20.66,ACTIVE
246181.98,4691831.37,1520.6,ID101733383,RG 29,L,Active,20.66,ACTIVE
246348.50,4691714.14,1543.7,ID101733384,RG 30,L,Active,20.66,ACTIVE
246285.04,4692762.80,1472.9,ID101733385,RG 31,L,Active,20.66,ACTIVE
246423.27,4692662.16,1486.4,ID101733386,RG 32,L,Active,20.66,ACTIVE
246742.48,4692616.13,1486.0,ID101733387,RG 33,L,Active,20.66,ACTIVE
246713.49,4692248.01,1500.9,ID101733388,RG 34,L,Active,20.66,ACTIVE
246713.49,4692248.01,1500.9,ID101733389,RG 35,L,Active,20.66,ACTIVE
246691.81,4691717.28,1556.9,ID101733390,RG 36,L,Active,20.66,ACTIVE
246745.72,4693047.45,1453.3,ID101733391,RG 37,L,Active,20.66,ACTIVE
247189.86,4693058.08,1439.2,ID101733392,RG 38,L,Active,20.66,ACTIVE
247035.21,4692704.51,1454.9,ID101733393,RG 39,L,Active,20.66,ACTIVE
247218.78,4692580.01,1456.9,ID101733394,RG 40,L,Active,20.66,ACTIVE
247217.27,4692195.33,1474.3,ID101733395,RG 41,L,Active,20.66,ACTIVE
247217.27,4692195.33,1474.3,ID101733396,RG 42,L,Active,20.66,ACTIVE
246044.09,4693419.81,1569.4,ID101733397,RG 43,L,Active,20.66,ACTIVE
246458.87,4693462.59,1503.4,ID101733398,RG 44,L,Active,20.66,ACTIVE
246458.87,4693462.59,1503.4,ID101733399,RG 45,L,Active,20.66,ACTIVE
246393.57,4693094.68,1477.6,ID101733400,RG 46,L,Active,20.66,ACTIVE
246776.40,4693416.63,1469.1,ID101734579,RG 47,L,Active,14.9,ACTIVE
246745.72,4693047.45,1453.3,ID101734580,RG 48,L,Active,14.9,ACTIVE
244761.14,4692368.96,1584.1,ID101734581,RG 49,L,Active,20.66,ACTIVE
244270.85,4691480.58,1608.0,ID101734582,RG 50,L,Active,20.66,ACTIVE
244925.53,4692827.77,1626.1,ID101734583,RG 51,L,Active,20.66,ACTIVE
245210.30,4692719.55,1573.8,ID101734584,RG 52,L,Active,20.66,ACTIVE
245115.80,4692367.15,1530.8,ID101734585,RG 53,L,Active,20.66,ACTIVE
245150.82,4693079.77,1622.4,ID101734586,RG 54,L,Active,20.66,ACTIVE
245656.07,4693069.18,1521.3,ID101734587,RG 55,L,Active,20.66,ACTIVE
245656.07,4693069.18,1521.3,ID101734588,RG 56,L,Active,20.66,ACTIVE
245488.76,4692800.60,1548.4,ID101734589,RG 57,L,Active,20.66,ACTIVE
245626.15,4692699.98,1517.6,ID101734590,RG 58,L,Active,20.66,ACTIVE
245480.76,4693555.92,1587.7,ID101734591,RG 59,L,Active,20.66,ACTIVE
245663.44,4693453.65,1569.3,ID101734592,RG 60,L,Active,20.66,ACTIVE
245751.36,4693353.71,1577.9,ID101734593,RG 61,L,Active,20.66,ACTIVE
246036.78,4693036.45,1526.3,ID101734594,RG 62,L,Active,20.66,ACTIVE
246036.78,4693036.45,1526.3,ID101734595,RG 63,L,Active,20.66,ACTIVE
246007.45,4692682.79,1484.5,ID101734596,RG 64,L,Active,20.66,ACTIVE
245994.97,4693884.17,1533.3,ID101734597,RG 65,L,Active,20.66,ACTIVE
245994.97,4693884.17,1533.3,ID101734598,RG 66,L,Active,20.66,ACTIVE
246044.09,4693419.81,1569.4,ID101734599,RG 67,L,Active,13.7,ACTIVE
246036.78,4693036.45,1526.3,ID101734600,RG 68,L,Active,13.7,ACTIVE
246036.78,4693036.45,1526.3,ID101733598,RG 69,L,Active,20.66,ACTIVE
246393.57,4693094.68,1477.6,ID101733599,RG 70,L,Active,20.66,ACTIVE
246745.72,4693047.45,1453.3,ID101733600,RG 71,L,Active,20.66,ACTIVE
244745.68,4690790.51,1673.8,ID101733741,RG 72,L,Active,20.66,ACTIVE
244745.68,4690790.51,1673.8,ID101733742,RG 73,L,Active,20.66,ACTIVE
245167.39,4691109.85,1619.4,ID101733743,RG 74,L,Active,20.66,ACTIVE
245594.52,4690807.44,1672.3,ID101733744,RG 75,L,Active,20.66,ACTIVE
245594.52,4690807.44,1672.3,ID101733745,RG 76,L,Active,20.66,ACTIVE
245439.04,4691183.37,1571.1,ID101733746,RG 77,L,Active,20.66,ACTIVE
245972.26,4691076.17,1659.9,ID101733747,RG 78,L,Active,20.66,ACTIVE
245967.32,4691076.34,1659.4,ID101733748,RG 79,L,Active,20.66,ACTIVE
246291.68,4691398.18,1590.2,ID101733749,RG 80,L,Active,20.66,ACTIVE
246291.68,4691398.18,1590.2,ID101733750,RG 81,L,Active,20.66,ACTIVE
246291.68,4691398.18,1590.2,ID101733751,RG 82,L,Active,20.66,ACTIVE
329491.11,4657638.24,1855.8,ID101612508,PMG 110,L,Active,12.42,ACTIVE
329910.70,4657629.25,1819.6,ID101612509,PMG 111,L,Active,20.66,ACTIVE
329544.02,4657188.11,1803.9,ID101612510,PMG 112,L,Active,20.66,ACTIVE
329976.51,4657163.27,1773.8,ID101612511,PMG 113,L,Active,20.66,ACTIVE
329536.40,4656802.77,1766.6,ID101612512,PMG 114,L,Active,12.42,ACTIVE
329983.01,4656778.70,1733.1,ID101612513,PMG 115,L,Active,20.66,ACTIVE
329536.40,4656802.77,1766.6,ID101612514,PMG 116,L,Active,12.42,ACTIVE
329983.01,4656778.70,1733.1,ID101612515,PMG 117,L,Active,20.66,ACTIVE
329536.40,4656802.77,1766.6,ID101612516,PMG 118,L,Active,12.42,ACTIVE
329983.01,4656778.70,1733.1,ID101612517,PMG 119,L,Active,20.66,ACTIVE
329576.30,4656430.73,1717.7,ID101612601,PMG 120,L,Active,12.42,ACTIVE
329898.43,4656360.77,1706.2,ID101612602,PMG 121,L,Active,20.66,ACTIVE
330297.17,4657619.97,1793.6,ID101612603,PMG 122,L,Active,20.66,ACTIVE
331103.32,4657570.69,1724.6,ID101612604,PMG 123,L,Active,20.66,ACTIVE
330349.31,4657169.87,1742.4,ID101612605,PMG 124,L,Active,20.66,ACTIVE
331109.63,4657176.13,1700.1,ID101612606,PMG 125,L,Active,20.66,ACTIVE
330341.73,4656784.53,1720.0,ID101612607,PMG 126,L,Active,20.66,ACTIVE
331087.35,4656797.81,1673.3,ID101612608,PMG 127,L,Active,20.66,ACTIVE
330341.73,4656784.53,1720.0,ID101612609,PMG 128,L,Active,20.66,ACTIVE
331087.35,4656797.81,1673.3,ID101613423,PMG 129,L,Active,20.66,ACTIVE
330341.73,4656784.53,1720.0,ID101613424,PMG 130,L,Active,20.66,ACTIVE
331087.35,4656797.81,1673.3,ID101613425,PMG 131,L,Active,20.66,ACTIVE
330285.34,4656367.04,1685.3,ID101613426,PMG 132,L,Active,20.66,ACTIVE
331188.67,4656393.21,1644.6,ID101613427,PMG 133,L,Active,20.66,ACTIVE
332714.73,4657539.07,1622.2,ID101613428,PMG 134,L,Active,19.97,ACTIVE
332816.86,4657165.59,1585.8,ID101613429,PMG 135,L,Active,19.97,ACTIVE
332731.07,4656794.32,1594.4,ID101613430,PMG 136,L,Active,19.97,ACTIVE
332731.07,4656794.32,1594.4,ID101613431,PMG 137,L,Active,19.97,ACTIVE
332731.07,4656794.32,1594.4,ID101613432,PMG 138,L,Active,19.97,ACTIVE
332727.99,4656313.33,1565.8,ID101613433,PMG 139,L,Active,19.97,ACTIVE
332885.86,4663794.38,1713.5,ID101613434,PMG 140,L,Active,20.66,ACTIVE
332859.99,4663400.59,1732.7,ID101613435,PMG 141,L,Active,20.66,ACTIVE
332887.58,4662573.35,1702.5,ID101613436,PMG 142,L,Active,20.66,ACTIVE
333341.01,4663414.77,1682.9,ID101613437,PMG 143,L,Active,20.66,ACTIVE
333259.28,4662581.23,1663.0,ID101613438,PMG 144,L,Active,20.66,ACTIVE
333259.28,4662581.23,1663.0,ID101613439,PMG 145,L,Active,20.66,ACTIVE
333259.28,4662581.23,1663.0,ID101613440,PMG 146,L,Active,20.66,ACTIVE
333259.28,4662581.23,1663.0,ID101613441,PMG 147,L,Active,20.66,ACTIVE
333259.28,4662581.23,1663.0,ID101613442,PMG 148,L,Active,20.66,ACTIVE
334048.90,4661852.71,1614.4,ID101613443,PMG 149,L,Active,20.66,ACTIVE
334048.90,4661852.71,1614.4,ID101614280,PMG 150,L,Active,20.66,ACTIVE
333275.23,4663817.39,1682.1,ID101614281,PMG 151,L,Active,20.66,ACTIVE
334127.55,4662594.12,1611.6,ID101614282,PMG 152,L,Active,20.66,ACTIVE
334144.99,4663336.96,1622.7,ID101614283,PMG 153,L,Active,20.66,ACTIVE
334127.55,4662594.12,1611.6,ID101614284,PMG 154,L,Active,20.66,ACTIVE
334104.52,4662952.40,1613.8,ID101614285,PMG 155,L,Active,13.3,ACTIVE
334104.52,4662952.40,1613.8,ID101614286,PMG 156,L,Active,19.97,ACTIVE
334373.99,4662659.44,1596.2,ID101614287,PMG 157,L,Active,19.97,ACTIVE
334378.60,4662220.49,1595.0,ID101614288,PMG 158,L,Active,19.97,ACTIVE
334378.60,4662220.49,1595.0,ID101614289,PMG 159,L,Active,19.97,ACTIVE
332953.67,4665401.51,1726.2,ID101877949,PMG 202,L,Active,20.66,ACTIVE
332953.67,4665401.51,1726.2,ID101877950,PMG 203,L,Active,20.66,ACTIVE
332953.67,4665401.51,1726.2,ID101877951,PMG 204,L,Active,20.66,ACTIVE
332953.67,4665401.51,1726.2,ID101877952,PMG 205,L,Active,20.66,ACTIVE
332897.22,4665008.44,1736.4,ID101877953,PMG 206,L,Active,20.66,ACTIVE
332874.21,4664630.13,1713.8,ID101877954,PMG 207,L,Active,20.66,ACTIVE
332874.21,4664630.13,1713.8,ID101877955,PMG 208,L,Active,20.66,ACTIVE
332874.21,4664630.13,1713.8,ID101877956,PMG 209,L,Active,20.66,ACTIVE
332901.62,4664180.63,1697.6,ID101877957,PMG 210,L,Active,20.66,ACTIVE
332885.86,4663794.38,1713.5,ID101877958,PMG 211,L,Active,20.66,ACTIVE
332885.86,4663794.38,1713.5,ID101877959,PMG 212,L,Active,20.66,ACTIVE
332595.40,4665395.55,1742.6,ID101877960,PMG 213,L,Active,20.66,ACTIVE
332595.40,4665395.55,1742.6,ID101877961,PMG 214,L,Active,20.66,ACTIVE
332595.40,4665395.55,1742.6,ID101877962,PMG 215,L,Active,20.66,ACTIVE
332595.40,4665395.55,1742.6,ID101877963,PMG 216,L,Active,20.66,ACTIVE
332510.13,4665008.72,1755.1,ID101877964,PMG 217,L,Active,20.66,ACTIVE
332488.07,4664637.06,1740.3,ID101877965,PMG 218,L,Active,20.66,ACTIVE
332488.07,4664637.06,1740.3,ID101877966,PMG 219,L,Active,20.66,ACTIVE
332488.07,4664637.06,1740.3,ID101877967,PMG 220,L,Active,20.66,ACTIVE
332522.56,4664172.95,1749.2,ID101877968,PMG 221,L,Active,20.66,ACTIVE
332513.42,4663787.65,1755.0,ID101878821,PMG 222,L,Active,20.66,ACTIVE
332085.65,4665419.88,1797.0,ID101878822,PMG 223,L,Active,20.66,ACTIVE
332085.65,4665419.88,1797.0,ID101878823,PMG 224,L,Active,20.66,ACTIVE
332085.65,4665419.88,1797.0,ID101878824,PMG 225,L,Active,20.66,ACTIVE
332085.65,4665419.88,1797.0,ID101878825,PMG 226,L,Active,20.66,ACTIVE
332114.55,4665000.34,1745.1,ID101878826,PMG 227,L,Active,20.66,ACTIVE
332098.77,4664615.20,1783.8,ID101878827,PMG 228,L,Active,20.66,ACTIVE
332098.77,4664615.20,1783.8,ID101878828,PMG 229,L,Active,20.66,ACTIVE
332098.77,4664615.20,1783.8,ID101878829,PMG 230,L,Active,20.66,ACTIVE
332168.50,4664242.46,1782.3,ID101878830,PMG 231,L,Active,20.66,ACTIVE
332050.54,4663874.19,1816.8,ID101878831,PMG 232,L,Active,20.66,ACTIVE
331700.10,4665414.62,1830.2,ID101878832,PMG 233,L,Active,20.66,ACTIVE
331700.10,4665414.62,1830.2,ID101878833,PMG 234,L,Active,20.66,ACTIVE
331700.10,4665414.62,1830.2,ID101878834,PMG 235,L,Active,20.66,ACTIVE
331700.10,4665414.62,1830.2,ID101878835,PMG 236,L,Active,20.66,ACTIVE
331700.10,4665414.62,1830.2,ID101878836,PMG 237,L,Active,20.66,ACTIVE
331726.40,4664609.62,1820.3,ID101878837,PMG 238,L,Active,20.66,ACTIVE
331726.40,4664609.62,1820.3,ID101878838,PMG 239,L,Active,20.66,ACTIVE
331726.40,4664609.62,1820.3,ID101878839,PMG 240,L,Active,20.66,ACTIVE
331749.30,4664251.33,1849.9,ID101878840,PMG 241,L,Active,20.66,ACTIVE
331665.54,4663895.58,1878.2,ID101878841,PMG 242,L,Active,20.66,ACTIVE
331665.54,4663895.58,1878.2,ID101879697,PMG 243,L,Active,20.66,ACTIVE
331665.54,4663895.58,1878.2,ID101879698,PMG 244,L,Active,20.66,ACTIVE
331665.54,4663895.58,1878.2,ID101879699,PMG 245,L,Active,20.66,ACTIVE
329252.51,4663869.08,1974.6,ID101879700,PMG 246,L,Active,20.66,ACTIVE
329252.51,4663869.08,1974.6,ID101879701,PMG 247,L,Active,20.66,ACTIVE
329252.51,4663869.08,1974.6,ID101879702,PMG 248,L,Active,20.66,ACTIVE
328897.15,4663953.23,2023.7,ID101879703,PMG 249,L,Active,20.66,ACTIVE
328897.15,4663953.23,2023.7,ID101879704,PMG 250,L,Active,20.66,ACTIVE
328897.15,4663953.23,2023.7,ID101879705,PMG 251,L,Active,20.66,ACTIVE
328897.15,4663953.23,2023.7,ID101879706,PMG 252,L,Active,20.66,ACTIVE
328538.98,4663887.48,2126.6,ID101879707,PMG 253,L,Active,20.66,ACTIVE
328538.98,4663887.48,2126.6,ID101879708,PMG 254,L,Active,20.66,ACTIVE
328538.98,4663887.48,2126.6,ID101879709,PMG 255,L,Active,20.66,ACTIVE
328538.98,4663887.48,2126.6,ID101879710,PMG 256,L,Active,20.66,ACTIVE
328093.65,4663911.63,2196.5,ID101879711,PMG 257,L,Active,20.66,ACTIVE
328093.65,4663911.63,2196.5,ID101879712,PMG 258,L,Active,20.66,ACTIVE
328093.65,4663911.63,2196.5,ID101879713,PMG 259,L,Active,20.66,ACTIVE
328093.65,4663911.63,2196.5,ID101879714,PMG 260,L,Active,20.66,ACTIVE
327230.28,4663993.81,2377.7,ID101879715,PMG 261,L,Active,20.66,ACTIVE
327230.28,4663993.81,2377.7,ID101879716,PMG 262,L,Active,20.66,ACTIVE
327230.28,4663993.81,2377.7,ID101879717,PMG 263,L,Active,20.66,ACTIVE
327230.28,4663993.81,2377.7,ID101810575,PMG 264,L,Active,20.66,ACTIVE
327280.56,4663512.61,2159.1,ID101810576,PMG 265,L,Active,20.66,ACTIVE
327271.94,4663126.18,2090.8,ID101810577,PMG 266,L,Active,20.66,ACTIVE
327271.94,4663126.18,2090.8,ID101810578,PMG 267,L,Active,20.66,ACTIVE
327271.94,4663126.18,2090.8,ID101810579,PMG 268,L,Active,20.66,ACTIVE
327271.94,4663126.18,2090.8,ID101810580,PMG 269,L,Active,20.66,ACTIVE
326846.14,4664016.55,2448.1,ID101810581,PMG 270,L,Active,20.66,ACTIVE
326846.14,4664016.55,2448.1,ID101810582,PMG 271,L,Active,20.66,ACTIVE
326846.14,4664016.55,2448.1,ID101810583,PMG 272,L,Active,20.66,ACTIVE
326909.74,4663506.13,2307.8,ID101810584,PMG 273,L,Active,20.66,ACTIVE
326914.39,4663121.60,2160.2,ID101810585,PMG 274,L,Active,20.66,ACTIVE
326488.66,4664013.11,2584.3,ID101810586,PMG 275,L,Active,20.66,ACTIVE
326488.66,4664013.11,2584.3,ID101810587,PMG 276,L,Active,20.66,ACTIVE
326488.66,4664013.11,2584.3,ID101810588,PMG 277,L,Active,20.66,ACTIVE
326488.66,4664013.11,2584.3,ID101810589,PMG 278,L,Active,20.66,ACTIVE
326524.80,4663531.13,2344.0,ID101810590,PMG 279,L,Active,20.66,ACTIVE
326530.22,4663145.46,2222.9,ID101810591,PMG 280,L,Active,20.66,ACTIVE
330963.27,4665074.48,1882.8,ID101841994,PMG 341,L,Filed,20.66,ACTIVE
330879.50,4664719.85,1839.2,ID101841995,PMG 342,L,Filed,20.66,ACTIVE
330879.50,4664719.85,1839.2,ID101841996,PMG 343,L,Filed,20.66,ACTIVE
330879.50,4664719.85,1839.2,ID101841997,PMG 344,L,Filed,20.66,ACTIVE
330882.12,4664242.05,2050.6,ID101841998,PMG 345,L,Filed,20.66,ACTIVE
330860.01,4663871.50,2049.0,ID101841999,PMG 346,L,Filed,20.66,ACTIVE
330860.01,4663871.50,2049.0,ID101842000,PMG 347,L,Filed,20.66,ACTIVE
330860.01,4663871.50,2049.0,ID101842001,PMG 348,L,Filed,20.66,ACTIVE
330860.01,4663871.50,2049.0,ID101842002,PMG 349,L,Filed,20.66,ACTIVE
330522.07,4664716.20,1890.3,ID101842003,PMG 350,L,Filed,20.66,ACTIVE
330522.07,4664716.20,1890.3,ID101842004,PMG 351,L,Filed,20.66,ACTIVE
330522.07,4664716.20,1890.3,ID101842005,PMG 352,L,Filed,20.66,ACTIVE
330558.80,4664282.02,1967.1,ID101843312,PMG 353,L,Filed,20.66,ACTIVE
330503.60,4663912.26,2117.7,ID101843313,PMG 354,L,Filed,20.66,ACTIVE
330503.60,4663912.26,2117.7,ID101843314,PMG 355,L,Filed,20.66,ACTIVE
330503.60,4663912.26,2117.7,ID101843315,PMG 356,L,Filed,20.66,ACTIVE
330503.60,4663912.26,2117.7,ID101843316,PMG 357,L,Filed,20.66,ACTIVE
330163.13,4664650.39,1990.4,ID101843317,PMG 358,L,Filed,20.66,ACTIVE
330077.80,4664232.47,1898.6,ID101843318,PMG 359,L,Filed,20.66,ACTIVE
330055.33,4663848.60,2061.2,ID101843319,PMG 360,L,Filed,20.66,ACTIVE
330055.33,4663848.60,2061.2,ID101843320,PMG 361,L,Filed,20.66,ACTIVE
330055.33,4663848.60,2061.2,ID101843321,PMG 362,L,Filed,20.66,ACTIVE
330055.33,4663848.60,2061.2,ID101843322,PMG 363,L,Filed,20.66,ACTIVE
329756.03,4664302.44,1976.9,ID101843323,PMG 364,L,Filed,20.66,ACTIVE
329699.96,4663932.71,1947.7,ID101843324,PMG 365,L,Filed,20.66,ACTIVE
329699.96,4663932.71,1947.7,ID101843325,PMG 366,L,Filed,20.66,ACTIVE
329699.96,4663932.71,1947.7,ID101843326,PMG 367,L,Filed,20.66,ACTIVE
329699.96,4663932.71,1947.7,ID101843327,PMG 368,L,Filed,20.66,ACTIVE
329252.51,4663869.08,1974.6,ID101843328,PMG 369,L,Filed,20.66,ACTIVE
243988.30,4691153.97,1661.1,ID101959418,ARTESIA 1,L,Active,20.66,ACTIVE
244319.12,4691085.17,1736.4,ID101959419,ARTESIA 2,L,Active,20.66,ACTIVE
244319.12,4691085.17,1736.4,ID101959420,ARTESIA 3,L,Active,20.66,ACTIVE
244012.93,4690495.88,1757.0,ID101959421,ARTESIA 4,L,Active,20.66,ACTIVE
244347.99,4690768.31,1808.7,ID101957486,ARTESIA 5,L,Active,20.66,ACTIVE
244347.99,4690768.31,1808.7,ID101957487,ARTESIA 6,L,Active,20.66,ACTIVE
244347.99,4690768.31,1808.7,ID101957488,ARTESIA 7,L,Active,20.66,ACTIVE
244337.29,4690407.31,1833.6,ID101957489,ARTESIA 8,L,Active,20.66,ACTIVE
244337.29,4690407.31,1833.6,ID101957490,ARTESIA 9,L,Active,20.66,ACTIVE
244587.34,4690294.77,1762.2,ID101957491,ARTESIA 10,L,Active,20.66,ACTIVE
244337.29,4690407.31,1833.6,ID101957492,ARTESIA 11,L,Active,20.66,ACTIVE
244339.52,4689450.92,1793.4,ID101957493,ARTESIA 12,L,Active,20.66,ACTIVE
244709.32,4689453.01,1808.5,ID101957494,ARTESIA 13,L,Active,20.66,ACTIVE
244664.68,4689903.87,1677.7,ID101957495,ARTESIA 14,L,Active,20.66,ACTIVE
243891.60,4691081.89,1709.7,ID101957496,ARTESIA 15,L,Active,20.66,ACTIVE
243863.94,4689964.24,1743.7,ID101957497,ARTESIA 16,L,Active,20.66,ACTIVE
243863.94,4689964.24,1743.7,ID101957498,ARTESIA 17,L,Active,20.66,ACTIVE
243863.94,4689964.24,1743.7,ID101957499,ARTESIA 18,L,Active,20.66,ACTIVE
243954.37,4689480.55,1784.6,ID101957500,ARTESIA 19,L,Active,20.66,ACTIVE
244339.52,4689450.92,1793.4,ID101957501,ARTESIA 20,L,Active,20.66,ACTIVE
244339.52,4689450.92,1793.4,ID101957502,ARTESIA 21,L,Active,20.66,ACTIVE
244339.51,4689066.18,1828.8,ID101957503,ARTESIA 22,L,Active,20.66,ACTIVE
244339.51,4689066.18,1828.8,ID101957504,ARTESIA 23,L,Active,20.66,ACTIVE
244339.51,4689066.18,1828.8,ID101957505,ARTESIA 24,L,Active,20.66,ACTIVE
244311.63,4688709.14,1838.7,ID101957506,ARTESIA 25,L,Active,20.66,ACTIVE
245188.45,4690350.72,1718.0,ID101958019,ARTESIA 26,L,Active,20.66,ACTIVE
244745.68,4690790.51,1673.8,ID101958020,ARTESIA 27,L,Active,20.66,ACTIVE
261258.06,4665984.30,1737.3,ID101825776,COLD 87,L,Filed,20.66,ACTIVE
261258.06,4665984.30,1737.3,ID101825777,COLD 88,L,Filed,20.66,ACTIVE
261704.71,4665998.11,1725.9,ID101825778,COLD 89,L,Filed,20.66,ACTIVE
262058.54,4665910.58,1759.5,ID101825779,COLD 90,L,Filed,20.66,ACTIVE
262058.54,4665910.58,1759.5,ID101825780,COLD 91,L,Filed,20.66,ACTIVE
262058.54,4665910.58,1759.5,ID101825781,COLD 92,L,Filed,20.66,ACTIVE
262567.47,4665905.67,1810.0,ID101825782,COLD 93,L,Filed,20.66,ACTIVE
261258.06,4665984.30,1737.3,ID101825783,COLD 94,L,Filed,20.66,ACTIVE
261258.06,4665984.30,1737.3,ID101826917,COLD 95,L,Filed,20.66,ACTIVE
261258.06,4665984.30,1737.3,ID101826918,COLD 96,L,Filed,20.66,ACTIVE
261258.06,4665984.30,1737.3,ID101826919,COLD 97,L,Filed,20.66,ACTIVE
261318.44,4665517.56,1766.4,ID101826920,COLD 98,L,Filed,20.66,ACTIVE
261318.44,4665517.56,1766.4,ID101826921,COLD 99,L,Filed,20.66,ACTIVE
261318.44,4665517.56,1766.4,ID101826922,COLD 100,L,Filed,20.66,ACTIVE
262057.66,4665491.49,1841.2,ID101826923,COLD 101,L,Filed,20.66,ACTIVE
262057.66,4665491.49,1841.2,ID101826924,COLD 102,L,Filed,20.66,ACTIVE
262057.66,4665491.49,1841.2,ID101826925,COLD 103,L,Filed,20.66,ACTIVE
262540.15,4665536.39,1806.5,ID101826926,COLD 104,L,Filed,20.66,ACTIVE
262540.15,4665536.39,1806.5,ID101826927,COLD 105,L,Filed,20.66,ACTIVE
262925.45,4665522.33,1826.5,ID101826928,COLD 106,L,Filed,20.66,ACTIVE
262925.45,4665522.33,1826.5,ID101826929,COLD 107,L,Filed,20.66,ACTIVE
262925.45,4665522.33,1826.5,ID101826930,COLD 108,L,Filed,20.66,ACTIVE
261318.68,4665132.89,1766.5,ID101826931,COLD 109,L,Filed,20.66,ACTIVE
261318.68,4665132.89,1766.5,ID101826932,COLD 110,L,Filed,20.66,ACTIVE
261292.57,4664776.91,1789.5,ID101826933,COLD 111,L,Filed,20.66,ACTIVE
261292.57,4664776.91,1789.5,ID101826934,COLD 112,L,Filed,20.66,ACTIVE
263639.31,4664664.62,1900.4,ID101826935,COLD 113,L,Filed,20.66,ACTIVE
263639.31,4664664.62,1900.4,ID101826936,COLD 114,L,Filed,20.66,ACTIVE
261205.26,4664423.00,1771.3,ID101826937,COLD 115,L,Filed,20.66,ACTIVE
261205.26,4664423.00,1771.3,ID101828139,COLD 116,L,Filed,20.66,ACTIVE
263612.01,4664294.23,1995.0,ID101828140,COLD 117,L,Filed,20.66,ACTIVE
263612.01,4664294.23,1995.0,ID101828141,COLD 118,L,Filed,20.66,ACTIVE
261262.71,4663526.13,1899.5,ID101828142,COLD 119,L,Filed,20.66,ACTIVE
261262.71,4663526.13,1899.5,ID101828143,COLD 120,L,Filed,20.66,ACTIVE
264032.04,4663508.67,2073.4,ID101828144,COLD 121,L,Filed,20.66,ACTIVE
264388.33,4663465.65,2108.9,ID101828145,COLD 122,L,Filed,20.66,ACTIVE
261234.50,4663107.96,1884.4,ID101828146,COLD 123,L,Filed,20.66,ACTIVE
261234.50,4663107.96,1884.4,ID101828147,COLD 124,L,Filed,20.66,ACTIVE
261234.50,4663107.96,1884.4,ID101828148,COLD 125,L,Filed,20.66,ACTIVE
261234.50,4663107.96,1884.4,ID101828149,COLD 126,L,Filed,20.66,ACTIVE
261975.85,4663112.96,1978.2,ID101828150,COLD 127,L,Filed,20.66,ACTIVE
261975.85,4663112.96,1978.2,ID101828151,COLD 128,L,Filed,20.66,ACTIVE
264448.16,4663000.09,2164.8,ID101828152,COLD 129,L,Filed,20.66,ACTIVE
264448.16,4663000.09,2164.8,ID101828153,COLD 130,L,Filed,20.66,ACTIVE
261949.29,4662742.55,1919.3,ID101828154,COLD 131,L,Filed,20.66,ACTIVE
261949.29,4662742.55,1919.3,ID101828155,COLD 132,L,Filed,20.66,ACTIVE
261949.29,4662742.55,1919.3,ID101828156,COLD 133,L,Filed,20.66,ACTIVE
262334.00,4662730.71,2040.4,ID101828157,COLD 134,L,Filed,20.66,ACTIVE
264449.45,4662616.51,2136.1,ID101828158,COLD 135,L,Filed,20.66,ACTIVE
264449.45,4662616.51,2136.1,ID101828159,COLD 136,L,Filed,20.66,ACTIVE
261969.77,4662194.90,2021.6,ID101829391,COLD 137,L,Filed,20.66,ACTIVE
261969.77,4662194.90,2021.6,ID101829392,COLD 138,L,Filed,20.66,ACTIVE
261969.77,4662194.90,2021.6,ID101829393,COLD 139,L,Filed,20.66,ACTIVE
262367.98,4662140.36,2144.9,ID101829394,COLD 140,L,Filed,20.66,ACTIVE
262825.89,4662137.21,2248.2,ID101829395,COLD 141,L,Filed,20.66,ACTIVE
264408.67,4662088.71,2116.3,ID101829396,COLD 142,L,Filed,20.66,ACTIVE
265241.87,4662114.35,2237.4,ID101829397,COLD 143,L,Filed,20.66,ACTIVE
262355.31,4661812.84,2215.0,ID101829398,COLD 144,L,Filed,20.66,ACTIVE
262831.30,4661780.17,2324.0,ID101829399,COLD 145,L,Filed,20.66,ACTIVE
262831.30,4661780.17,2324.0,ID101829400,COLD 146,L,Filed,20.66,ACTIVE
262831.30,4661780.17,2324.0,ID101829443,COLD 147,L,Filed,20.66,ACTIVE
262831.30,4661780.17,2324.0,ID101829444,COLD 148,L,Filed,20.66,ACTIVE
263596.52,4661752.31,2171.7,ID101829445,COLD 149,L,Filed,20.66,ACTIVE
265211.78,4661781.85,2251.2,ID101829446,COLD 150,L,Filed,20.66,ACTIVE
265211.78,4661781.85,2251.2,ID101829447,COLD 151,L,Filed,20.66,ACTIVE
263596.52,4661752.31,2171.7,ID101829448,COLD 154,L,Filed,20.66,ACTIVE
263596.52,4661752.31,2171.7,ID101829449,COLD 155,L,Filed,20.66,ACTIVE
263563.46,4661754.53,2173.9,ID101829450,COLD 156,L,Filed,20.66,ACTIVE
263963.67,4661734.48,2181.0,ID101829451,COLD 157,L,Filed,20.66,ACTIVE
264405.13,4661734.21,2122.4,ID101829452,COLD 158,L,Filed,20.66,ACTIVE
264405.13,4661734.21,2122.4,ID101829453,COLD 159,L,Filed,20.66,ACTIVE
264405.13,4661734.21,2122.4,ID101620561,COLD 160,L,Filed,20.66,ACTIVE
264791.96,4661710.21,2186.6,ID101620562,COLD 161,L,Filed,20.66,ACTIVE
265211.78,4661781.85,2251.2,ID101620563,COLD 162,L,Filed,20.66,ACTIVE
265211.78,4661781.85,2251.2,ID101620564,COLD 163,L,Filed,20.66,ACTIVE
263591.80,4660992.08,2314.3,ID101620565,COLD 167,L,Filed,20.66,ACTIVE
263591.80,4660992.08,2314.3,ID101620566,COLD 168,L,Filed,20.66,ACTIVE
263936.90,4660932.74,2260.5,ID101620567,COLD 169,L,Filed,20.66,ACTIVE
262578.03,4656823.85,1997.6,ID101620568,BLUE 51,L,Filed,20.66,ACTIVE
262578.03,4656823.85,1997.6,ID101620569,BLUE 52,L,Filed,20.66,ACTIVE
262578.03,4656823.85,1997.6,ID101620570,BLUE 53,L,Filed,20.66,ACTIVE
262578.03,4656823.85,1997.6,ID101620571,BLUE 54,L,Filed,20.66,ACTIVE
261865.29,4656851.12,1895.4,ID101620572,BLUE 55,L,Filed,20.66,ACTIVE
262221.35,4656914.75,1929.2,ID101620573,BLUE 56,L,Filed,20.66,ACTIVE
261865.29,4656851.12,1895.4,ID101620574,BLUE 57,L,Filed,20.66,ACTIVE
262221.35,4656914.75,1929.2,ID101620575,BLUE 58,L,Filed,20.66,ACTIVE
261731.31,4656096.34,1891.2,ID101620576,BLUE 59,L,Filed,20.66,ACTIVE
262207.13,4656046.99,1899.7,ID101620577,BLUE 60,L,Filed,20.66,ACTIVE
262597.90,4656402.96,1963.2,ID101620578,BLUE 61,L,Filed,20.66,ACTIVE
262597.90,4656402.96,1963.2,ID101620579,BLUE 62,L,Filed,20.66,ACTIVE
262597.90,4656402.96,1963.2,ID101620580,BLUE 63,L,Filed,20.66,ACTIVE
262579.97,4656016.70,1930.3,ID101620581,BLUE 64,L,Filed,20.66,ACTIVE
262579.97,4656016.70,1930.3,ID101572580,BLUE 65,L,Filed,20.66,ACTIVE
262579.97,4656016.70,1930.3,ID101572581,BLUE 66,L,Filed,20.66,ACTIVE
263342.38,4656084.55,2016.7,ID101572582,BLUE 67,L,Filed,20.66,ACTIVE
263342.38,4656084.55,2016.7,ID101572583,BLUE 68,L,Filed,20.66,ACTIVE
263342.38,4656084.55,2016.7,ID101572584,BLUE 69,L,Filed,20.66,ACTIVE
263725.49,4656063.98,2066.8,ID101572585,BLUE 70,L,Filed,20.66,ACTIVE
262579.97,4656016.70,1930.3,ID101572586,BLUE 71,L,Filed,20.66,ACTIVE
263342.38,4656084.55,2016.7,ID101572587,BLUE 72,L,Filed,20.66,ACTIVE
263725.49,4656063.98,2066.8,ID101572588,BLUE 73,L,Filed,20.66,ACTIVE
260553.07,4654518.55,1826.6,ID101572589,MATRIX 1,L,Filed,20.66,ACTIVE
260553.07,4654518.55,1826.6,ID101572590,MATRIX 2,L,Filed,20.66,ACTIVE
260408.80,4653783.03,1887.1,ID101572591,MATRIX 3,L,Filed,20.66,ACTIVE
260856.11,4654063.63,1867.1,ID101572592,MATRIX 4,L,Filed,20.66,ACTIVE
260856.11,4654063.63,1867.1,ID101572593,MATRIX 5,L,Filed,20.66,ACTIVE
260856.11,4654063.63,1867.1,ID101572594,MATRIX 6,L,Filed,20.66,ACTIVE
260470.85,4653778.71,1903.5,ID101572595,MATRIX 7,L,Filed,20.66,ACTIVE
260830.68,4653678.73,1912.2,ID101572596,MATRIX 8,L,Filed,20.66,ACTIVE
260830.68,4653678.73,1912.2,ID101572597,MATRIX 9,L,Filed,20.66,ACTIVE
260830.68,4653678.73,1912.2,ID101572598,MATRIX 10,L,Filed,20.66,ACTIVE
260830.68,4653678.73,1912.2,ID101572599,MATRIX 11,L,Filed,20.66,ACTIVE
261642.67,4653683.61,1958.3,ID101572600,MATRIX 12,L,Filed,20.66,ACTIVE
261642.67,4653683.61,1958.3,ID101825784,MATRIX 13,L,Filed,20.66,ACTIVE
261642.67,4653683.61,1958.3,ID101825785,MATRIX 14,L,Filed,20.66,ACTIVE
260465.98,4652849.49,1880.8,ID101825786,MATRIX 16,L,Filed,20.66,ACTIVE
260828.72,4652784.99,1908.0,ID101825787,MATRIX 17,L,Filed,20.66,ACTIVE
260828.72,4652784.99,1908.0,ID101825788,MATRIX 18,L,Filed,20.66,ACTIVE
260828.72,4652784.99,1908.0,ID101825789,MATRIX 19,L,Filed,20.66,ACTIVE
260828.72,4652784.99,1908.0,ID101825790,MATRIX 20,L,Filed,20.66,ACTIVE
261732.88,4652765.65,1993.9,ID101825791,MATRIX 21,L,Filed,20.66,ACTIVE
261732.88,4652765.65,1993.9,ID101825792,MATRIX 22,L,Filed,20.66,ACTIVE
261732.88,4652765.65,1993.9,ID101825793,MATRIX 23,L,Filed,20.66,ACTIVE
260465.98,4652849.49,1880.8,ID101825794,MATRIX 25,L,Filed,20.66,ACTIVE
260828.72,4652784.99,1908.0,ID101825795,MATRIX 26,L,Filed,20.66,ACTIVE
259571.16,4663631.30,1637.7,ID106363138,RR-1,L,Filed,320.0,ACTIVE
259571.16,4663631.30,1637.7,ID106363111,RR-2,L,Filed,320.0,ACTIVE
259571.16,4663631.30,1637.7,ID106363139,RR-3,L,Filed,1280.0,ACTIVE
260371.95,4663558.51,1725.6,ID106363112,RR-4,L,Filed,320.0,ACTIVE
260371.95,4663558.51,1725.6,ID106363070,RR-5,L,Filed,320.0,ACTIVE
260371.95,4663558.51,1725.6,ID106363088,RR-7,L,Filed,320.0,ACTIVE
260196.54,4664172.58,1693.7,ID106363192,RR-8,L,Filed,1120.0,ACTIVE
261202.22,4664333.06,1784.3,ID106363071,RR-9,L,Filed,160.0,ACTIVE
259571.16,4663631.30,1637.7,ID106363113,RR-10,L,Filed,160.0,ACTIVE
259571.16,4663631.30,1637.7,ID106363140,RR-11,L,Filed,160.0,ACTIVE
259571.16,4663631.30,1637.7,ID106363193,RR-12,L,Filed,320.0,ACTIVE
259571.16,4663631.30,1637.7,ID106363141,RR-13,L,Filed,320.0,ACTIVE
259571.16,4663631.30,1637.7,ID106363221,RR-14,L,Filed,320.0,ACTIVE
259571.16,4663631.30,1637.7,ID106363167,RR-15,L,Filed,320.0,ACTIVE
259571.16,4663631.30,1637.7,ID106363240,RR-16,L,Filed,320.0,ACTIVE
259447.16,4663394.28,1667.4,ID106363168,RR-17,L,Filed,320.0,ACTIVE
259447.16,4663394.28,1667.4,ID106363072,RR-18,L,Filed,640.0,ACTIVE
259421.40,4662589.14,1635.3,ID106363194,RR-19,L,Filed,320.0,ACTIVE
259544.59,4662826.20,1660.2,ID106363114,RR-20,L,Filed,320.0,ACTIVE
259544.59,4662826.20,1660.2,ID106363195,RR-21,L,Filed,640.0,ACTIVE
260344.64,4662753.43,1691.8,ID106363241,RR-22,L,Filed,320.0,ACTIVE
260344.64,4662753.43,1691.8,ID106363242,RR-23,L,Filed,320.0,ACTIVE
261146.20,4662725.18,1790.5,ID106363115,RR-27,L,Filed,320.0,ACTIVE
260344.64,4662753.43,1691.8,ID106363196,RR-24,L,Filed,320.0,ACTIVE
261146.20,4662725.18,1790.5,ID106363089,RR-25,L,Filed,640.0,ACTIVE
257821.76,4662821.67,1585.0,ID106363222,OKY-1,L,Filed,1530.09,ACTIVE
257821.76,4662821.67,1585.0,ID106363197,OKY-3,L,Filed,3043.11,ACTIVE
258739.03,4662810.30,1575.6,ID106363169,OKY-5,L,Filed,160.0,ACTIVE
258739.03,4662810.30,1575.6,ID106363091,OKY-7,L,Filed,160.0,ACTIVE
258739.03,4662810.30,1575.6,ID106363116,OKY-9,L,Filed,160.0,ACTIVE
258739.03,4662810.30,1575.6,ID106363142,OKY-11,L,Filed,160.0,ACTIVE
259544.59,4662826.20,1660.2,ID106363073,OKY-13,L,Filed,320.0,ACTIVE
259544.59,4662826.20,1660.2,ID106363223,OKY-15,L,Filed,160.0,ACTIVE
259544.59,4662826.20,1660.2,ID106363074,OKY-17,L,Filed,160.0,ACTIVE
259544.59,4662826.20,1660.2,ID106363198,OKY-19,L,Filed,160.0,ACTIVE
260344.64,4662753.43,1691.8,ID106363143,OKY-23,L,Filed,160.0,ACTIVE
260344.64,4662753.43,1691.8,ID106363224,OKY-25,L,Filed,160.0,ACTIVE
260344.64,4662753.43,1691.8,ID106363144,OKY-27,L,Filed,160.0,ACTIVE
260344.64,4662753.43,1691.8,ID106363199,OKY-29,L,Filed,160.0,ACTIVE
261146.20,4662725.18,1790.5,ID106363092,OKY-31,L,Filed,320.0,ACTIVE
261146.20,4662725.18,1790.5,ID106363200,OKY-33,L,Filed,160.0,ACTIVE
261146.20,4662725.18,1790.5,ID106363093,OKY-35,L,Filed,160.0,ACTIVE
261146.20,4662725.18,1790.5,ID106363118,OKY-37,L,Filed,160.0,ACTIVE
261146.20,4662725.18,1790.5,ID106363145,OKY-39,L,Filed,320.0,ACTIVE
260371.95,4663558.51,1725.6,ID106363075,RR-6,L,Filed,320.0,ACTIVE
257951.05,4661977.86,1504.7,ID106363094,OKY-40,L,Filed,7119.39,ACTIVE
257951.05,4661977.86,1504.7,ID106363201,OKY-42,L,Filed,5412.08,ACTIVE
258826.60,4661930.14,1565.6,ID106363119,OKY-44,L,Filed,1675.24,ACTIVE
258826.60,4661930.14,1565.6,ID106363095,OKY-46,L,Filed,1675.24,ACTIVE
258826.60,4661930.14,1565.6,ID106363096,OKY-48,L,Filed,3028.26,ACTIVE
258826.60,4661930.14,1565.6,ID106363146,OKY-50,L,Filed,3028.26,ACTIVE
259591.75,4661899.63,1658.7,ID106363120,OKY-52,L,Filed,1294.57,ACTIVE
259591.75,4661899.63,1658.7,ID106363243,OKY-56,L,Filed,1621.08,ACTIVE
259591.75,4661899.63,1658.7,ID106363077,OKY-58,L,Filed,2918.54,ACTIVE
259591.75,4661899.63,1658.7,ID106363202,OKY-60,L,Filed,8433.49,ACTIVE
260389.08,4661865.88,1723.4,ID106363170,OKY-62,L,Filed,1622.57,ACTIVE
260389.08,4661865.88,1723.4,ID106363097,OKY-64,L,Filed,2920.03,ACTIVE
260389.08,4661865.88,1723.4,ID106363244,OKY-66,L,Filed,2920.03,ACTIVE
261186.61,4661837.78,1877.2,ID106363171,OKY-68,L,Filed,6321.53,ACTIVE
261186.61,4661837.78,1877.2,ID106363147,OKY-70,L,Filed,2940.06,ACTIVE
261186.61,4661837.78,1877.2,ID106363225,OKY-72,L,Filed,2940.06,ACTIVE
261186.61,4661837.78,1877.2,ID106363245,OKY-74,L,Filed,2940.06,ACTIVE
261186.61,4661837.78,1877.2,ID106363203,OKY-76,L,Filed,2940.06,ACTIVE
261186.61,4661837.78,1877.2,ID106363078,OKY-78,L,Filed,11107.29,ACTIVE
257951.05,4661977.86,1504.7,ID106363172,OKY-81,L,Filed,3721.99,ACTIVE
258826.60,4661930.14,1565.6,ID106363148,OKY-83,L,Filed,1515.24,ACTIVE
258826.60,4661930.14,1565.6,ID106363121,OKY-87,L,Filed,1515.24,ACTIVE
260208.48,4662157.72,1671.2,ID106363226,OKY-89,L,Filed,4245.72,ACTIVE
259591.75,4661899.63,1658.7,ID106363122,OKY-91,L,Filed,1461.08,ACTIVE
259591.75,4661899.63,1658.7,ID106363149,OKY-93,L,Filed,1461.08,ACTIVE
259591.75,4661899.63,1658.7,ID106363123,OKY-95,L,Filed,1461.08,ACTIVE
259591.75,4661899.63,1658.7,ID106363246,OKY-97,L,Filed,1461.08,ACTIVE
261186.61,4661837.78,1877.2,ID106363205,OKY-111,L,Filed,1473.32,ACTIVE
258791.36,4661455.52,1612.4,ID106363247,OKY-122,L,Filed,9497.66,ACTIVE
260389.08,4661865.88,1723.4,ID106363124,OKY-101,L,Filed,1462.57,ACTIVE
260389.08,4661865.88,1723.4,ID106363173,OKY-103,L,Filed,1462.57,ACTIVE
260389.08,4661865.88,1723.4,ID106363227,OKY-105,L,Filed,330.22,ACTIVE
257893.61,4661461.75,1508.4,ID106363150,OKY-116,L,Filed,10346.31,ACTIVE
261186.61,4661837.78,1877.2,ID106363098,OKY-107,L,Filed,2935.89,ACTIVE
261186.61,4661837.78,1877.2,ID106363125,OKY-109,L,Filed,1473.32,ACTIVE
257893.61,4661461.75,1508.4,ID106363126,OKY-112,L,Filed,5822.33,ACTIVE
257893.61,4661461.75,1508.4,ID106363174,OKY-114,L,Filed,10310.86,ACTIVE
258791.36,4661455.52,1612.4,ID106363175,OKY-118,L,Filed,2763.61,ACTIVE
258791.36,4661455.52,1612.4,ID106363228,OKY-120,L,Filed,2763.61,ACTIVE
259440.79,4661406.71,1678.2,ID106363079,OKY-124,L,Filed,3645.05,ACTIVE
259440.79,4661406.71,1678.2,ID106363151,OKY-126,L,Filed,2258.31,ACTIVE
259440.79,4661406.71,1678.2,ID106363099,OKY-128,L,Filed,2258.31,ACTIVE
259440.79,4661406.71,1678.2,ID106363152,OKY-130,L,Filed,4265.33,ACTIVE
259440.79,4661406.71,1678.2,ID106363206,OKY-132,L,Filed,8532.43,ACTIVE
260329.87,4661414.30,1718.4,ID106363207,OKY-134,L,Filed,2260.08,ACTIVE
260329.87,4661414.30,1718.4,ID106363249,OKY-136,L,Filed,4267.1,ACTIVE
260329.87,4661414.30,1718.4,ID106363229,OKY-138,L,Filed,4267.1,ACTIVE
260329.87,4661414.30,1718.4,ID106363127,OKY-140,L,Filed,12598.07,ACTIVE
261200.71,4661348.14,1941.1,ID106363208,OKY-142,L,Filed,2281.57,ACTIVE
261200.71,4661348.14,1941.1,ID106363100,OKY-145,L,Filed,2281.57,ACTIVE
258791.36,4661455.52,1612.4,ID106363128,OKY-150,L,Filed,1248.37,ACTIVE
257893.61,4661461.75,1508.4,ID106363250,OKY-148,L,Filed,3206.32,ACTIVE
258791.36,4661455.52,1612.4,ID106363101,OKY-152,L,Filed,1248.37,ACTIVE
258246.78,4661276.23,1581.5,ID106363176,OKY-154,L,Filed,2584.3,ACTIVE
258791.36,4661455.52,1612.4,ID106363102,OKY-156,L,Filed,2045.6,ACTIVE
259440.79,4661406.71,1678.2,ID106363177,OKY-158,L,Filed,797.23,ACTIVE
259440.79,4661406.71,1678.2,ID106363080,OKY-160,L,Filed,797.23,ACTIVE
259440.79,4661406.71,1678.2,ID106363129,OKY-162,L,Filed,797.23,ACTIVE
259440.79,4661406.71,1678.2,ID106363103,OKY-164,L,Filed,797.23,ACTIVE
259440.79,4661406.71,1678.2,ID106363178,OKY-166,L,Filed,1594.74,ACTIVE
260329.87,4661414.30,1718.4,ID106363209,OKY-168,L,Filed,797.51,ACTIVE
260329.87,4661414.30,1718.4,ID106363179,OKY-170,L,Filed,797.51,ACTIVE
260329.87,4661414.30,1718.4,ID106363210,OKY-172,L,Filed,797.51,ACTIVE
260329.87,4661414.30,1718.4,ID106363081,OKY-174,L,Filed,1605.76,ACTIVE
261200.71,4661348.14,1941.1,ID106363180,OKY-176,L,Filed,808.25,ACTIVE
261200.71,4661348.14,1941.1,ID106363104,OKY-178,L,Filed,902.05,ACTIVE
257793.49,4660376.77,1544.8,ID106363154,OKY-179,L,Filed,2352.97,ACTIVE
257793.49,4660376.77,1544.8,ID106363155,OKY-181,L,Filed,9037.63,ACTIVE
259431.85,4660267.48,1644.2,ID106363211,OKY-191,L,Filed,1668.31,ACTIVE
259431.85,4660267.48,1644.2,ID106363251,OKY-195,L,Filed,1668.31,ACTIVE
259431.85,4660267.48,1644.2,ID106363252,OKY-193,L,Filed,958.75,ACTIVE
259431.85,4660267.48,1644.2,ID106363130,OKY-197,L,Filed,1668.31,ACTIVE
259431.85,4660267.48,1644.2,ID106363253,OKY-199,L,Filed,6175.64,ACTIVE
260228.22,4659466.67,1738.2,ID106363131,OKY-201,L,Filed,1667.07,ACTIVE
260228.22,4659466.67,1738.2,ID106363254,OKY-203,L,Filed,1667.07,ACTIVE
261069.47,4660185.28,1839.6,ID106363181,OKY-207,L,Filed,2873.94,ACTIVE
257765.20,4659575.06,1660.8,ID106363230,OKY-210,L,Filed,11363.48,ACTIVE
258595.88,4659538.87,1696.9,ID106363182,OKY-216,L,Filed,320.0,ACTIVE
259405.86,4659503.49,1692.7,ID106363157,OKY-218,L,Filed,640.0,ACTIVE
259405.86,4659503.49,1692.7,ID106363183,OKY-220,L,Filed,320.0,ACTIVE
259405.86,4659503.49,1692.7,ID106363105,OKY-224,L,Filed,320.0,ACTIVE
259405.86,4659503.49,1692.7,ID106363255,OKY-226,L,Filed,640.0,ACTIVE
259405.86,4659503.49,1692.7,ID106363184,OKY-230,L,Filed,320.0,ACTIVE
259431.85,4660267.48,1644.2,ID106363159,OKY-232,L,Filed,160.0,ACTIVE
259431.85,4660267.48,1644.2,ID106363160,OKY-234,L,Filed,160.0,ACTIVE
257736.99,4658775.56,1686.5,ID106363232,OKY-236,L,Filed,2995.91,ACTIVE
258566.81,4658687.16,1619.0,ID106363161,OKY-237,L,Filed,320.0,ACTIVE
258566.81,4658687.16,1619.0,ID106363212,OKY-239,L,Filed,320.0,ACTIVE
258566.81,4658687.16,1619.0,ID106363132,OKY-241,L,Filed,320.0,ACTIVE
258566.81,4658687.16,1619.0,ID106363256,OKY-243,L,Filed,320.0,ACTIVE
258566.81,4658687.16,1619.0,ID106363233,OKY-245,L,Filed,640.0,ACTIVE
259376.70,4658646.23,1688.8,ID106363257,OKY-247,L,Filed,320.0,ACTIVE
259376.70,4658646.23,1688.8,ID106363185,OKY-251,L,Filed,320.0,ACTIVE
259376.70,4658646.23,1688.8,ID106363213,OKY-253,L,Filed,640.0,ACTIVE
260197.32,4658603.91,1713.1,ID106363106,OKY-257,L,Filed,320.0,ACTIVE
260197.32,4658603.91,1713.1,ID106363107,OKY-259,L,Filed,320.0,ACTIVE
260197.32,4658603.91,1713.1,ID106363108,OKY-261,L,Filed,320.0,ACTIVE
258566.81,4658687.16,1619.0,ID106363234,OKY-265,L,Filed,160.0,ACTIVE
259351.28,4657874.44,1696.2,ID106363259,OKY-303,L,Filed,320.0,ACTIVE
258566.81,4658687.16,1619.0,ID106363214,OKY-267,L,Filed,160.0,ACTIVE
258566.81,4658687.16,1619.0,ID106363186,OKY-269,L,Filed,160.0,ACTIVE
258566.81,4658687.16,1619.0,ID106363109,OKY-273,L,Filed,320.0,ACTIVE
259376.70,4658646.23,1688.8,ID106363083,OKY-275,L,Filed,160.0,ACTIVE
259376.70,4658646.23,1688.8,ID106363187,OKY-277,L,Filed,160.0,ACTIVE
259376.70,4658646.23,1688.8,ID106363260,OKY-281,L,Filed,320.0,ACTIVE
260197.32,4658603.91,1713.1,ID106363261,OKY-283,L,Filed,160.0,ACTIVE
260197.32,4658603.91,1713.1,ID106363163,OKY-285,L,Filed,160.0,ACTIVE
260197.32,4658603.91,1713.1,ID106363133,OKY-287,L,Filed,160.0,ACTIVE
260197.32,4658603.91,1713.1,ID106363134,OKY-289,L,Filed,160.0,ACTIVE
258541.64,4657925.37,1656.8,ID106363216,OKY-293,L,Filed,320.0,ACTIVE
258541.64,4657925.37,1656.8,ID106363217,OKY-295,L,Filed,320.0,ACTIVE
258541.64,4657925.37,1656.8,ID106363084,OKY-297,L,Filed,320.0,ACTIVE
258541.64,4657925.37,1656.8,ID106363262,OKY-299,L,Filed,320.0,ACTIVE
258541.64,4657925.37,1656.8,ID106363263,OKY-301,L,Filed,640.0,ACTIVE
259351.28,4657874.44,1696.2,ID106363236,OKY-307,L,Filed,320.0,ACTIVE
259351.28,4657874.44,1696.2,ID106363264,OKY-332,L,Filed,320.0,ACTIVE
259351.28,4657874.44,1696.2,ID106363218,OKY-309,L,Filed,640.0,ACTIVE
260168.19,4657817.80,1725.8,ID106363110,OKY-311,L,Filed,320.0,ACTIVE
260168.19,4657817.80,1725.8,ID106363085,OKY-313,L,Filed,320.0,ACTIVE
257709.54,4657973.82,1623.7,ID106363188,OKY-316,L,Filed,1504.13,ACTIVE
257709.54,4657973.82,1623.7,ID106363189,OKY-318,L,Filed,1504.13,ACTIVE
257709.54,4657973.82,1623.7,ID106363237,OKY-322,L,Filed,1504.13,ACTIVE
258541.64,4657925.37,1656.8,ID106363265,OKY-324,L,Filed,320.0,ACTIVE
257765.20,4659575.06,1660.8,ID106363238,OKY-397,L,Filed,1510.59,ACTIVE
259351.28,4657874.44,1696.2,ID106363086,OKY-328,L,Filed,160.0,ACTIVE
259351.28,4657874.44,1696.2,ID106363266,OKY-330,L,Filed,160.0,ACTIVE
260168.19,4657817.80,1725.8,ID106363219,OKY-334,L,Filed,160.0,ACTIVE
260168.19,4657817.80,1725.8,ID106363137,OKY-336,L,Filed,160.0,ACTIVE
257765.20,4659575.06,1660.8,ID106363164,OKY-389,L,Filed,1510.59,ACTIVE
257765.20,4659575.06,1660.8,ID106363165,OKY-391,L,Filed,1670.59,ACTIVE
257765.20,4659575.06,1660.8,ID106363267,OKY-393,L,Filed,1510.59,ACTIVE
259405.86,4659503.49,1692.7,ID106363268,OKY-399,L,Filed,320.0,ACTIVE
259405.86,4659503.49,1692.7,ID106363166,OKY-401,L,Filed,160.0,ACTIVE
259405.86,4659503.49,1692.7,ID106363190,OKY-403,L,Filed,160.0,ACTIVE
259405.86,4659503.49,1692.7,ID106363220,OKY-405,L,Filed,160.0,ACTIVE
259405.86,4659503.49,1692.7,ID106363087,OKY-407,L,Filed,320.0,ACTIVE
260228.22,4659466.67,1738.2,ID106363269,OKY-413,L,Filed,160.0,ACTIVE
260228.22,4659466.67,1738.2,ID106363239,OKY-415,L,Filed,160.0,ACTIVE
257951.05,4661977.86,1504.7,ID106363191,OKY-79,L,Filed,2206.75,ACTIVE
261146.20,4662725.18,1790.5,ID106363090,RR-26,L,Filed,640.0,ACTIVE
259544.59,4662826.20,1660.2,ID106363117,OKY-21,L,Filed,320.0,ACTIVE
259591.75,4661899.63,1658.7,ID106363076,OKY-54,L,Filed,2918.54,ACTIVE
258826.60,4661930.14,1565.6,ID106363204,OKY-85,L,Filed,1515.24,ACTIVE
259591.75,4661899.63,1658.7,ID106363248,OKY-99,L,Filed,5518.57,ACTIVE
257893.61,4661461.75,1508.4,ID106363153,OKY-146,L,Filed,842.25,ACTIVE
260228.22,4659466.67,1738.2,ID106363156,OKY-205,L,Filed,1667.07,ACTIVE
259405.86,4659503.49,1692.7,ID106363158,OKY-222,L,Filed,320.0,ACTIVE
259405.86,4659503.49,1692.7,ID106363231,OKY-228,L,Filed,320.0,ACTIVE
257736.99,4658775.56,1686.5,ID106363082,OKY-263,L,Filed,1504.47,ACTIVE
259376.70,4658646.23,1688.8,ID106363258,OKY-249,L,Filed,320.0,ACTIVE
257709.54,4657973.82,1623.7,ID106363162,OKY-314,L,Filed,2995.57,ACTIVE
258566.81,4658687.16,1619.0,ID106363235,OKY-271,L,Filed,160.0,ACTIVE
259376.70,4658646.23,1688.8,ID106363215,OKY-279,L,Filed,160.0,ACTIVE
259351.28,4657874.44,1696.2,ID106363135,OKY-305,L,Filed,320.0,ACTIVE
257709.54,4657973.82,1623.7,ID106363136,OKY-320,L,Filed,1504.13,ACTIVE
258622.78,4660302.83,1602.0,ID106364062,OKY-187,L,Filed,2523.3,ACTIVE
258622.78,4660302.83,1602.0,ID106364067,OKY-183,L,Filed,3267.1,ACTIVE
258622.78,4660302.83,1602.0,ID106364046,OKY-185,L,Filed,2523.3,ACTIVE
259431.85,4660267.48,1644.2,ID106364053,OKY-189,L,Filed,2498.25,ACTIVE
259351.28,4657874.44,1696.2,ID106364050,OKY-326,L,Filed,160.0,ACTIVE
257765.20,4659575.06,1660.8,ID106364063,OKY-208,L,Filed,5695.96,ACTIVE
258595.88,4659538.87,1696.9,ID106364051,OKY-212,L,Filed,320.0,ACTIVE
257682.13,4657173.19,1670.4,ID106364071,OKY-337,L,Filed,5990.97,ACTIVE
258595.88,4659538.87,1696.9,ID106364072,OKY-214,L,Filed,320.0,ACTIVE
258514.31,4657075.82,1676.2,ID106364059,OKY-339,L,Filed,320.0,ACTIVE
259323.68,4657062.70,1757.9,ID106364073,OKY-347,L,Filed,640.0,ACTIVE
258514.31,4657075.82,1676.2,ID106364047,OKY-341,L,Filed,320.0,ACTIVE
258514.31,4657075.82,1676.2,ID106364068,OKY-343,L,Filed,320.0,ACTIVE
258514.31,4657075.82,1676.2,ID106364048,OKY-345,L,Filed,320.0,ACTIVE
259323.68,4657062.70,1757.9,ID106364054,OKY-349,L,Filed,320.0,ACTIVE
259323.68,4657062.70,1757.9,ID106364060,OKY-351,L,Filed,320.0,ACTIVE
259323.68,4657062.70,1757.9,ID106364065,OKY-353,L,Filed,320.0,ACTIVE
258490.02,4656315.11,1687.4,ID106364055,OKY-359,L,Filed,320.0,ACTIVE
258490.02,4656315.11,1687.4,ID106364074,OKY-361,L,Filed,320.0,ACTIVE
258514.31,4657075.82,1676.2,ID106364061,OKY-363,L,Filed,160.0,ACTIVE
259323.68,4657062.70,1757.9,ID106364049,OKY-365,L,Filed,320.0,ACTIVE
259323.68,4657062.70,1757.9,ID106364075,OKY-367,L,Filed,160.0,ACTIVE
259323.68,4657062.70,1757.9,ID106364056,OKY-369,L,Filed,160.0,ACTIVE
259323.68,4657062.70,1757.9,ID106364076,OKY-371,L,Filed,160.0,ACTIVE
257654.86,4656328.08,1684.8,ID106364066,OKY-374,L,Filed,3235.72,ACTIVE
258490.02,4656315.11,1687.4,ID106364069,OKY-376,L,Filed,160.0,ACTIVE
258490.02,4656315.11,1687.4,ID106364070,OKY-378,L,Filed,160.0,ACTIVE
258490.02,4656315.11,1687.4,ID106364064,OKY-380,L,Filed,160.0,ACTIVE
258490.02,4656315.11,1687.4,ID106364057,OKY-382,L,Filed,160.0,ACTIVE
259296.27,4656256.52,1766.6,ID106364058,OKY-384,L,Filed,640.0,ACTIVE
259296.27,4656256.52,1766.6,ID106364052,OKY-386,L,Filed,320.0,ACTIVE
260228.22,4659466.67,1738.2,ID106367446,OKY-409,L,Filed,320.0,ACTIVE
257765.20,4659575.06,1660.8,ID106367444,OKY-395,L,Filed,1684.3,ACTIVE
258490.02,4656315.11,1687.4,ID106367445,OKY-357,L,Filed,480.0,ACTIVE
257654.86,4656328.08,1684.8,ID106367442,OKY-355,L,Filed,11649.56,ACTIVE
257709.54,4657973.82,1623.7,ID106367440,OKY-291,L,Filed,11477.24,ACTIVE
260197.32,4658603.91,1713.1,ID106367441,OKY-255,L,Filed,480.0,ACTIVE
260228.22,4659466.67,1738.2,ID106367443,OKY-411,L,Filed,320.0,ACTIVE
328268.45,4656014.60,1908.1,ID106378911,PMG 409,L,Filed,160.0,ACTIVE
328118.19,4654293.94,1725.6,ID106378919,PMG 417,L,Filed,800.0,ACTIVE
328252.26,4655210.61,1813.2,ID106378924,PMG 422,L,Filed,320.0,ACTIVE
329843.92,4654367.81,1697.7,ID106378935,PMG 433,L,Filed,640.0,ACTIVE
328301.66,4657622.56,1974.2,ID106378890,PMG 388,L,Filed,320.0,ACTIVE
327498.96,4657643.20,1761.8,ID106378892,PMG 390,L,Filed,160.0,ACTIVE
328301.66,4657622.56,1974.2,ID106378891,PMG 389,L,Filed,160.0,ACTIVE
328301.66,4657622.56,1974.2,ID106378893,PMG 391,L,Filed,320.0,ACTIVE
328301.66,4657622.56,1974.2,ID106378894,PMG 392,L,Filed,320.0,ACTIVE
328284.61,4656817.48,1977.0,ID106378895,PMG 393,L,Filed,640.0,ACTIVE
328284.61,4656817.48,1977.0,ID106378896,PMG 394,L,Filed,320.0,ACTIVE
328284.61,4656817.48,1977.0,ID106378897,PMG 395,L,Filed,320.0,ACTIVE
328284.61,4656817.48,1977.0,ID106378898,PMG 396,L,Filed,320.0,ACTIVE
327465.56,4656035.23,1694.7,ID106378899,PMG 397,L,Filed,640.0,ACTIVE
327465.56,4656035.23,1694.7,ID106378900,PMG 398,L,Filed,640.0,ACTIVE
327465.56,4656035.23,1694.7,ID106378901,PMG 399,L,Filed,320.0,ACTIVE
327465.56,4656035.23,1694.7,ID106378902,PMG 400,L,Filed,320.0,ACTIVE
327465.56,4656035.23,1694.7,ID106378903,PMG 401,L,Filed,320.0,ACTIVE
327450.39,4655276.77,1740.1,ID106378904,PMG 402,L,Filed,640.0,ACTIVE
327450.39,4655276.77,1740.1,ID106378905,PMG 403,L,Filed,480.0,ACTIVE
327450.39,4655276.77,1740.1,ID106378906,PMG 404,L,Filed,320.0,ACTIVE
327450.39,4655276.77,1740.1,ID106378907,PMG 405,L,Filed,320.0,ACTIVE
328236.10,4654407.73,1748.7,ID106378908,PMG 406,L,Filed,640.0,ACTIVE
328268.45,4656014.60,1908.1,ID106378909,PMG 407,L,Filed,320.0,ACTIVE
328268.45,4656014.60,1908.1,ID106378910,PMG 408,L,Filed,160.0,ACTIVE
328268.45,4656014.60,1908.1,ID106378912,PMG 410,L,Filed,160.0,ACTIVE
328252.26,4655210.61,1813.2,ID106378913,PMG 411,L,Filed,320.0,ACTIVE
328252.26,4655210.61,1813.2,ID106378914,PMG 412,L,Filed,160.0,ACTIVE
328252.26,4655210.61,1813.2,ID106378915,PMG 413,L,Filed,160.0,ACTIVE
328252.26,4655210.61,1813.2,ID106378916,PMG 414,L,Filed,160.0,ACTIVE
328236.10,4654407.73,1748.7,ID106378917,PMG 415,L,Filed,320.0,ACTIVE
328268.45,4656014.60,1908.1,ID106378918,PMG 416,L,Filed,640.0,ACTIVE
328268.45,4656014.60,1908.1,ID106378920,PMG 418,L,Filed,320.0,ACTIVE
328268.45,4656014.60,1908.1,ID106378921,PMG 419,L,Filed,320.0,ACTIVE
328252.26,4655210.61,1813.2,ID106378922,PMG 420,L,Filed,640.0,ACTIVE
328252.26,4655210.61,1813.2,ID106378923,PMG 421,L,Filed,320.0,ACTIVE
328252.26,4655210.61,1813.2,ID106378925,PMG 423,L,Filed,320.0,ACTIVE
328236.10,4654407.73,1748.7,ID106378926,PMG 424,L,Filed,640.0,ACTIVE
329072.19,4655995.15,1784.9,ID106378927,PMG 425,L,Filed,800.0,ACTIVE
329072.19,4655995.15,1784.9,ID106378928,PMG 426,L,Filed,320.0,ACTIVE
328268.45,4656014.60,1908.1,ID106378929,PMG 427,L,Filed,640.0,ACTIVE
329072.19,4655995.15,1784.9,ID106378930,PMG 428,L,Filed,320.0,ACTIVE
329057.16,4655235.57,1797.6,ID106378931,PMG 429,L,Filed,640.0,ACTIVE
329057.16,4655235.57,1797.6,ID106378934,PMG 432,L,Filed,320.0,ACTIVE
329860.75,4655171.78,1704.9,ID106378933,PMG 431,L,Filed,320.0,ACTIVE
329057.16,4655235.57,1797.6,ID106378932,PMG 430,L,Filed,320.0,ACTIVE
282499.64,4673896.36,2280.5,ID106387825,Last Chance #17,L,Filed,320.0,ACTIVE
281720.20,4674725.21,2689.8,ID106387816,Last Chance #8,L,Filed,160.0,ACTIVE
281720.20,4674725.21,2689.8,ID106387817,Last Chance #9,L,Filed,320.0,ACTIVE
281720.20,4674725.21,2689.8,ID106387810,Last Chance #2,L,Filed,320.0,ACTIVE
281720.20,4674725.21,2689.8,ID106387811,Last Chance #3,L,Filed,640.0,ACTIVE
282522.28,4674655.93,2574.0,ID106387812,Last Chance #4,L,Filed,320.0,ACTIVE
282522.28,4674655.93,2574.0,ID106387813,Last Chance #5,L,Filed,320.0,ACTIVE
282522.28,4674655.93,2574.0,ID106387814,Last Chance #6,L,Filed,320.0,ACTIVE
281720.20,4674725.21,2689.8,ID106387815,Last Chance #7,L,Filed,160.0,ACTIVE
282522.28,4674655.93,2574.0,ID106387818,Last Chance #10,L,Filed,160.0,ACTIVE
282522.28,4674655.93,2574.0,ID106387819,Last Chance #11,L,Filed,160.0,ACTIVE
282522.28,4674655.93,2574.0,ID106387820,Last Chance #12,L,Filed,160.0,ACTIVE
281694.72,4673876.81,2550.9,ID106387821,Last Chance #13,L,Filed,320.0,ACTIVE
281694.72,4673876.81,2550.9,ID106387822,Last Chance #14,L,Filed,320.0,ACTIVE
281694.72,4673876.81,2550.9,ID106387823,Last Chance #15,L,Filed,640.0,ACTIVE
282499.64,4673896.36,2280.5,ID106387824,Last Chance #16,L,Filed,320.0,ACTIVE
282499.64,4673896.36,2280.5,ID106387826,Last Chance #18,L,Filed,320.0,ACTIVE
281694.72,4673876.81,2550.9,ID106387827,Last Chance #19,L,Filed,160.0,ACTIVE
281694.72,4673876.81,2550.9,ID106387828,Last Chance #20,L,Filed,160.0,ACTIVE
281694.72,4673876.81,2550.9,ID106387829,Last Chance #21,L,Filed,320.0,ACTIVE
282499.64,4673896.36,2280.5,ID106387830,Last Chance #22,L,Filed,160.0,ACTIVE
282499.64,4673896.36,2280.5,ID106387831,Last Chance #23,L,Filed,320.0,ACTIVE
282499.64,4673896.36,2280.5,ID106387832,Last Chance #24,L,Filed,160.0,ACTIVE
261367.65,4669150.13,1730.0,ID101303863,LION 1,M,Active,5.0,ACTIVE
261367.65,4669150.13,1730.0,ID101300124,LION 2,M,Active,5.0,ACTIVE
261367.65,4669150.13,1730.0,ID101431126,LION 3,M,Active,5.0,ACTIVE
261367.65,4669150.13,1730.0,ID101434332,LION 4,M,Active,5.0,ACTIVE
261367.65,4669150.13,1730.0,ID101480938,LION 5,M,Active,5.0,ACTIVE
261367.65,4669150.13,1730.0,ID101820807,LION 8,M,Active,5.0,ACTIVE
263712.16,4665851.70,1935.6,ID101410075,ROCKY MOUNTAIN 1D,M,Active,5.0,ACTIVE
263712.16,4665851.70,1935.6,ID101410076,ROCKY MOUNTAIN 2D,M,Active,5.0,ACTIVE
263712.16,4665851.70,1935.6,ID101410077,ROCKY MOUNTAIN 3D,M,Active,5.0,ACTIVE
251982.52,4712538.61,1257.1,ID105243077,Bonneville,P,Filed,10.5,ACTIVE
263799.38,4668258.93,2151.8,ID101484125,ROCK GARDEN QUARRY 6,P,Active,10.0,ACTIVE
263799.38,4668258.93,2151.8,ID101487806,ROCK GARDEN QUARRY 7,P,Active,10.0,ACTIVE
263799.38,4668258.93,2151.8,ID101433486,ROCK GARDEN QUARRY 8,P,Active,10.0,ACTIVE
263799.38,4668258.93,2151.8,ID101480668,ROCK GARDEN QUARRY 9,P,Active,10.0,ACTIVE
263988.84,4671742.22,1874.4,ID101431536,MIDDLE MOUNTAIN 1,P,Active,160.0,ACTIVE
263799.38,4668258.93,2151.8,ID101473233,FREEMAN WHITTLE #20,P,Active,19.79,ACTIVE
263799.38,4668258.93,2151.8,ID101473234,FREEMAN WHITTLE #19,P,Active,20.0,ACTIVE
263924.02,4671411.99,1884.1,ID101516374,MIDDLE MOUNTAIN 3,P,Active,20.0,ACTIVE
263924.02,4671411.99,1884.1,ID101516375,MIDDLE MOUNTAIN 4,P,Active,20.0,ACTIVE
263799.38,4668258.93,2151.8,ID101378211,ROCK GARDEN #1,P,Active,20.0,ACTIVE
263799.38,4668258.93,2151.8,ID101356602,ROCK GARDEN #2,P,Active,20.0,ACTIVE
263799.38,4668258.93,2151.8,ID101481653,ROCK GARDEN #3,P,Active,20.0,ACTIVE
263799.38,4668258.93,2151.8,ID101481632,ROCK GARDEN #4,P,Active,18.75,ACTIVE
263799.38,4668258.93,2151.8,ID101434466,ROCK GARDEN #5,P,Active,11.34,ACTIVE
263009.55,4667483.89,1888.8,ID101476438,ROCKY MOUNTAIN #74,P,Active,10.0,ACTIVE
263640.50,4665095.92,1907.0,ID101476439,ROCKY MOUNTAIN #40,P,Active,20.0,ACTIVE
263640.50,4665095.92,1907.0,ID101476440,ROCKY MOUNTAIN #45,P,Active,20.0,ACTIVE
263640.50,4665095.92,1907.0,ID101476441,ROCKY MOUNTAIN #46,P,Active,20.0,ACTIVE
263785.76,4667036.52,2036.2,ID101885204,TROUTNER #1,P,Active,20.0,ACTIVE
272656.72,4668601.51,2234.1,ID101357010,STAR STONE 15,P,Active,20.0,ACTIVE
272656.72,4668601.51,2234.1,ID101357011,STAR STONE 16,P,Active,20.0,ACTIVE
272635.65,4667896.32,2231.3,ID101357012,STAR STONE 17,P,Active,20.0,ACTIVE
272635.65,4667896.32,2231.3,ID101357013,STAR STONE 18,P,Active,20.0,ACTIVE
272635.65,4667896.32,2231.3,ID101357014,STAR STONE 19,P,Active,20.0,ACTIVE
272635.65,4667896.32,2231.3,ID101358001,STAR STONE 20,P,Active,20.0,ACTIVE
272635.65,4667896.32,2231.3,ID101358002,STAR STONE 21,P,Active,20.0,ACTIVE
272635.65,4667896.32,2231.3,ID101358003,STAR STONE 22,P,Active,20.0,ACTIVE
272635.65,4667896.32,2231.3,ID101358004,STAR STONE 23,P,Active,20.0,ACTIVE
272635.65,4667896.32,2231.3,ID101358005,STAR STONE 24,P,Active,20.0,ACTIVE
263799.38,4668258.93,2151.8,ID101788190,RG 5,P,Active,1.25,ACTIVE
263799.38,4668258.93,2151.8,ID101788191,RG 6,P,Active,5.0,ACTIVE
263799.38,4668258.93,2151.8,ID101788192,RG 6 1/2,P,Active,5.0,ACTIVE
263799.38,4668258.93,2151.8,ID101648176,WHITTLE 19,P,Active,20.0,ACTIVE
249849.15,4712977.51,1210.1,ID101579302,PAUL'S POCKET,P,Filed,17.0,ACTIVE
266907.54,4664202.48,2448.4,ID106318725,Black Slate No 1,P,Active,160.0,ACTIVE
266907.54,4664202.48,2448.4,ID106318726,Black Slate No 2,P,Active,160.0,ACTIVE
331568.52,4659789.38,1793.6,ID106382019,BPP-1,P,Filed,1179.5,ACTIVE
331631.99,4660577.79,1811.0,ID106382020,BPP-2,P,Filed,1179.5,ACTIVE
331631.99,4660577.79,1811.0,ID106382021,BPP-3,P,Filed,1344.24,ACTIVE
331631.99,4660577.79,1811.0,ID106382022,BPP-4,P,Filed,1344.24,ACTIVE
331568.52,4659789.38,1793.6,ID106382023,BPP-5,P,Filed,160.0,ACTIVE
331568.52,4659789.38,1793.6,ID106382024,BPP-6,P,Filed,160.0,ACTIVE
332414.75,4660533.64,1728.5,ID106382025,BPP-7,P,Filed,105.0,ACTIVE
332414.75,4660533.64,1728.5,ID106382026,BPP-8,P,Filed,105.0,ACTIVE
332396.78,4659915.24,1702.5,ID106382027,BPP-9,P,Filed,160.0,ACTIVE
332396.78,4659915.24,1702.5,ID106382028,BPP-10,P,Filed,160.0,ACTIVE
332396.78,4659915.24,1702.5,ID106382029,BPP-11,P,Filed,265.0,ACTIVE
261002.30,4664224.20,1779.1,ID106702038,OKY416,L,Filed,160.0,ACTIVE
261731.60,4662107.31,1988.4,ID106702039,OKY419,L,Filed,80.0,ACTIVE
261002.30,4664224.20,1779.1,ID106702040,OKY417,L,Filed,160.0,ACTIVE
260970.73,4663340.34,1883.0,ID106702041,OKY418,L,Filed,160.0,ACTIVE
261010.14,4662130.56,1801.6,ID106702042,OKY420,L,Filed,1386.74,ACTIVE
261809.29,4661881.24,2057.2,ID106702043,OKY421,L,Filed,9.37,ACTIVE
261731.60,4662107.31,1988.4,ID106702044,OKY422,L,Filed,1346.74,ACTIVE
263137.01,4661115.13,2396.3,ID106702045,OKY423,L,Filed,1550.39,ACTIVE
263698.51,4660293.71,2372.2,ID106702046,OKY425,L,Filed,277.63,ACTIVE
260335.63,4656741.55,1780.0,ID106702047,OKY440,L,Filed,80.0,ACTIVE
264179.30,4660277.65,2235.5,ID106702048,OKY426,L,Filed,555.26,ACTIVE
264179.30,4660277.65,2235.5,ID106702049,OKY427,L,Filed,160.0,ACTIVE
260026.05,4657170.04,1699.6,ID106702050,OKY436,L,Filed,160.0,ACTIVE
260865.95,4659997.61,1783.1,ID106702051,OKY429,L,Filed,160.0,ACTIVE
260501.09,4658887.12,1742.5,ID106702052,OKY430,L,Filed,160.0,ACTIVE
260399.70,4658389.17,1735.1,ID106702053,OKY431,L,Filed,160.0,ACTIVE
259989.44,4658411.96,1699.5,ID106702054,OKY432,L,Filed,80.0,ACTIVE
259989.44,4658411.96,1699.5,ID106702055,OKY433,L,Filed,160.0,ACTIVE
260041.53,4657577.52,1706.6,ID106702056,OKY434,L,Filed,80.0,ACTIVE
260041.53,4657577.52,1706.6,ID106702057,OKY435,L,Filed,80.0,ACTIVE
260026.05,4657170.04,1699.6,ID106702058,OKY437,L,Filed,80.0,ACTIVE
259522.96,4656804.68,1764.2,ID106702059,OKY438,L,Filed,120.0,ACTIVE
259995.41,4656363.97,1768.6,ID106702060,OKY439,L,Filed,120.0,ACTIVE
260865.95,4659997.61,1783.1,ID106702061,OKY428,L,Filed,160.0,ACTIVE
263376.61,4660304.47,2405.2,ID106714278,OKY 424,L,Filed,555.26,ACTIVE
257924.62,4664421.30,1624.9,ID106736232,Cold Comfort,P,Filed,20.0,ACTIVE
254443.01,4655434.81,1559.9,ID106736233,Pete's Sake,L,Filed,20.66,ACTIVE
242212.50,4709942.44,1223.4,ID106771219,West Cauldron,P,Filed,20.0,ACTIVE
277471.49,4685048.01,2134.6,ID106770427,Green Mountain,L,Filed,20.66,ACTIVE
330994.92,4659098.69,1844.9,ID106770559,BPP-30,P,Filed,20.0,ACTIVE
329537.33,4660689.10,2339.0,ID106770566,BPP-37,P,Filed,20.0,ACTIVE
330688.96,4661981.31,1972.9,ID106770569,BPP-40,P,Filed,20.0,ACTIVE
330684.15,4661780.33,2048.6,ID106770572,BPP-43,P,Filed,20.0,ACTIVE
331441.69,4659295.78,1857.7,ID106770558,BPP-29,P,Filed,11.48,ACTIVE
330468.71,4661182.21,2206.7,ID106770561,BPP-32,P,Filed,20.0,ACTIVE
330287.05,4661992.06,2087.2,ID106770568,BPP-39,P,Filed,20.0,ACTIVE
331444.90,4659951.20,1814.2,ID106770543,BPP-14,P,Filed,20.0,ACTIVE
330728.90,4660054.96,1957.6,ID106770547,BPP-18,P,Filed,20.0,ACTIVE
331523.42,4659633.80,1810.7,ID106770554,BPP-25,P,Filed,20.0,ACTIVE
330636.68,4659315.02,1924.4,ID106770555,BPP-26,P,Filed,11.65,ACTIVE
330738.52,4660456.92,1982.9,ID106770544,BPP-15,P,Filed,20.0,ACTIVE
330929.92,4660050.15,1914.1,ID106770548,BPP-19,P,Filed,20.0,ACTIVE
331322.38,4659638.60,1817.9,ID106770553,BPP-24,P,Filed,20.0,ACTIVE
329963.53,4661684.31,2195.1,ID106770570,BPP-41,P,Filed,20.0,ACTIVE
330748.14,4660858.88,2058.9,ID106770564,BPP-35,P,Filed,20.0,ACTIVE
330346.16,4660869.62,2157.5,ID106770562,BPP-33,P,Filed,20.0,ACTIVE
330282.22,4661791.08,2065.5,ID106770571,BPP-42,P,Filed,20.0,ACTIVE
331429.66,4660527.06,1872.0,ID106770541,BPP-12,P,Filed,20.0,ACTIVE
331121.35,4659643.39,1844.9,ID106770552,BPP-23,P,Filed,20.0,ACTIVE
331316.64,4659085.45,1817.3,ID106770560,BPP-31,P,Filed,20.0,ACTIVE
330719.27,4659653.01,1939.9,ID106770550,BPP-21,P,Filed,20.0,ACTIVE
330358.53,4658728.40,1924.6,ID106770556,BPP-27,P,Filed,11.54,ACTIVE
330547.17,4660864.80,2089.8,ID106770563,BPP-34,P,Filed,20.0,ACTIVE
330679.33,4661579.35,2159.8,ID106770574,BPP-45,P,Filed,20.0,ACTIVE
331336.08,4660212.66,1837.7,ID106770542,BPP-13,P,Filed,20.0,ACTIVE
330939.53,4660452.11,1947.6,ID106770545,BPP-16,P,Filed,20.0,ACTIVE
331130.95,4660045.35,1862.9,ID106770549,BPP-20,P,Filed,20.0,ACTIVE
330692.95,4662182.31,2036.7,ID106770567,BPP-38,P,Filed,20.0,ACTIVE
330277.39,4661590.11,2160.7,ID106770573,BPP-44,P,Filed,20.0,ACTIVE
329547.03,4661091.06,2360.0,ID106770565,BPP-36,P,Filed,20.0,ACTIVE
330336.52,4660467.67,2095.5,ID106770546,BPP-17,P,Filed,20.0,ACTIVE
330920.31,4659648.20,1876.4,ID106770551,BPP-22,P,Filed,20.0,ACTIVE
330358.53,4658728.40,1924.6,ID106770557,BPP-28,P,Filed,11.54,ACTIVE
260328.23,4652233.81,1800.3,UT106777002,GC-1,L,Filed,20.66,ACTIVE
260813.32,4652107.37,1868.5,UT106777009,GC-8,L,Filed,20.66,ACTIVE
261205.63,4652156.40,1919.1,UT106777019,GC-18,L,Filed,20.66,ACTIVE
261552.23,4652153.63,1971.3,UT106777027,GC-26,L,Filed,20.66,ACTIVE
260789.77,4651729.08,1899.1,UT106777012,GC-11,L,Filed,20.66,ACTIVE
261205.63,4652156.40,1919.1,UT106777020,GC-19,L,Filed,20.66,ACTIVE
261670.80,4652744.40,1988.3,UT106777026,GC-25,L,Filed,20.66,ACTIVE
261550.49,4651805.73,1976.3,UT106777030,GC-29,L,Filed,20.66,ACTIVE
261733.29,4652802.33,1996.5,UT106777008,GC-7,L,Filed,20.66,ACTIVE
260813.32,4652107.37,1868.5,UT106777011,GC-10,L,Filed,20.66,ACTIVE
260315.38,4651902.96,1832.9,UT106777003,GC-2,L,Filed,20.66,ACTIVE
260813.32,4652107.37,1868.5,UT106777010,GC-9,L,Filed,20.66,ACTIVE
261733.29,4652802.33,1996.5,UT106777017,GC-16,L,Filed,20.66,ACTIVE
261552.23,4652153.63,1971.3,UT106777028,GC-27,L,Filed,20.66,ACTIVE
261552.23,4652153.63,1971.3,UT106777029,GC-28,L,Filed,20.66,ACTIVE
261205.63,4652156.40,1919.1,UT106777018,GC-17,L,Filed,20.66,ACTIVE
261223.45,4651798.95,1997.4,UT106777021,GC-20,L,Filed,20.66,ACTIVE
282017.50,4675464.05,2430.6,ID106771815,LAST CHANCE #25,L,Filed,20.66,ACTIVE
282189.61,4675470.94,2437.4,ID106771816,LAST CHANCE #26,L,Filed,20.66,ACTIVE
282418.76,4675451.63,2450.2,ID106771817,LAST CHANCE #27,L,Filed,20.66,ACTIVE
260328.23,4652233.81,1800.3,UT106787137,GC-36,L,Filed,20.66,ACTIVE
259660.29,4652324.24,1853.4,UT106787150,GC-49,L,Filed,20.66,ACTIVE
260328.23,4652233.81,1800.3,UT106787135,GC-34,L,Filed,20.66,ACTIVE
259986.76,4651947.43,1904.4,UT106787142,GC-41,L,Filed,20.66,ACTIVE
260038.45,4652298.09,1838.7,UT106787140,GC-39,L,Filed,20.66,ACTIVE
259110.00,4652386.27,1780.5,UT106787147,GC-46,L,Filed,20.66,ACTIVE
259610.09,4651993.54,1855.4,UT106787151,GC-50,L,Filed,20.66,ACTIVE
282358.25,4673440.57,2337.5,ID106771823,LAST CHANCE # 33,L,Filed,20.66,ACTIVE
259660.29,4652324.24,1853.4,UT106787148,GC-47,L,Filed,20.66,ACTIVE
260328.23,4652233.81,1800.3,UT106787136,GC-35,L,Filed,20.66,ACTIVE
259572.32,4652836.39,1797.7,UT106787138,GC-37,L,Filed,20.66,ACTIVE
260038.45,4652298.09,1838.7,UT106787141,GC-40,L,Filed,20.66,ACTIVE
259180.11,4652301.62,1773.3,UT106787149,GC-48,L,Filed,20.66,ACTIVE
281956.04,4673453.01,2499.9,ID106771821,LAST CHANCE # 31,L,Filed,20.66,ACTIVE
281974.38,4673671.41,2448.5,ID106771822,LAST CHANCE #32,L,Filed,20.66,ACTIVE
282925.78,4674687.93,2571.1,ID106771819,LAST CHANCE # 29,L,Filed,20.66,ACTIVE
260038.45,4652298.09,1838.7,UT106787139,GC-38,L,Filed,20.66,ACTIVE
283003.94,4674327.62,2425.2,ID106771820,LAST CHANCE # 30,L,Filed,20.66,ACTIVE
283132.35,4674337.00,2434.8,ID106810615,Last Chance #41,L,Filed,20.66,ACTIVE
282761.41,4673485.91,2193.4,ID106810612,Last Chance #38,L,Filed,20.66,ACTIVE
282820.86,4675439.21,2477.8,ID106810610,Last Chance #36,L,Filed,20.66,ACTIVE
282576.41,4673491.62,2235.5,ID106810611,Last Chance #37,L,Filed,20.66,ACTIVE
282992.38,4673925.61,2292.4,ID106810617,Last Chance #43,L,Filed,20.66,ACTIVE
282591.70,4675458.51,2458.9,ID106810608,Last Chance #34,L,Filed,20.66,ACTIVE
283025.99,4675042.74,2626.8,ID106810614,Last Chance #40,L,Filed,20.66,ACTIVE
282979.99,4673523.63,2162.1,ID106810613,Last Chance #39,L,Filed,20.66,ACTIVE
282820.86,4675439.21,2477.8,ID106810609,Last Chance #35,L,Filed,20.66,ACTIVE
283186.60,4674219.73,2387.1,ID106810616,Last Chance #42,L,Filed,20.66,ACTIVE
