{
 "type": "FeatureCollection",
 "features": [
  {
   "type": "Feature",
   "geometry": {
    "type": "Polygon",
    "coordinates": [
     [
      [
       -113.547873,
       42.564918
      ],
      [
       -113.548101,
       42.564875
      ],
      [
       -113.551813,
       42.564904
      ],
      [
       -113.551857,
       42.565793
      ],
      [
       -113.551951,
       42.567674
      ],
      [
       -113.55197,
       42.568073
      ],
      [
       -113.551927,
       42.568073
      ],
      [
       -113.5506,
       42.568073
      ],
      [
       -113.549343,
       42.567831
      ],
      [
       -113.546988,
       42.567517
      ],
      [
       -113.546774,
       42.567345
      ],
      [
       -113.546174,
       42.566874
      ],
      [
       -113.545874,
       42.566674
      ],
      [
       -113.545788,
       42.566403
      ],
      [
       -113.545689,
       42.565618
      ],
      [
       -113.545674,
       42.56509
      ],
      [
       -113.546088,
       42.564933
      ],
      [
       -113.547873,
       42.564918
      ]
     ]
    ]
   },
   "properties": {
    "ftr_type": "Borrow Pit",
    "ftr_name": null,
    "topo_name": "Rupert SE",
    "topo_date": 1978,
    "topo_scale": "24000",
    "state": "ID",
    "county": "Cassia",
    "remarks": "Feature designated as Borrow Pit from feature on 1964 map.",
    "gda_id": 5435075,
    "scanid": 237976
   }
  },
  {
   "type": "Feature",
   "geometry": {
    "type": "Polygon",
    "coordinates": [
     [
      [
       -113.372637,
       42.465967
      ],
      [
       -113.372544,
       42.465867
      ],
      [
       -113.37258,
       42.465753
      ],
      [
       -113.372708,
       42.465581
      ],
      [
       -113.372794,
       42.465481
      ],
      [
       -113.372908,
       42.465339
      ],
      [
       -113.373893,
       42.46531
      ],
      [
       -113.373958,
       42.465353
      ],
      [
       -113.373929,
       42.46541
      ],
      [
       -113.373858,
       42.465446
      ],
      [
       -113.373808,
       42.46551
      ],
      [
       -113.373786,
       42.465567
      ],
      [
       -113.373793,
       42.465774
      ],
      [
       -113.373786,
       42.465867
      ],
      [
       -113.373729,
       42.465917
      ],
      [
       -113.373644,
       42.46596
      ],
      [
       -113.373544,
       42.465981
      ],
      [
       -113.373072,
       42.465953
      ],
      [
       -113.37273,
       42.465981
      ],
      [
       -113.372637,
       42.465967
      ]
     ]
    ]
   },
   "properties": {
    "ftr_type": "Borrow Pit",
    "ftr_name": null,
    "topo_name": "Malta NE",
    "topo_date": 1968,
    "topo_scale": "24000",
    "state": "ID",
    "county": "Cassia",
    "remarks": null,
    "gda_id": 5433470,
    "scanid": 237023
   }
  },
  {
   "type": "Feature",
   "geometry": {
    "type": "Polygon",
    "coordinates": [
     [
      [
       -113.350684,
       42.458561
      ],
      [
       -113.353001,
       42.458494
      ],
      [
       -113.353058,
       42.458528
      ],
      [
       -113.353115,
       42.45857
      ],
      [
       -113.353144,
       42.458666
      ],
      [
       -113.353101,
       42.45868
      ],
      [
       -113.353035,
       42.45868
      ],
      [
       -113.350603,
       42.458766
      ],
      [
       -113.350531,
       42.458737
      ],
      [
       -113.350517,
       42.458656
      ],
      [
       -113.35056,
       42.458594
      ],
      [
       -113.350641,
       42.458566
      ],
      [
       -113.350684,
       42.458561
      ]
     ]
    ]
   },
   "properties": {
    "ftr_type": "Borrow Pit",
    "ftr_name": null,
    "topo_name": "Malta NE",
    "topo_date": 1968,
    "topo_scale": "24000",
    "state": "ID",
    "county": "Cassia",
    "remarks": null,
    "gda_id": 5433470,
    "scanid": 237023
   }
  },
  {
   "type": "Feature",
   "geometry": {
    "type": "Polygon",
    "coordinates": [
     [
      [
       -113.506485,
       42.567761
      ],
      [
       -113.50915,
       42.567297
      ],
      [
       -113.508828,
       42.570664
      ],
      [
       -113.507329,
       42.570878
      ],
      [
       -113.506485,
       42.567761
      ]
     ]
    ]
   },
   "properties": {
    "ftr_type": "Borrow Pit",
    "ftr_name": null,
    "topo_name": "Rupert SE",
    "topo_date": 1978,
    "topo_scale": "24000",
    "state": "ID",
    "county": "Cassia",
    "remarks": "Feature designated as Borrow Pit from feature on 1964 map.",
    "gda_id": 5435075,
    "scanid": 237976
   }
  },
  {
   "type": "Feature",
   "geometry": {
    "type": "Polygon",
    "coordinates": [
     [
      [
       -113.302189,
       42.402099
      ],
      [
       -113.302236,
       42.402052
      ],
      [
       -113.302589,
       42.402185
      ],
      [
       -113.303122,
       42.402613
      ],
      [
       -113.303959,
       42.403422
      ],
      [
       -113.303997,
       42.403517
      ],
      [
       -113.303959,
       42.403594
      ],
      [
       -113.303807,
       42.403622
      ],
      [
       -113.303693,
       42.403603
      ],
      [
       -113.303293,
       42.403203
      ],
      [
       -113.303045,
       42.402965
      ],
      [
       -113.302731,
       42.402718
      ],
      [
       -113.302265,
       42.402394
      ],
      [
       -113.30217,
       42.40229
      ],
      [
       -113.30216,
       42.402166
      ],
      [
       -113.302189,
       42.402099
      ]
     ]
    ]
   },
   "properties": {
    "ftr_type": "Borrow Pit",
    "ftr_name": null,
    "topo_name": "Malta NE",
    "topo_date": 1968,
    "topo_scale": "24000",
    "state": "ID",
    "county": "Cassia",
    "remarks": null,
    "gda_id": 5433470,
    "scanid": 237023
   }
  },
  {
   "type": "Feature",
   "geometry": {
    "type": "Polygon",
    "coordinates": [
     [
      [
       -113.276684,
       42.380292
      ],
      [
       -113.276747,
       42.380254
      ],
      [
       -113.276851,
       42.380266
      ],
      [
       -113.276901,
       42.380286
      ],
      [
       -113.277615,
       42.380896
      ],
      [
       -113.277693,
       42.380959
      ],
      [
       -113.278273,
       42.381449
      ],
      [
       -113.278332,
       42.381571
      ],
      [
       -113.278299,
       42.381666
      ],
      [
       -113.278213,
       42.381708
      ],
      [
       -113.278061,
       42.381681
      ],
      [
       -113.277452,
       42.381128
      ],
      [
       -113.276717,
       42.380426
      ],
      [
       -113.276678,
       42.380373
      ],
      [
       -113.276684,
       42.380292
      ]
     ]
    ]
   },
   "properties": {
    "ftr_type": "Borrow Pit",
    "ftr_name": null,
    "topo_name": "Malta NE",
    "topo_date": 1968,
    "topo_scale": "24000",
    "state": "ID",
    "county": "Cassia",
    "remarks": null,
    "gda_id": 5433470,
    "scanid": 237023
   }
  },
  {
   "type": "Feature",
   "geometry": {
    "type": "Polygon",
    "coordinates": [
     [
      [
       -113.525402,
       42.568
      ],
      [
       -113.524731,
       42.567928
      ],
      [
       -113.524503,
       42.567928
      ],
      [
       -113.524346,
       42.567928
      ],
      [
       -113.52416,
       42.567714
      ],
      [
       -113.523832,
       42.567372
      ],
      [
       -113.523618,
       42.567172
      ],
      [
       -113.523075,
       42.566715
      ],
      [
       -113.522775,
       42.566486
      ],
      [
       -113.522147,
       42.565872
      ],
      [
       -113.52209,
       42.56573
      ],
      [
       -113.52209,
       42.565573
      ],
      [
       -113.522262,
       42.565458
      ],
      [
       -113.522447,
       42.565444
      ],
      [
       -113.523104,
       42.565087
      ],
      [
       -113.523732,
       42.56483
      ],
      [
       -113.524303,
       42.564702
      ],
      [
       -113.525031,
       42.564602
      ],
      [
       -113.525188,
       42.564688
      ],
      [
       -113.52526,
       42.56493
      ],
      [
       -113.525374,
       42.565273
      ],
      [
       -113.525374,
       42.565473
      ],
      [
       -113.52536,
       42.565615
      ],
      [
       -113.525474,
       42.565744
      ],
      [
       -113.525602,
       42.565987
      ],
      [
       -113.525617,
       42.566072
      ],
      [
       -113.525645,
       42.566129
      ],
      [
       -113.525816,
       42.566272
      ],
      [
       -113.526045,
       42.566601
      ],
      [
       -113.526159,
       42.566886
      ],
      [
       -113.526273,
       42.567072
      ],
      [
       -113.52633,
       42.567357
      ],
      [
       -113.526288,
       42.567643
      ],
      [
       -113.526273,
       42.567757
      ],
      [
       -113.526359,
       42.567857
      ],
      [
       -113.526373,
       42.567957
      ],
      [
       -113.525973,
       42.568043
      ],
      [
       -113.525402,
       42.568
      ]
     ]
    ]
   },
   "properties": {
    "ftr_type": "Borrow Pit",
    "ftr_name": null,
    "topo_name": "Rupert SE",
    "topo_date": 1978,
    "topo_scale": "24000",
    "state": "ID",
    "county": "Cassia",
    "remarks": "Feature designated as Borrow Pit from feature on 1964 map.",
    "gda_id": 5435075,
    "scanid": 237976
   }
  },
  {
   "type": "Feature",
   "geometry": {
    "type": "Polygon",
    "coordinates": [
     [
      [
       -113.793297,
       42.256744
      ],
      [
       -113.793314,
       42.256709
      ],
      [
       -113.793649,
       42.256718
      ],
      [
       -113.793775,
       42.256744
      ],
      [
       -113.793932,
       42.256768
      ],
      [
       -113.794027,
       42.256832
      ],
      [
       -113.794073,
       42.256904
      ],
      [
       -113.794061,
       42.256963
      ],
      [
       -113.794025,
       42.257004
      ],
      [
       -113.793899,
       42.257025
      ],
      [
       -113.793754,
       42.257011
      ],
      [
       -113.793661,
       42.256939
      ],
      [
       -113.793461,
       42.256839
      ],
      [
       -113.793297,
       42.256744
      ]
     ]
    ]
   },
   "properties": {
    "ftr_type": "Borrow Pit",
    "ftr_name": null,
    "topo_name": "Marion SE",
    "topo_date": 1968,
    "topo_scale": "24000",
    "state": "ID",
    "county": "Cassia",
    "remarks": null,
    "gda_id": 5433506,
    "scanid": 237049
   }
  },
  {
   "type": "Feature",
   "geometry": {
    "type": "Polygon",
    "coordinates": [
     [
      [
       -113.613751,
       42.569091
      ],
      [
       -113.620376,
       42.569034
      ],
      [
       -113.620561,
       42.569077
      ],
      [
       -113.620732,
       42.56922
      ],
      [
       -113.620732,
       42.569348
      ],
      [
       -113.620761,
       42.569491
      ],
      [
       -113.620775,
       42.569563
      ],
      [
       -113.620775,
       42.56972
      ],
      [
       -113.620975,
       42.569877
      ],
      [
       -113.621061,
       42.570119
      ],
      [
       -113.621204,
       42.570319
      ],
      [
       -113.621304,
       42.570462
      ],
      [
       -113.621304,
       42.570719
      ],
      [
       -113.621118,
       42.57089
      ],
      [
       -113.621089,
       42.571047
      ],
      [
       -113.620961,
       42.571219
      ],
      [
       -113.620818,
       42.571319
      ],
      [
       -113.620775,
       42.57159
      ],
      [
       -113.620547,
       42.571932
      ],
      [
       -113.62049,
       42.57209
      ],
      [
       -113.620433,
       42.572289
      ],
      [
       -113.62029,
       42.572404
      ],
      [
       -113.620233,
       42.572461
      ],
      [
       -113.613723,
       42.572489
      ],
      [
       -113.613751,
       42.569091
      ]
     ]
    ]
   },
   "properties": {
    "ftr_type": "Borrow Pit",
    "ftr_name": null,
    "topo_name": "Rupert SE",
    "topo_date": 1978,
    "topo_scale": "24000",
    "state": "ID",
    "county": "Cassia",
    "remarks": "Feature designated as Borrow Pit from feature on 1964 map.",
    "gda_id": 5435075,
    "scanid": 237976
   }
  },
  {
   "type": "Feature",
   "geometry": {
    "type": "Polygon",
    "coordinates": [
     [
      [
       -113.291367,
       42.39298
      ],
      [
       -113.291491,
       42.392955
      ],
      [
       -113.29167,
       42.393033
      ],
      [
       -113.292123,
       42.393419
      ],
      [
       -113.292519,
       42.393822
      ],
      [
       -113.292709,
       42.394036
      ],
      [
       -113.292709,
       42.394107
      ],
      [
       -113.292651,
       42.394143
      ],
      [
       -113.292541,
       42.394143
      ],
      [
       -113.29238,
       42.394057
      ],
      [
       -113.292159,
       42.393883
      ],
      [
       -113.291952,
       42.393679
      ],
      [
       -113.291852,
       42.393576
      ],
      [
       -113.291591,
       42.393376
      ],
      [
       -113.291342,
       42.393212
      ],
      [
       -113.291302,
       42.393108
      ],
      [
       -113.29132,
       42.393026
      ],
      [
       -113.291367,
       42.39298
      ]
     ]
    ]
   },
   "properties": {
    "ftr_type": "Borrow Pit",
    "ftr_name": null,
    "topo_name": "Malta NE",
    "topo_date": 1968,
    "topo_scale": "24000",
    "state": "ID",
    "county": "Cassia",
    "remarks": null,
    "gda_id": 5433470,
    "scanid": 237023
   }
  },
  {
   "type": "Feature",
   "geometry": {
    "type": "Polygon",
    "coordinates": [
     [
      [
       -113.355166,
       42.438251
      ],
      [
       -113.355373,
       42.438222
      ],
      [
       -113.355544,
       42.438251
      ],
      [
       -113.355609,
       42.438301
      ],
      [
       -113.355709,
       42.438436
      ],
      [
       -113.355837,
       42.438572
      ],
      [
       -113.356044,
       42.438722
      ],
      [
       -113.356051,
       42.43885
      ],
      [
       -113.356151,
       42.440192
      ],
      [
       -113.356194,
       42.440678
      ],
      [
       -113.356144,
       42.440749
      ],
      [
       -113.356023,
       42.440756
      ],
      [
       -113.355202,
       42.440735
      ],
      [
       -113.35508,
       42.440699
      ],
      [
       -113.355038,
       42.440664
      ],
      [
       -113.355038,
       42.440628
      ],
      [
       -113.355066,
       42.438408
      ],
      [
       -113.355095,
       42.438315
      ],
      [
       -113.355166,
       42.438251
      ]
     ]
    ]
   },
   "properties": {
    "ftr_type": "Borrow Pit",
    "ftr_name": null,
    "topo_name": "Malta NE",
    "topo_date": 1968,
    "topo_scale": "24000",
    "state": "ID",
    "county": "Cassia",
    "remarks": null,
    "gda_id": 5433470,
    "scanid": 237023
   }
  },
  {
   "type": "Feature",
   "geometry": {
    "type": "Polygon",
    "coordinates": [
     [
      [
       -113.680255,
       42.473516
      ],
      [
       -113.680496,
       42.473483
      ],
      [
       -113.680597,
       42.47354
      ],
      [
       -113.680609,
       42.473668
      ],
      [
       -113.680478,
       42.473817
      ],
      [
       -113.680285,
       42.473846
      ],
      [
       -113.680112,
       42.473903
      ],
      [
       -113.680017,
       42.473867
      ],
      [
       -113.679982,
       42.473748
      ],
      [
       -113.680041,
       42.473602
      ],
      [
       -113.680255,
       42.473516
      ]
     ]
    ]
   },
   "properties": {
    "ftr_type": "Borrow Pit",
    "ftr_name": null,
    "topo_name": "View",
    "topo_date": 1964,
    "topo_scale": "24000",
    "state": "ID",
    "county": "Cassia",
    "remarks": null,
    "gda_id": 5436182,
    "scanid": 238636
   }
  },
  {
   "type": "Feature",
   "geometry": {
    "type": "Polygon",
    "coordinates": [
     [
      [
       -113.950734,
       42.352185
      ],
      [
       -113.950738,
       42.351285
      ],
      [
       -113.951148,
       42.351303
      ],
      [
       -113.951148,
       42.351742
      ],
      [
       -113.951077,
       42.351771
      ],
      [
       -113.95108,
       42.352246
      ],
      [
       -113.950823,
       42.352256
      ],
      [
       -113.950734,
       42.352185
      ]
     ]
    ]
   },
   "properties": {
    "ftr_type": "Borrow Pit",
    "ftr_name": null,
    "topo_name": "Marion",
    "topo_date": 1968,
    "topo_scale": "24000",
    "state": "ID",
    "county": "Cassia",
    "remarks": null,
    "gda_id": 5433510,
    "scanid": 237048
   }
  },
  {
   "type": "Feature",
   "geometry": {
    "type": "Polygon",
    "coordinates": [
     [
      [
       -113.530973,
       42.566886
      ],
      [
       -113.532103,
       42.566827
      ],
      [
       -113.533162,
       42.56691
      ],
      [
       -113.533483,
       42.566922
      ],
      [
       -113.533745,
       42.567005
      ],
      [
       -113.533983,
       42.567136
      ],
      [
       -113.534114,
       42.567195
      ],
      [
       -113.53428,
       42.567255
      ],
      [
       -113.534268,
       42.5676
      ],
      [
       -113.53434,
       42.567945
      ],
      [
       -113.534114,
       42.568052
      ],
      [
       -113.533911,
       42.568123
      ],
      [
       -113.533852,
       42.568278
      ],
      [
       -113.533852,
       42.568326
      ],
      [
       -113.533888,
       42.568468
      ],
      [
       -113.532888,
       42.568504
      ],
      [
       -113.532246,
       42.568599
      ],
      [
       -113.53133,
       42.568599
      ],
      [
       -113.530366,
       42.568635
      ],
      [
       -113.529616,
       42.568754
      ],
      [
       -113.529497,
       42.568766
      ],
      [
       -113.529462,
       42.5671
      ],
      [
       -113.529866,
       42.567005
      ],
      [
       -113.530973,
       42.566886
      ]
     ]
    ]
   },
   "properties": {
    "ftr_type": "Borrow Pit",
    "ftr_name": null,
    "topo_name": "Rupert SE",
    "topo_date": 1978,
    "topo_scale": "24000",
    "state": "ID",
    "county": "Cassia",
    "remarks": "Feature designated as Borrow Pit from feature on 1964 map.",
    "gda_id": 5435075,
    "scanid": 237976
   }
  },
  {
   "type": "Feature",
   "geometry": {
    "type": "Polygon",
    "coordinates": [
     [
      [
       -113.840848,
       42.527486
      ],
      [
       -113.840829,
       42.526471
      ],
      [
       -113.842762,
       42.52649
      ],
      [
       -113.84285,
       42.526851
      ],
      [
       -113.845095,
       42.527554
      ],
      [
       -113.847253,
       42.527681
      ],
      [
       -113.847956,
       42.527701
      ],
      [
       -113.847712,
       42.532973
      ],
      [
       -113.839325,
       42.532709
      ],
      [
       -113.839325,
       42.532084
      ],
      [
       -113.8383,
       42.532036
      ],
      [
       -113.836914,
       42.531958
      ],
      [
       -113.836933,
       42.529976
      ],
      [
       -113.840819,
       42.529956
      ],
      [
       -113.840829,
       42.529536
      ],
      [
       -113.84079,
       42.528335
      ],
      [
       -113.840848,
       42.527486
      ]
     ]
    ]
   },
   "properties": {
    "ftr_type": "Disturbed Surface",
    "ftr_name": null,
    "topo_name": "Burley SE",
    "topo_date": 1978,
    "topo_scale": "24000",
    "state": "ID",
    "county": "Cassia",
    "remarks": null,
    "gda_id": 5430962,
    "scanid": 235515
   }
  },
  {
   "type": "Feature",
   "geometry": {
    "type": "Polygon",
    "coordinates": [
     [
      [
       -113.818978,
       42.524542
      ],
      [
       -113.82133,
       42.524512
      ],
      [
       -113.823386,
       42.524519
      ],
      [
       -113.823402,
       42.526507
      ],
      [
       -113.823394,
       42.530032
      ],
      [
       -113.819396,
       42.529933
      ],
      [
       -113.819229,
       42.52956
      ],
      [
       -113.819237,
       42.529309
      ],
      [
       -113.819077,
       42.529065
      ],
      [
       -113.818787,
       42.528669
      ],
      [
       -113.818825,
       42.528425
      ],
      [
       -113.818886,
       42.528113
      ],
      [
       -113.818803,
       42.527405
      ],
      [
       -113.818688,
       42.526986
      ],
      [
       -113.818825,
       42.526476
      ],
      [
       -113.819008,
       42.52589
      ],
      [
       -113.818978,
       42.525524
      ],
      [
       -113.818902,
       42.524961
      ],
      [
       -113.818978,
       42.524542
      ]
     ]
    ]
   },
   "properties": {
    "ftr_type": "Disturbed Surface",
    "ftr_name": null,
    "topo_name": "Burley SE",
    "topo_date": 1978,
    "topo_scale": "24000",
    "state": "ID",
    "county": "Cassia",
    "remarks": null,
    "gda_id": 5430962,
    "scanid": 235515
   }
  },
  {
   "type": "Feature",
   "geometry": {
    "type": "Polygon",
    "coordinates": [
     [
      [
       -113.880978,
       42.357176
      ],
      [
       -113.880987,
       42.357028
      ],
      [
       -113.881116,
       42.357014
      ],
      [
       -113.881168,
       42.357033
      ],
      [
       -113.881243,
       42.356985
      ],
      [
       -113.881228,
       42.356915
      ],
      [
       -113.881129,
       42.35685
      ],
      [
       -113.880919,
       42.356862
      ],
      [
       -113.880858,
       42.356921
      ],
      [
       -113.880744,
       42.356965
      ],
      [
       -113.880643,
       42.357008
      ],
      [
       -113.880542,
       42.357124
      ],
      [
       -113.880487,
       42.35721
      ],
      [
       -113.880297,
       42.357233
      ],
      [
       -113.879935,
       42.357062
      ],
      [
       -113.879929,
       42.357018
      ],
      [
       -113.879968,
       42.356947
      ],
      [
       -113.880032,
       42.356896
      ],
      [
       -113.880255,
       42.356869
      ],
      [
       -113.88043,
       42.356856
      ],
      [
       -113.880552,
       42.356827
      ],
      [
       -113.880575,
       42.356786
      ],
      [
       -113.880542,
       42.35665
      ],
      [
       -113.880501,
       42.356569
      ],
      [
       -113.880527,
       42.356494
      ],
      [
       -113.880594,
       42.356481
      ],
      [
       -113.880655,
       42.356517
      ],
      [
       -113.880763,
       42.356511
      ],
      [
       -113.880837,
       42.356544
      ],
      [
       -113.880877,
       42.356696
      ],
      [
       -113.880984,
       42.356723
      ],
      [
       -113.881054,
       42.356702
      ],
      [
       -113.881068,
       42.356624
      ],
      [
       -113.881102,
       42.356523
      ],
      [
       -113.881146,
       42.356464
      ],
      [
       -113.881199,
       42.356449
      ],
      [
       -113.88123,
       42.356498
      ],
      [
       -113.881186,
       42.356588
      ],
      [
       -113.881148,
       42.356641
      ],
      [
       -113.881142,
       42.356734
      ],
      [
       -113.881273,
       42.356807
      ],
      [
       -113.88143,
       42.356818
      ],
      [
       -113.881494,
       42.356782
      ],
      [
       -113.881688,
       42.356799
      ],
      [
       -113.881696,
       42.356778
      ],
      [
       -113.881662,
       42.356746
      ],
      [
       -113.881549,
       42.356649
      ],
      [
       -113.881553,
       42.356435
      ],
      [
       -113.88157,
       42.356357
      ],
      [
       -113.881532,
       42.356348
      ],
      [
       -113.881536,
       42.356308
      ],
      [
       -113.881587,
       42.356293
      ],
      [
       -113.881799,
       42.356312
      ],
      [
       -113.881854,
       42.35627
      ],
      [
       -113.881862,
       42.3561
      ],
      [
       -113.881822,
       42.356045
      ],
      [
       -113.881749,
       42.355992
      ],
      [
       -113.881557,
       42.35599
      ],
      [
       -113.88146,
       42.356037
      ],
      [
       -113.881273,
       42.356051
      ],
      [
       -113.881157,
       42.356127
      ],
      [
       -113.881053,
       42.356127
      ],
      [
       -113.880904,
       42.356085
      ],
      [
       -113.880851,
       42.356064
      ],
      [
       -113.880818,
       42.356013
      ],
      [
       -113.880847,
       42.355959
      ],
      [
       -113.880857,
       42.355937
      ],
      [
       -113.880971,
       42.355935
      ],
      [
       -113.881035,
       42.355961
      ],
      [
       -113.881325,
       42.355959
      ],
      [
       -113.881458,
       42.355912
      ],
      [
       -113.881574,
       42.355864
      ],
      [
       -113.881725,
       42.35587
      ],
      [
       -113.881843,
       42.355969
      ],
      [
       -113.881942,
       42.355969
      ],
      [
       -113.881968,
       42.355937
      ],
      [
       -113.881964,
       42.35586
      ],
      [
       -113.881905,
       42.355708
      ],
      [
       -113.881829,
       42.355541
      ],
      [
       -113.881736,
       42.355487
      ],
      [
       -113.881452,
       42.355489
      ],
      [
       -113.881372,
       42.355514
      ],
      [
       -113.881388,
       42.355565
      ],
      [
       -113.881574,
       42.355598
      ],
      [
       -113.881607,
       42.355623
      ],
      [
       -113.881555,
       42.355693
      ],
      [
       -113.881357,
       42.355786
      ],
      [
       -113.881201,
       42.3558
      ],
      [
       -113.881096,
       42.355779
      ],
      [
       -113.881093,
       42.35575
      ],
      [
       -113.88112,
       42.355677
      ],
      [
       -113.881591,
       42.355153
      ],
      [
       -113.881896,
       42.354792
      ],
      [
       -113.882186,
       42.354444
      ],
      [
       -113.882224,
       42.354421
      ],
      [
       -113.882253,
       42.354449
      ],
      [
       -113.882258,
       42.355296
      ],
      [
       -113.882243,
       42.355353
      ],
      [
       -113.882186,
       42.355391
      ],
      [
       -113.882101,
       42.35541
      ],
      [
       -113.88202,
       42.355434
      ],
      [
       -113.881982,
       42.355548
      ],
      [
       -113.881991,
       42.35571
      ],
      [
       -113.882034,
       42.355824
      ],
      [
       -113.882139,
       42.355877
      ],
      [
       -113.882215,
       42.355896
      ],
      [
       -113.882267,
       42.355905
      ],
      [
       -113.882301,
       42.356072
      ],
      [
       -113.882324,
       42.356338
      ],
      [
       -113.882343,
       42.356614
      ],
      [
       -113.882286,
       42.356895
      ],
      [
       -113.88222,
       42.357067
      ],
      [
       -113.882006,
       42.357119
      ],
      [
       -113.88192,
       42.357048
      ],
      [
       -113.881801,
       42.357005
      ],
      [
       -113.88162,
       42.357143
      ],
      [
       -113.881534,
       42.357124
      ],
      [
       -113.881482,
       42.357138
      ],
      [
       -113.881477,
       42.357319
      ],
      [
       -113.881244,
       42.357661
      ],
      [
       -113.881149,
       42.357671
      ],
      [
       -113.881054,
       42.357638
      ],
      [
       -113.880997,
       42.357576
      ],
      [
       -113.880959,
       42.357495
      ],
      [
       -113.880973,
       42.357352
      ],
      [
       -113.880978,
       42.357176
      ]
     ]
    ]
   },
   "properties": {
    "ftr_type": "Gravel Pit",
    "ftr_name": null,
    "topo_name": "Marion",
    "topo_date": 1968,
    "topo_scale": "24000",
    "state": "ID",
    "county": "Cassia",
    "remarks": null,
    "gda_id": 5433510,
    "scanid": 237048
   }
  },
  {
   "type": "Feature",
   "geometry": {
    "type": "Polygon",
    "coordinates": [
     [
      [
       -113.161585,
       42.561425
      ],
      [
       -113.161688,
       42.561368
      ],
      [
       -113.161882,
       42.561413
      ],
      [
       -113.161956,
       42.561516
      ],
      [
       -113.16219,
       42.561676
      ],
      [
       -113.162396,
       42.561807
      ],
      [
       -113.162601,
       42.561927
      ],
      [
       -113.162813,
       42.562053
      ],
      [
       -113.162921,
       42.562127
      ],
      [
       -113.16307,
       42.562247
      ],
      [
       -113.163229,
       42.562373
      ],
      [
       -113.163464,
       42.562516
      ],
      [
       -113.163635,
       42.562618
      ],
      [
       -113.163772,
       42.562744
      ],
      [
       -113.163938,
       42.562898
      ],
      [
       -113.164058,
       42.563029
      ],
      [
       -113.164075,
       42.563109
      ],
      [
       -113.164023,
       42.563207
      ],
      [
       -113.163858,
       42.563235
      ],
      [
       -113.163789,
       42.563224
      ],
      [
       -113.163641,
       42.563184
      ],
      [
       -113.163521,
       42.563149
      ],
      [
       -113.163389,
       42.563104
      ],
      [
       -113.163172,
       42.563007
      ],
      [
       -113.163018,
       42.562961
      ],
      [
       -113.162875,
       42.562892
      ],
      [
       -113.16267,
       42.562824
      ],
      [
       -113.162544,
       42.562784
      ],
      [
       -113.162379,
       42.562681
      ],
      [
       -113.162156,
       42.562595
      ],
      [
       -113.161985,
       42.562538
      ],
      [
       -113.16187,
       42.562476
      ],
      [
       -113.161813,
       42.562378
      ],
      [
       -113.161773,
       42.562259
      ],
      [
       -113.161733,
       42.562127
      ],
      [
       -113.161705,
       42.562002
      ],
      [
       -113.161665,
       42.561899
      ],
      [
       -113.161625,
       42.561773
      ],
      [
       -113.161591,
       42.561653
      ],
      [
       -113.161573,
       42.561516
      ],
      [
       -113.161585,
       42.561425
      ]
     ]
    ]
   },
   "properties": {
    "ftr_type": "Gravel Pit",
    "ftr_name": null,
    "topo_name": "North Chapin Mountain",
    "topo_date": 1984,
    "topo_scale": "24000",
    "state": "ID",
    "county": "Cassia",
    "remarks": null,
    "gda_id": 5434105,
    "scanid": 237412
   }
  },
  {
   "type": "Feature",
   "geometry": {
    "type": "Polygon",
    "coordinates": [
     [
      [
       -113.898967,
       42.304987
      ],
      [
       -113.899032,
       42.304883
      ],
      [
       -113.899139,
       42.304862
      ],
      [
       -113.899249,
       42.304862
      ],
      [
       -113.899371,
       42.30478
      ],
      [
       -113.899467,
       42.304737
      ],
      [
       -113.899506,
       42.304815
      ],
      [
       -113.899514,
       42.304922
      ],
      [
       -113.899485,
       42.304962
      ],
      [
       -113.899353,
       42.30499
      ],
      [
       -113.899221,
       42.30493
      ],
      [
       -113.89906,
       42.305022
      ],
      [
       -113.898967,
       42.304987
      ]
     ]
    ]
   },
   "properties": {
    "ftr_type": "Gravel Pit",
    "ftr_name": null,
    "topo_name": "Marion",
    "topo_date": 1968,
    "topo_scale": "24000",
    "state": "ID",
    "county": "Cassia",
    "remarks": null,
    "gda_id": 5433510,
    "scanid": 237048
   }
  },
  {
   "type": "Feature",
   "geometry": {
    "type": "Polygon",
    "coordinates": [
     [
      [
       -113.744917,
       42.43645
      ],
      [
       -113.744841,
       42.436222
      ],
      [
       -113.744841,
       42.435822
      ],
      [
       -113.744908,
       42.435537
      ],
      [
       -113.745193,
       42.435479
      ],
      [
       -113.745688,
       42.43547
      ],
      [
       -113.746098,
       42.435375
      ],
      [
       -113.746307,
       42.435308
      ],
      [
       -113.746526,
       42.435232
      ],
      [
       -113.746707,
       42.435222
      ],
      [
       -113.746848,
       42.435193
      ],
      [
       -113.746978,
       42.435166
      ],
      [
       -113.747116,
       42.435137
      ],
      [
       -113.747858,
       42.435118
      ],
      [
       -113.748211,
       42.435146
      ],
      [
       -113.74862,
       42.435232
      ],
      [
       -113.748924,
       42.43527
      ],
      [
       -113.749277,
       42.435394
      ],
      [
       -113.749362,
       42.43546
      ],
      [
       -113.749362,
       42.435679
      ],
      [
       -113.749275,
       42.43589
      ],
      [
       -113.749267,
       42.435908
      ],
      [
       -113.749248,
       42.435936
      ],
      [
       -113.749096,
       42.436155
      ],
      [
       -113.748839,
       42.436279
      ],
      [
       -113.748829,
       42.436282
      ],
      [
       -113.748713,
       42.436312
      ],
      [
       -113.748689,
       42.436318
      ],
      [
       -113.74862,
       42.436336
      ],
      [
       -113.748382,
       42.436365
      ],
      [
       -113.748339,
       42.436361
      ],
      [
       -113.747973,
       42.436327
      ],
      [
       -113.74782,
       42.43625
      ],
      [
       -113.747554,
       42.436231
      ],
      [
       -113.747306,
       42.43625
      ],
      [
       -113.746773,
       42.43626
      ],
      [
       -113.746425,
       42.436311
      ],
      [
       -113.746183,
       42.436346
      ],
      [
       -113.74567,
       42.436402
      ],
      [
       -113.745574,
       42.436412
      ],
      [
       -113.745013,
       42.436431
      ],
      [
       -113.744917,
       42.43645
      ]
     ]
    ]
   },
   "properties": {
    "ftr_type": "Gravel Pit",
    "ftr_name": null,
    "topo_name": "View",
    "topo_date": 2001,
    "topo_scale": "24000",
    "state": "ID",
    "county": "Cassia",
    "remarks": null,
    "gda_id": 5436184,
    "scanid": 238638
   }
  },
  {
   "type": "Feature",
   "geometry": {
    "type": "Polygon",
    "coordinates": [
     [
      [
       -113.901263,
       42.307755
      ],
      [
       -113.90127,
       42.307401
      ],
      [
       -113.901295,
       42.307334
      ],
      [
       -113.901342,
       42.307316
      ],
      [
       -113.901392,
       42.307373
      ],
      [
       -113.901402,
       42.307451
      ],
      [
       -113.901456,
       42.307437
      ],
      [
       -113.901485,
       42.307341
      ],
      [
       -113.901527,
       42.307198
      ],
      [
       -113.901534,
       42.307034
      ],
      [
       -113.90151,
       42.306966
      ],
      [
       -113.901402,
       42.306909
      ],
      [
       -113.90137,
       42.306798
      ],
      [
       -113.901358,
       42.306612
      ],
      [
       -113.90149,
       42.306473
      ],
      [
       -113.901611,
       42.306341
      ],
      [
       -113.901697,
       42.306362
      ],
      [
       -113.901729,
       42.306344
      ],
      [
       -113.901775,
       42.306348
      ],
      [
       -113.901832,
       42.306441
      ],
      [
       -113.901886,
       42.306509
      ],
      [
       -113.901971,
       42.306519
      ],
      [
       -113.902075,
       42.306491
      ],
      [
       -113.902136,
       42.306498
      ],
      [
       -113.90215,
       42.306505
      ],
      [
       -113.902143,
       42.306805
      ],
      [
       -113.9021,
       42.306851
      ],
      [
       -113.902029,
       42.306894
      ],
      [
       -113.901964,
       42.306912
      ],
      [
       -113.901929,
       42.306919
      ],
      [
       -113.901943,
       42.307119
      ],
      [
       -113.901996,
       42.307379
      ],
      [
       -113.902061,
       42.307536
      ],
      [
       -113.902157,
       42.307693
      ],
      [
       -113.902132,
       42.30799
      ],
      [
       -113.90205,
       42.3086
      ],
      [
       -113.902046,
       42.309103
      ],
      [
       -113.902068,
       42.309214
      ],
      [
       -113.902114,
       42.309296
      ],
      [
       -113.902136,
       42.309414
      ],
      [
       -113.902157,
       42.309464
      ],
      [
       -113.902158,
       42.309772
      ],
      [
       -113.902139,
       42.309986
      ],
      [
       -113.902086,
       42.309995
      ],
      [
       -113.902082,
       42.310062
      ],
      [
       -113.901996,
       42.3101
      ],
      [
       -113.901863,
       42.310107
      ],
      [
       -113.901831,
       42.310128
      ],
      [
       -113.901606,
       42.31025
      ],
      [
       -113.90131,
       42.31025
      ],
      [
       -113.901292,
       42.309975
      ],
      [
       -113.901306,
       42.309507
      ],
      [
       -113.901367,
       42.309418
      ],
      [
       -113.901352,
       42.30935
      ],
      [
       -113.901363,
       42.309211
      ],
      [
       -113.901506,
       42.308986
      ],
      [
       -113.901488,
       42.308879
      ],
      [
       -113.901442,
       42.308765
      ],
      [
       -113.901477,
       42.308244
      ],
      [
       -113.901452,
       42.30804
      ],
      [
       -113.901463,
       42.307972
      ],
      [
       -113.901263,
       42.307755
      ]
     ]
    ]
   },
   "properties": {
    "ftr_type": "Gravel Pit",
    "ftr_name": null,
    "topo_name": "Marion",
    "topo_date": 1968,
    "topo_scale": "24000",
    "state": "ID",
    "county": "Cassia",
    "remarks": null,
    "gda_id": 5433510,
    "scanid": 237048
   }
  },
  {
   "type": "Feature",
   "geometry": {
    "type": "Polygon",
    "coordinates": [
     [
      [
       -113.807156,
       42.452712
      ],
      [
       -113.806856,
       42.45267
      ],
      [
       -113.806621,
       42.452762
      ],
      [
       -113.806564,
       42.45282
      ],
      [
       -113.804729,
       42.452784
      ],
      [
       -113.804636,
       42.452727
      ],
      [
       -113.804543,
       42.45262
      ],
      [
       -113.804543,
       42.452498
      ],
      [
       -113.804643,
       42.452384
      ],
      [
       -113.804822,
       42.452263
      ],
      [
       -113.805036,
       42.452241
      ],
      [
       -113.805114,
       42.452277
      ],
      [
       -113.805164,
       42.452391
      ],
      [
       -113.805229,
       42.452398
      ],
      [
       -113.805264,
       42.452348
      ],
      [
       -113.805286,
       42.45227
      ],
      [
       -113.805293,
       42.452191
      ],
      [
       -113.805364,
       42.452149
      ],
      [
       -113.805493,
       42.45217
      ],
      [
       -113.805536,
       42.452213
      ],
      [
       -113.805578,
       42.452227
      ],
      [
       -113.805628,
       42.45217
      ],
      [
       -113.805693,
       42.45207
      ],
      [
       -113.805778,
       42.45202
      ],
      [
       -113.806378,
       42.45207
      ],
      [
       -113.806678,
       42.45217
      ],
      [
       -113.806949,
       42.452134
      ],
      [
       -113.807227,
       42.452106
      ],
      [
       -113.807456,
       42.452156
      ],
      [
       -113.807713,
       42.45217
      ],
      [
       -113.807841,
       42.451991
      ],
      [
       -113.807913,
       42.451842
      ],
      [
       -113.807834,
       42.451663
      ],
      [
       -113.80762,
       42.451606
      ],
      [
       -113.807306,
       42.45167
      ],
      [
       -113.807192,
       42.451734
      ],
      [
       -113.806514,
       42.451749
      ],
      [
       -113.806514,
       42.451627
      ],
      [
       -113.806478,
       42.45157
      ],
      [
       -113.806192,
       42.451677
      ],
      [
       -113.80615,
       42.451649
      ],
      [
       -113.806521,
       42.451463
      ],
      [
       -113.807013,
       42.451299
      ],
      [
       -113.807563,
       42.45127
      ],
      [
       -113.807906,
       42.451399
      ],
      [
       -113.808091,
       42.451542
      ],
      [
       -113.80812,
       42.452134
      ],
      [
       -113.808084,
       42.45277
      ],
      [
       -113.807977,
       42.452812
      ],
      [
       -113.807777,
       42.452841
      ],
      [
       -113.807477,
       42.452762
      ],
      [
       -113.807156,
       42.452712
      ]
     ]
    ]
   },
   "properties": {
    "ftr_type": "Gravel Pit",
    "ftr_name": null,
    "topo_name": "Kenyon",
    "topo_date": 1964,
    "topo_scale": "24000",
    "state": "ID",
    "county": "Cassia",
    "remarks": null,
    "gda_id": 5433002,
    "scanid": 236758
   }
  },
  {
   "type": "Feature",
   "geometry": {
    "type": "Polygon",
    "coordinates": [
     [
      [
       -113.759111,
       42.459144
      ],
      [
       -113.760083,
       42.459102
      ],
      [
       -113.760066,
       42.459925
      ],
      [
       -113.759141,
       42.459925
      ],
      [
       -113.759111,
       42.459144
      ]
     ]
    ]
   },
   "properties": {
    "ftr_type": "Gravel Pit",
    "ftr_name": null,
    "topo_name": "Kenyon",
    "topo_date": 1964,
    "topo_scale": "24000",
    "state": "ID",
    "county": "Cassia",
    "remarks": null,
    "gda_id": 5433002,
    "scanid": 236758
   }
  },
  {
   "type": "Feature",
   "geometry": {
    "type": "Polygon",
    "coordinates": [
     [
      [
       -113.795014,
       42.450494
      ],
      [
       -113.795151,
       42.450486
      ],
      [
       -113.795261,
       42.45049
      ],
      [
       -113.795608,
       42.450741
      ],
      [
       -113.79603,
       42.451053
      ],
      [
       -113.796525,
       42.451316
      ],
      [
       -113.796799,
       42.451632
      ],
      [
       -113.797134,
       42.451773
      ],
      [
       -113.79745,
       42.451811
      ],
      [
       -113.797938,
       42.451815
      ],
      [
       -113.798101,
       42.45188
      ],
      [
       -113.798143,
       42.451959
      ],
      [
       -113.798151,
       42.452093
      ],
      [
       -113.798113,
       42.452215
      ],
      [
       -113.798002,
       42.452294
      ],
      [
       -113.797919,
       42.452298
      ],
      [
       -113.797603,
       42.452275
      ],
      [
       -113.797214,
       42.45218
      ],
      [
       -113.796978,
       42.452089
      ],
      [
       -113.7964,
       42.451914
      ],
      [
       -113.796202,
       42.45188
      ],
      [
       -113.795939,
       42.451826
      ],
      [
       -113.795727,
       42.45177
      ],
      [
       -113.795466,
       42.451713
      ],
      [
       -113.795252,
       42.451641
      ],
      [
       -113.795152,
       42.451595
      ],
      [
       -113.794934,
       42.451537
      ],
      [
       -113.794919,
       42.451404
      ],
      [
       -113.794896,
       42.451335
      ],
      [
       -113.794804,
       42.451267
      ],
      [
       -113.794747,
       42.451122
      ],
      [
       -113.79474,
       42.450928
      ],
      [
       -113.794835,
       42.450783
      ],
      [
       -113.794835,
       42.450684
      ],
      [
       -113.794881,
       42.450577
      ],
      [
       -113.795014,
       42.450494
      ]
     ]
    ]
   },
   "properties": {
    "ftr_type": "Gravel Pit",
    "ftr_name": null,
    "topo_name": "Kenyon",
    "topo_date": 1964,
    "topo_scale": "24000",
    "state": "ID",
    "county": "Cassia",
    "remarks": null,
    "gda_id": 5433002,
    "scanid": 236758
   }
  },
  {
   "type": "Feature",
   "geometry": {
    "type": "Polygon",
    "coordinates": [
     [
      [
       -113.875773,
       42.356041
      ],
      [
       -113.875801,
       42.355898
      ],
      [
       -113.876144,
       42.355855
      ],
      [
       -113.876215,
       42.355813
      ],
      [
       -113.880527,
       42.355941
      ],
      [
       -113.880969,
       42.35557
      ],
      [
       -113.881669,
       42.354799
      ],
      [
       -113.882254,
       42.354328
      ],
      [
       -113.884467,
       42.354299
      ],
      [
       -113.884696,
       42.354342
      ],
      [
       -113.885053,
       42.354713
      ],
      [
       -113.885038,
       42.360767
      ],
      [
       -113.885481,
       42.360909
      ],
      [
       -113.885467,
       42.362394
      ],
      [
       -113.875045,
       42.362366
      ],
      [
       -113.875073,
       42.36218
      ],
      [
       -113.876558,
       42.360438
      ],
      [
       -113.876015,
       42.360196
      ],
      [
       -113.875716,
       42.360096
      ],
      [
       -113.875073,
       42.360038
      ],
      [
       -113.875059,
       42.356512
      ],
      [
       -113.875944,
       42.356512
      ],
      [
       -113.875944,
       42.356398
      ],
      [
       -113.87573,
       42.356227
      ],
      [
       -113.875773,
       42.356041
      ]
     ]
    ]
   },
   "properties": {
    "ftr_type": "Gravel Pit",
    "ftr_name": null,
    "topo_name": "Marion",
    "topo_date": 2001,
    "topo_scale": "24000",
    "state": "ID",
    "county": "Cassia",
    "remarks": null,
    "gda_id": 5433508,
    "scanid": 237047
   }
  },
  {
   "type": "Feature",
   "geometry": {
    "type": "Polygon",
    "coordinates": [
     [
      [
       -113.807521,
       42.416707
      ],
      [
       -113.807302,
       42.416564
      ],
      [
       -113.807159,
       42.416512
      ],
      [
       -113.806988,
       42.416655
      ],
      [
       -113.806664,
       42.416669
      ],
      [
       -113.806307,
       42.416626
      ],
      [
       -113.806288,
       42.416512
      ],
      [
       -113.806288,
       42.416174
      ],
      [
       -113.806412,
       42.416065
      ],
      [
       -113.80695,
       42.416036
      ],
      [
       -113.807126,
       42.416141
      ],
      [
       -113.807202,
       42.416217
      ],
      [
       -113.807316,
       42.416198
      ],
      [
       -113.807483,
       42.416084
      ],
      [
       -113.80773,
       42.416055
      ],
      [
       -113.807911,
       42.41605
      ],
      [
       -113.808125,
       42.416131
      ],
      [
       -113.808273,
       42.41636
      ],
      [
       -113.808254,
       42.416598
      ],
      [
       -113.808187,
       42.41665
      ],
      [
       -113.808054,
       42.416641
      ],
      [
       -113.807873,
       42.416726
      ],
      [
       -113.807521,
       42.416707
      ]
     ]
    ]
   },
   "properties": {
    "ftr_type": "Gravel Pit",
    "ftr_name": null,
    "topo_name": "Kenyon",
    "topo_date": 1964,
    "topo_scale": "24000",
    "state": "ID",
    "county": "Cassia",
    "remarks": null,
    "gda_id": 5433002,
    "scanid": 236758
   }
  },
  {
   "type": "Feature",
   "geometry": {
    "type": "Polygon",
    "coordinates": [
     [
      [
       -113.880708,
       42.359997
      ],
      [
       -113.880749,
       42.359947
      ],
      [
       -113.880865,
       42.359905
      ],
      [
       -113.880931,
       42.359873
      ],
      [
       -113.880952,
       42.359789
      ],
      [
       -113.880949,
       42.359697
      ],
      [
       -113.880931,
       42.359661
      ],
      [
       -113.880538,
       42.359644
      ],
      [
       -113.880428,
       42.359584
      ],
      [
       -113.880309,
       42.359471
      ],
      [
       -113.88019,
       42.359403
      ],
      [
       -113.880086,
       42.359403
      ],
      [
       -113.880056,
       42.359382
      ],
      [
       -113.880083,
       42.35926
      ],
      [
       -113.880107,
       42.359081
      ],
      [
       -113.880113,
       42.358965
      ],
      [
       -113.880038,
       42.358861
      ],
      [
       -113.879946,
       42.358808
      ],
      [
       -113.879931,
       42.358727
      ],
      [
       -113.87978,
       42.358674
      ],
      [
       -113.879601,
       42.35862
      ],
      [
       -113.879384,
       42.358754
      ],
      [
       -113.878361,
       42.35873
      ],
      [
       -113.87837,
       42.35868
      ],
      [
       -113.87845,
       42.358588
      ],
      [
       -113.878646,
       42.358391
      ],
      [
       -113.878748,
       42.358356
      ],
      [
       -113.878834,
       42.358433
      ],
      [
       -113.878893,
       42.358475
      ],
      [
       -113.878962,
       42.358442
      ],
      [
       -113.878968,
       42.358362
      ],
      [
       -113.879018,
       42.358329
      ],
      [
       -113.879991,
       42.358332
      ],
      [
       -113.880169,
       42.358421
      ],
      [
       -113.8803,
       42.358421
      ],
      [
       -113.880404,
       42.358379
      ],
      [
       -113.880589,
       42.358415
      ],
      [
       -113.880672,
       42.358507
      ],
      [
       -113.880726,
       42.358573
      ],
      [
       -113.880958,
       42.358591
      ],
      [
       -113.881103,
       42.358647
      ],
      [
       -113.881169,
       42.358668
      ],
      [
       -113.881743,
       42.358689
      ],
      [
       -113.881874,
       42.358656
      ],
      [
       -113.882347,
       42.358626
      ],
      [
       -113.882474,
       42.358629
      ],
      [
       -113.882519,
       42.358671
      ],
      [
       -113.882421,
       42.358751
      ],
      [
       -113.88232,
       42.358808
      ],
      [
       -113.882281,
       42.358852
      ],
      [
       -113.882275,
       42.358962
      ],
      [
       -113.882132,
       42.358965
      ],
      [
       -113.881909,
       42.358909
      ],
      [
       -113.881609,
       42.358921
      ],
      [
       -113.881303,
       42.358989
      ],
      [
       -113.881222,
       42.35904
      ],
      [
       -113.88124,
       42.359209
      ],
      [
       -113.881368,
       42.359373
      ],
      [
       -113.881493,
       42.359334
      ],
      [
       -113.881636,
       42.359257
      ],
      [
       -113.881778,
       42.359254
      ],
      [
       -113.881808,
       42.35931
      ],
      [
       -113.881811,
       42.359777
      ],
      [
       -113.881874,
       42.359902
      ],
      [
       -113.881856,
       42.359997
      ],
      [
       -113.881734,
       42.359995
      ],
      [
       -113.881719,
       42.360116
      ],
      [
       -113.881677,
       42.360167
      ],
      [
       -113.8816,
       42.36017
      ],
      [
       -113.881469,
       42.360087
      ],
      [
       -113.880966,
       42.360051
      ],
      [
       -113.880818,
       42.360045
      ],
      [
       -113.880737,
       42.360033
      ],
      [
       -113.880708,
       42.359997
      ]
     ]
    ]
   },
   "properties": {
    "ftr_type": "Gravel Pit",
    "ftr_name": null,
    "topo_name": "Marion",
    "topo_date": 1968,
    "topo_scale": "24000",
    "state": "ID",
    "county": "Cassia",
    "remarks": null,
    "gda_id": 5433510,
    "scanid": 237048
   }
  },
  {
   "type": "Feature",
   "geometry": {
    "type": "Polygon",
    "coordinates": [
     [
      [
       -113.696528,
       42.469032
      ],
      [
       -113.69728,
       42.469013
      ],
      [
       -113.697332,
       42.469089
      ],
      [
       -113.697313,
       42.469808
      ],
      [
       -113.697275,
       42.46985
      ],
      [
       -113.696242,
       42.469888
      ],
      [
       -113.696209,
       42.469874
      ],
      [
       -113.696204,
       42.469241
      ],
      [
       -113.696247,
       42.469184
      ],
      [
       -113.696376,
       42.46907
      ],
      [
       -113.696528,
       42.469032
      ]
     ]
    ]
   },
   "properties": {
    "ftr_type": "Gravel Pit",
    "ftr_name": null,
    "topo_name": "View",
    "topo_date": 1964,
    "topo_scale": "24000",
    "state": "ID",
    "county": "Cassia",
    "remarks": null,
    "gda_id": 5436182,
    "scanid": 238636
   }
  },
  {
   "type": "Feature",
   "geometry": {
    "type": "Polygon",
    "coordinates": [
     [
      [
       -113.314903,
       42.263099
      ],
      [
       -113.314736,
       42.263042
      ],
      [
       -113.314669,
       42.262947
      ],
      [
       -113.314646,
       42.262842
      ],
      [
       -113.314698,
       42.262742
      ],
      [
       -113.314731,
       42.262647
      ],
      [
       -113.314736,
       42.26258
      ],
      [
       -113.314684,
       42.262499
      ],
      [
       -113.314674,
       42.262418
      ],
      [
       -113.314722,
       42.262309
      ],
      [
       -113.314744,
       42.262134
      ],
      [
       -113.314665,
       42.261966
      ],
      [
       -113.31466,
       42.261567
      ],
      [
       -113.314655,
       42.261476
      ],
      [
       -113.314736,
       42.261462
      ],
      [
       -113.314798,
       42.2617
      ],
      [
       -113.314974,
       42.261852
      ],
      [
       -113.315131,
       42.26208
      ],
      [
       -113.31535,
       42.262337
      ],
      [
       -113.315607,
       42.262594
      ],
      [
       -113.315735,
       42.262813
      ],
      [
       -113.315926,
       42.262985
      ],
      [
       -113.31594,
       42.263013
      ],
      [
       -113.315921,
       42.263056
      ],
      [
       -113.315835,
       42.26307
      ],
      [
       -113.315312,
       42.26308
      ],
      [
       -113.315188,
       42.263075
      ],
      [
       -113.315036,
       42.263099
      ],
      [
       -113.314903,
       42.263099
      ]
     ]
    ]
   },
   "properties": {
    "ftr_type": "Gravel Pit",
    "ftr_name": null,
    "topo_name": "Malta",
    "topo_date": 1968,
    "topo_scale": "24000",
    "state": "ID",
    "county": "Cassia",
    "remarks": null,
    "gda_id": 5433474,
    "scanid": 237022
   }
  },
  {
   "type": "Feature",
   "geometry": {
    "type": "Polygon",
    "coordinates": [
     [
      [
       -113.765077,
       42.415996
      ],
      [
       -113.764892,
       42.415919
      ],
      [
       -113.764833,
       42.415889
      ],
      [
       -113.764886,
       42.415827
      ],
      [
       -113.765017,
       42.415782
      ],
      [
       -113.765095,
       42.415714
      ],
      [
       -113.765163,
       42.415621
      ],
      [
       -113.765216,
       42.415544
      ],
      [
       -113.765404,
       42.415508
      ],
      [
       -113.76549,
       42.415485
      ],
      [
       -113.7656,
       42.415458
      ],
      [
       -113.765713,
       42.41552
      ],
      [
       -113.765752,
       42.415612
      ],
      [
       -113.765799,
       42.415728
      ],
      [
       -113.765898,
       42.415812
      ],
      [
       -113.765921,
       42.415877
      ],
      [
       -113.765898,
       42.415925
      ],
      [
       -113.765832,
       42.415963
      ],
      [
       -113.765573,
       42.415934
      ],
      [
       -113.765434,
       42.415922
      ],
      [
       -113.765205,
       42.415987
      ],
      [
       -113.765077,
       42.415996
      ]
     ]
    ]
   },
   "properties": {
    "ftr_type": "Gravel Pit",
    "ftr_name": null,
    "topo_name": "Kenyon",
    "topo_date": 1964,
    "topo_scale": "24000",
    "state": "ID",
    "county": "Cassia",
    "remarks": null,
    "gda_id": 5433002,
    "scanid": 236758
   }
  },
  {
   "type": "Feature",
   "geometry": {
    "type": "Polygon",
    "coordinates": [
     [
      [
       -113.804163,
       42.383252
      ],
      [
       -113.804396,
       42.383069
      ],
      [
       -113.804522,
       42.382974
      ],
      [
       -113.80472,
       42.383012
      ],
      [
       -113.804798,
       42.383129
      ],
      [
       -113.804772,
       42.383233
      ],
      [
       -113.804603,
       42.383243
      ],
      [
       -113.80446,
       42.383241
      ],
      [
       -113.804353,
       42.383336
      ],
      [
       -113.804298,
       42.383433
      ],
      [
       -113.804199,
       42.383479
      ],
      [
       -113.804061,
       42.383467
      ],
      [
       -113.803949,
       42.383395
      ],
      [
       -113.803999,
       42.383276
      ],
      [
       -113.804163,
       42.383252
      ]
     ]
    ]
   },
   "properties": {
    "ftr_type": "Gravel Pit",
    "ftr_name": null,
    "topo_name": "Kenyon",
    "topo_date": 1964,
    "topo_scale": "24000",
    "state": "ID",
    "county": "Cassia",
    "remarks": null,
    "gda_id": 5433002,
    "scanid": 236758
   }
  },
  {
   "type": "Feature",
   "geometry": {
    "type": "Polygon",
    "coordinates": [
     [
      [
       -113.759083,
       42.460418
      ],
      [
       -113.75913,
       42.460304
      ],
      [
       -113.759206,
       42.460247
      ],
      [
       -113.759287,
       42.460237
      ],
      [
       -113.759397,
       42.46028
      ],
      [
       -113.759549,
       42.460366
      ],
      [
       -113.759682,
       42.460361
      ],
      [
       -113.759687,
       42.460271
      ],
      [
       -113.759782,
       42.460223
      ],
      [
       -113.760196,
       42.460214
      ],
      [
       -113.760249,
       42.460247
      ],
      [
       -113.760287,
       42.460304
      ],
      [
       -113.760287,
       42.460371
      ],
      [
       -113.76023,
       42.460518
      ],
      [
       -113.760096,
       42.460747
      ],
      [
       -113.760039,
       42.460875
      ],
      [
       -113.759925,
       42.461032
      ],
      [
       -113.759873,
       42.461256
      ],
      [
       -113.759763,
       42.461456
      ],
      [
       -113.759559,
       42.46176
      ],
      [
       -113.75933,
       42.462008
      ],
      [
       -113.75924,
       42.462151
      ],
      [
       -113.759187,
       42.462355
      ],
      [
       -113.75914,
       42.462503
      ],
      [
       -113.759059,
       42.462555
      ],
      [
       -113.758978,
       42.462531
      ],
      [
       -113.758945,
       42.462474
      ],
      [
       -113.758935,
       42.462198
      ],
      [
       -113.758983,
       42.462122
      ],
      [
       -113.759011,
       42.462046
      ],
      [
       -113.759035,
       42.46187
      ],
      [
       -113.759059,
       42.461789
      ],
      [
       -113.759059,
       42.460542
      ],
      [
       -113.759083,
       42.460418
      ]
     ]
    ]
   },
   "properties": {
    "ftr_type": "Gravel Pit",
    "ftr_name": null,
    "topo_name": "Kenyon",
    "topo_date": 1964,
    "topo_scale": "24000",
    "state": "ID",
    "county": "Cassia",
    "remarks": null,
    "gda_id": 5433002,
    "scanid": 236758
   }
  },
  {
   "type": "Feature",
   "geometry": {
    "type": "Polygon",
    "coordinates": [
     [
      [
       -113.324637,
       42.414431
      ],
      [
       -113.324608,
       42.414165
      ],
      [
       -113.325036,
       42.414174
      ],
      [
       -113.325113,
       42.414155
      ],
      [
       -113.325198,
       42.413917
      ],
      [
       -113.325265,
       42.41385
      ],
      [
       -113.325941,
       42.41385
      ],
      [
       -113.325988,
       42.413974
      ],
      [
       -113.325969,
       42.414079
      ],
      [
       -113.325627,
       42.414726
      ],
      [
       -113.32555,
       42.414821
      ],
      [
       -113.325417,
       42.414869
      ],
      [
       -113.32516,
       42.414707
      ],
      [
       -113.324941,
       42.41465
      ],
      [
       -113.32476,
       42.414507
      ],
      [
       -113.324637,
       42.414431
      ]
     ]
    ]
   },
   "properties": {
    "ftr_type": "Gravel Pit",
    "ftr_name": null,
    "topo_name": "Malta NE",
    "topo_date": 1968,
    "topo_scale": "24000",
    "state": "ID",
    "county": "Cassia",
    "remarks": null,
    "gda_id": 5433470,
    "scanid": 237023
   }
  },
  {
   "type": "Feature",
   "geometry": {
    "type": "Polygon",
    "coordinates": [
     [
      [
       -113.373539,
       42.260226
      ],
      [
       -113.373611,
       42.260208
      ],
      [
       -113.373698,
       42.260242
      ],
      [
       -113.373737,
       42.260353
      ],
      [
       -113.373678,
       42.260398
      ],
      [
       -113.373581,
       42.260418
      ],
      [
       -113.373501,
       42.260502
      ],
      [
       -113.373437,
       42.260529
      ],
      [
       -113.373314,
       42.260448
      ],
      [
       -113.373274,
       42.260321
      ],
      [
       -113.373346,
       42.260272
      ],
      [
       -113.373539,
       42.260226
      ]
     ]
    ]
   },
   "properties": {
    "ftr_type": "Gravel Pit",
    "ftr_name": null,
    "topo_name": "Malta",
    "topo_date": 1968,
    "topo_scale": "24000",
    "state": "ID",
    "county": "Cassia",
    "remarks": null,
    "gda_id": 5433474,
    "scanid": 237022
   }
  },
  {
   "type": "Feature",
   "geometry": {
    "type": "Polygon",
    "coordinates": [
     [
      [
       -113.332461,
       42.315274
      ],
      [
       -113.332525,
       42.315222
      ],
      [
       -113.332603,
       42.315201
      ],
      [
       -113.332668,
       42.315198
      ],
      [
       -113.332734,
       42.315236
      ],
      [
       -113.332872,
       42.315248
      ],
      [
       -113.332939,
       42.315231
      ],
      [
       -113.332934,
       42.315469
      ],
      [
       -113.333041,
       42.315581
      ],
      [
       -113.33327,
       42.315707
      ],
      [
       -113.333272,
       42.315769
      ],
      [
       -113.333186,
       42.315807
      ],
      [
       -113.333065,
       42.315869
      ],
      [
       -113.333027,
       42.315952
      ],
      [
       -113.332996,
       42.315952
      ],
      [
       -113.33292,
       42.315864
      ],
      [
       -113.332749,
       42.315814
      ],
      [
       -113.332641,
       42.315807
      ],
      [
       -113.332596,
       42.315757
      ],
      [
       -113.33252,
       42.315724
      ],
      [
       -113.332449,
       42.315691
      ],
      [
       -113.33243,
       42.315538
      ],
      [
       -113.332418,
       42.315422
      ],
      [
       -113.332411,
       42.315348
      ],
      [
       -113.332461,
       42.315274
      ]
     ]
    ]
   },
   "properties": {
    "ftr_type": "Gravel Pit",
    "ftr_name": null,
    "topo_name": "Malta",
    "topo_date": 1968,
    "topo_scale": "24000",
    "state": "ID",
    "county": "Cassia",
    "remarks": null,
    "gda_id": 5433474,
    "scanid": 237022
   }
  },
  {
   "type": "Feature",
   "geometry": {
    "type": "Polygon",
    "coordinates": [
     [
      [
       -113.316015,
       42.414596
      ],
      [
       -113.31593,
       42.414558
      ],
      [
       -113.314883,
       42.414663
      ],
      [
       -113.314807,
       42.414654
      ],
      [
       -113.314788,
       42.414625
      ],
      [
       -113.314816,
       42.414577
      ],
      [
       -113.315216,
       42.414339
      ],
      [
       -113.315254,
       42.414282
      ],
      [
       -113.315263,
       42.414187
      ],
      [
       -113.315235,
       42.414082
      ],
      [
       -113.315102,
       42.414006
      ],
      [
       -113.314873,
       42.413921
      ],
      [
       -113.31474,
       42.413854
      ],
      [
       -113.31474,
       42.413816
      ],
      [
       -113.314769,
       42.413768
      ],
      [
       -113.315149,
       42.413578
      ],
      [
       -113.315206,
       42.413559
      ],
      [
       -113.315225,
       42.413464
      ],
      [
       -113.315235,
       42.413321
      ],
      [
       -113.315302,
       42.413273
      ],
      [
       -113.315454,
       42.413273
      ],
      [
       -113.315549,
       42.41334
      ],
      [
       -113.316682,
       42.414254
      ],
      [
       -113.316682,
       42.414511
      ],
      [
       -113.31692,
       42.414758
      ],
      [
       -113.316891,
       42.414796
      ],
      [
       -113.316834,
       42.414825
      ],
      [
       -113.316015,
       42.414596
      ]
     ]
    ]
   },
   "properties": {
    "ftr_type": "Gravel Pit",
    "ftr_name": null,
    "topo_name": "Malta NE",
    "topo_date": 1968,
    "topo_scale": "24000",
    "state": "ID",
    "county": "Cassia",
    "remarks": null,
    "gda_id": 5433470,
    "scanid": 237023
   }
  },
  {
   "type": "Feature",
   "geometry": {
    "type": "Polygon",
    "coordinates": [
     [
      [
       -113.804046,
       42.450659
      ],
      [
       -113.804212,
       42.450611
      ],
      [
       -113.804427,
       42.450635
      ],
      [
       -113.804563,
       42.450611
      ],
      [
       -113.804736,
       42.450564
      ],
      [
       -113.804825,
       42.450599
      ],
      [
       -113.804748,
       42.450695
      ],
      [
       -113.804623,
       42.450784
      ],
      [
       -113.804569,
       42.451034
      ],
      [
       -113.804611,
       42.451182
      ],
      [
       -113.804736,
       42.451301
      ],
      [
       -113.804676,
       42.451438
      ],
      [
       -113.804546,
       42.451611
      ],
      [
       -113.803879,
       42.45192
      ],
      [
       -113.803659,
       42.452045
      ],
      [
       -113.803528,
       42.452045
      ],
      [
       -113.80354,
       42.451688
      ],
      [
       -113.803552,
       42.45123
      ],
      [
       -113.80354,
       42.450897
      ],
      [
       -113.803576,
       42.450712
      ],
      [
       -113.803719,
       42.450677
      ],
      [
       -113.804046,
       42.450659
      ]
     ]
    ]
   },
   "properties": {
    "ftr_type": "Gravel Pit",
    "ftr_name": null,
    "topo_name": "Kenyon",
    "topo_date": 1964,
    "topo_scale": "24000",
    "state": "ID",
    "county": "Cassia",
    "remarks": null,
    "gda_id": 5433002,
    "scanid": 236758
   }
  },
  {
   "type": "Feature",
   "geometry": {
    "type": "Polygon",
    "coordinates": [
     [
      [
       -113.761894,
       42.439973
      ],
      [
       -113.761953,
       42.439896
      ],
      [
       -113.761924,
       42.439824
      ],
      [
       -113.761501,
       42.4398
      ],
      [
       -113.761317,
       42.439783
      ],
      [
       -113.761341,
       42.439967
      ],
      [
       -113.761204,
       42.439925
      ],
      [
       -113.760901,
       42.439812
      ],
      [
       -113.760514,
       42.439783
      ],
      [
       -113.760282,
       42.43983
      ],
      [
       -113.760222,
       42.439836
      ],
      [
       -113.760133,
       42.4398
      ],
      [
       -113.760014,
       42.439777
      ],
      [
       -113.759556,
       42.439699
      ],
      [
       -113.759372,
       42.439479
      ],
      [
       -113.759283,
       42.439116
      ],
      [
       -113.759247,
       42.438765
      ],
      [
       -113.759294,
       42.438492
      ],
      [
       -113.759306,
       42.438373
      ],
      [
       -113.759419,
       42.438248
      ],
      [
       -113.759729,
       42.438218
      ],
      [
       -113.759866,
       42.438278
      ],
      [
       -113.759895,
       42.438367
      ],
      [
       -113.759907,
       42.438593
      ],
      [
       -113.759967,
       42.438652
      ],
      [
       -113.76008,
       42.438652
      ],
      [
       -113.760109,
       42.438575
      ],
      [
       -113.760098,
       42.438402
      ],
      [
       -113.760098,
       42.438313
      ],
      [
       -113.760193,
       42.438283
      ],
      [
       -113.760454,
       42.438272
      ],
      [
       -113.760609,
       42.438331
      ],
      [
       -113.760675,
       42.438432
      ],
      [
       -113.760639,
       42.438575
      ],
      [
       -113.760615,
       42.43873
      ],
      [
       -113.760657,
       42.438825
      ],
      [
       -113.76077,
       42.438831
      ],
      [
       -113.760847,
       42.438747
      ],
      [
       -113.760966,
       42.438557
      ],
      [
       -113.761002,
       42.438379
      ],
      [
       -113.761037,
       42.438289
      ],
      [
       -113.761168,
       42.43826
      ],
      [
       -113.761335,
       42.438266
      ],
      [
       -113.761394,
       42.438337
      ],
      [
       -113.761454,
       42.438426
      ],
      [
       -113.761418,
       42.438634
      ],
      [
       -113.761359,
       42.439009
      ],
      [
       -113.761317,
       42.439182
      ],
      [
       -113.761484,
       42.439277
      ],
      [
       -113.761513,
       42.43892
      ],
      [
       -113.761591,
       42.438628
      ],
      [
       -113.761686,
       42.438504
      ],
      [
       -113.761733,
       42.438391
      ],
      [
       -113.761793,
       42.438307
      ],
      [
       -113.76187,
       42.438272
      ],
      [
       -113.762953,
       42.438248
      ],
      [
       -113.763018,
       42.438278
      ],
      [
       -113.76306,
       42.438313
      ],
      [
       -113.76306,
       42.438379
      ],
      [
       -113.763006,
       42.43848
      ],
      [
       -113.762768,
       42.438724
      ],
      [
       -113.762691,
       42.43886
      ],
      [
       -113.762691,
       42.438997
      ],
      [
       -113.762798,
       42.439051
      ],
      [
       -113.762899,
       42.439051
      ],
      [
       -113.762929,
       42.439003
      ],
      [
       -113.762935,
       42.438896
      ],
      [
       -113.762971,
       42.438801
      ],
      [
       -113.76303,
       42.438759
      ],
      [
       -113.763119,
       42.438753
      ],
      [
       -113.763215,
       42.438813
      ],
      [
       -113.763256,
       42.438884
      ],
      [
       -113.763262,
       42.438962
      ],
      [
       -113.763238,
       42.439063
      ],
      [
       -113.763042,
       42.439253
      ],
      [
       -113.762947,
       42.439354
      ],
      [
       -113.762876,
       42.439818
      ],
      [
       -113.762899,
       42.439902
      ],
      [
       -113.762953,
       42.439979
      ],
      [
       -113.762911,
       42.440044
      ],
      [
       -113.76284,
       42.44008
      ],
      [
       -113.762709,
       42.440074
      ],
      [
       -113.762667,
       42.439979
      ],
      [
       -113.76231,
       42.439973
      ],
      [
       -113.762239,
       42.440062
      ],
      [
       -113.762346,
       42.440205
      ],
      [
       -113.762346,
       42.440282
      ],
      [
       -113.76212,
       42.44027
      ],
      [
       -113.761763,
       42.440229
      ],
      [
       -113.761716,
       42.440169
      ],
      [
       -113.761775,
       42.440068
      ],
      [
       -113.761894,
       42.439973
      ]
     ]
    ]
   },
   "properties": {
    "ftr_type": "Gravel Pit",
    "ftr_name": null,
    "topo_name": "Kenyon",
    "topo_date": 1964,
    "topo_scale": "24000",
    "state": "ID",
    "county": "Cassia",
    "remarks": null,
    "gda_id": 5433002,
    "scanid": 236758
   }
  },
  {
   "type": "Feature",
   "geometry": {
    "type": "Polygon",
    "coordinates": [
     [
      [
       -113.340882,
       42.349878
      ],
      [
       -113.341,
       42.34986
      ],
      [
       -113.341364,
       42.349988
      ],
      [
       -113.341589,
       42.349999
      ],
      [
       -113.34181,
       42.350049
      ],
      [
       -113.342196,
       42.350171
      ],
      [
       -113.342321,
       42.350238
      ],
      [
       -113.342424,
       42.35032
      ],
      [
       -113.342349,
       42.350485
      ],
      [
       -113.342349,
       42.350549
      ],
      [
       -113.342121,
       42.350738
      ],
      [
       -113.342021,
       42.350892
      ],
      [
       -113.341907,
       42.351066
      ],
      [
       -113.34181,
       42.351091
      ],
      [
       -113.341628,
       42.351116
      ],
      [
       -113.341418,
       42.351163
      ],
      [
       -113.341204,
       42.351163
      ],
      [
       -113.34095,
       42.35112
      ],
      [
       -113.3408,
       42.35102
      ],
      [
       -113.3408,
       42.350906
      ],
      [
       -113.340815,
       42.350724
      ],
      [
       -113.34084,
       42.35061
      ],
      [
       -113.340865,
       42.350581
      ],
      [
       -113.340961,
       42.350545
      ],
      [
       -113.340972,
       42.350445
      ],
      [
       -113.341122,
       42.350445
      ],
      [
       -113.341182,
       42.350353
      ],
      [
       -113.341221,
       42.350253
      ],
      [
       -113.341196,
       42.350167
      ],
      [
       -113.341097,
       42.350053
      ],
      [
       -113.34089,
       42.349988
      ],
      [
       -113.340822,
       42.349942
      ],
      [
       -113.340882,
       42.349878
      ]
     ]
    ]
   },
   "properties": {
    "ftr_type": "Gravel Pit",
    "ftr_name": null,
    "topo_name": "Malta",
    "topo_date": 1968,
    "topo_scale": "24000",
    "state": "ID",
    "county": "Cassia",
    "remarks": null,
    "gda_id": 5433474,
    "scanid": 237022
   }
  },
  {
   "type": "Feature",
   "geometry": {
    "type": "Polygon",
    "coordinates": [
     [
      [
       -113.902037,
       42.303633
      ],
      [
       -113.902001,
       42.303594
      ],
      [
       -113.901898,
       42.303647
      ],
      [
       -113.901791,
       42.303658
      ],
      [
       -113.901641,
       42.303629
      ],
      [
       -113.901545,
       42.303619
      ],
      [
       -113.901541,
       42.303576
      ],
      [
       -113.901566,
       42.303522
      ],
      [
       -113.901534,
       42.303472
      ],
      [
       -113.901502,
       42.303462
      ],
      [
       -113.901487,
       42.303397
      ],
      [
       -113.90152,
       42.30329
      ],
      [
       -113.901548,
       42.30303
      ],
      [
       -113.901748,
       42.303023
      ],
      [
       -113.901748,
       42.302944
      ],
      [
       -113.901662,
       42.302869
      ],
      [
       -113.901577,
       42.302862
      ],
      [
       -113.901595,
       42.302815
      ],
      [
       -113.901666,
       42.302776
      ],
      [
       -113.901727,
       42.302719
      ],
      [
       -113.901637,
       42.302648
      ],
      [
       -113.901552,
       42.302598
      ],
      [
       -113.901541,
       42.302401
      ],
      [
       -113.901602,
       42.302384
      ],
      [
       -113.901712,
       42.302444
      ],
      [
       -113.901866,
       42.30253
      ],
      [
       -113.901991,
       42.302548
      ],
      [
       -113.902023,
       42.302484
      ],
      [
       -113.902023,
       42.302409
      ],
      [
       -113.901987,
       42.302337
      ],
      [
       -113.901912,
       42.302298
      ],
      [
       -113.901777,
       42.30228
      ],
      [
       -113.901702,
       42.302266
      ],
      [
       -113.901673,
       42.302237
      ],
      [
       -113.901684,
       42.302216
      ],
      [
       -113.901762,
       42.302212
      ],
      [
       -113.901827,
       42.302227
      ],
      [
       -113.901859,
       42.302198
      ],
      [
       -113.901841,
       42.302127
      ],
      [
       -113.901787,
       42.302077
      ],
      [
       -113.901673,
       42.302037
      ],
      [
       -113.901616,
       42.302005
      ],
      [
       -113.90163,
       42.301966
      ],
      [
       -113.901748,
       42.301927
      ],
      [
       -113.901812,
       42.301898
      ],
      [
       -113.901802,
       42.301802
      ],
      [
       -113.90178,
       42.301698
      ],
      [
       -113.901748,
       42.301591
      ],
      [
       -113.901777,
       42.301534
      ],
      [
       -113.90188,
       42.301566
      ],
      [
       -113.902019,
       42.301613
      ],
      [
       -113.902016,
       42.301695
      ],
      [
       -113.901951,
       42.301852
      ],
      [
       -113.901998,
       42.301937
      ],
      [
       -113.902087,
       42.301984
      ],
      [
       -113.902198,
       42.301973
      ],
      [
       -113.902298,
       42.301884
      ],
      [
       -113.902362,
       42.30187
      ],
      [
       -113.902426,
       42.30197
      ],
      [
       -113.90244,
       42.302073
      ],
      [
       -113.902448,
       42.302173
      ],
      [
       -113.902362,
       42.302184
      ],
      [
       -113.902251,
       42.302109
      ],
      [
       -113.902173,
       42.302134
      ],
      [
       -113.90223,
       42.30218
      ],
      [
       -113.902312,
       42.302205
      ],
      [
       -113.90239,
       42.302223
      ],
      [
       -113.902408,
       42.302269
      ],
      [
       -113.902366,
       42.302284
      ],
      [
       -113.902248,
       42.302241
      ],
      [
       -113.902166,
       42.302212
      ],
      [
       -113.90208,
       42.302234
      ],
      [
       -113.902062,
       42.30228
      ],
      [
       -113.902116,
       42.302348
      ],
      [
       -113.902226,
       42.302366
      ],
      [
       -113.902398,
       42.302369
      ],
      [
       -113.902469,
       42.302409
      ],
      [
       -113.902512,
       42.302519
      ],
      [
       -113.902494,
       42.302837
      ],
      [
       -113.902562,
       42.302958
      ],
      [
       -113.902569,
       42.303062
      ],
      [
       -113.902533,
       42.303158
      ],
      [
       -113.902615,
       42.303258
      ],
      [
       -113.902619,
       42.303372
      ],
      [
       -113.902508,
       42.303358
      ],
      [
       -113.902415,
       42.303354
      ],
      [
       -113.902369,
       42.303454
      ],
      [
       -113.902294,
       42.303511
      ],
      [
       -113.902226,
       42.303544
      ],
      [
       -113.902183,
       42.303651
      ],
      [
       -113.902141,
       42.303676
      ],
      [
       -113.902037,
       42.303633
      ]
     ]
    ]
   },
   "properties": {
    "ftr_type": "Gravel Pit",
    "ftr_name": null,
    "topo_name": "Marion",
    "topo_date": 1968,
    "topo_scale": "24000",
    "state": "ID",
    "county": "Cassia",
    "remarks": null,
    "gda_id": 5433510,
    "scanid": 237048
   }
  },
  {
   "type": "Feature",
   "geometry": {
    "type": "Polygon",
    "coordinates": [
     [
      [
       -113.794236,
       42.470823
      ],
      [
       -113.794515,
       42.470823
      ],
      [
       -113.794707,
       42.470894
      ],
      [
       -113.794779,
       42.47108
      ],
      [
       -113.794793,
       42.471287
      ],
      [
       -113.794707,
       42.471479
      ],
      [
       -113.794393,
       42.471579
      ],
      [
       -113.793936,
       42.471758
      ],
      [
       -113.793715,
       42.471851
      ],
      [
       -113.793529,
       42.471815
      ],
      [
       -113.793515,
       42.47098
      ],
      [
       -113.793708,
       42.470916
      ],
      [
       -113.793794,
       42.47088
      ],
      [
       -113.794236,
       42.470823
      ]
     ]
    ]
   },
   "properties": {
    "ftr_type": "Gravel Pit",
    "ftr_name": null,
    "topo_name": "Kenyon",
    "topo_date": 1964,
    "topo_scale": "24000",
    "state": "ID",
    "county": "Cassia",
    "remarks": null,
    "gda_id": 5433002,
    "scanid": 236758
   }
  },
  {
   "type": "Feature",
   "geometry": {
    "type": "Polygon",
    "coordinates": [
     [
      [
       -113.80557,
       42.4482
      ],
      [
       -113.805409,
       42.448152
      ],
      [
       -113.805064,
       42.448176
      ],
      [
       -113.804868,
       42.448057
      ],
      [
       -113.804677,
       42.447777
      ],
      [
       -113.804659,
       42.447444
      ],
      [
       -113.804766,
       42.447117
      ],
      [
       -113.804879,
       42.446855
      ],
      [
       -113.805254,
       42.446522
      ],
      [
       -113.805623,
       42.446415
      ],
      [
       -113.805891,
       42.446481
      ],
      [
       -113.806158,
       42.446736
      ],
      [
       -113.806361,
       42.446867
      ],
      [
       -113.806521,
       42.446867
      ],
      [
       -113.806545,
       42.446802
      ],
      [
       -113.806658,
       42.446808
      ],
      [
       -113.806884,
       42.446722
      ],
      [
       -113.80699,
       42.446722
      ],
      [
       -113.80705,
       42.44651
      ],
      [
       -113.807054,
       42.446332
      ],
      [
       -113.806982,
       42.446192
      ],
      [
       -113.806736,
       42.446112
      ],
      [
       -113.8066,
       42.446027
      ],
      [
       -113.806825,
       42.445955
      ],
      [
       -113.807164,
       42.445929
      ],
      [
       -113.80752,
       42.445951
      ],
      [
       -113.807978,
       42.445951
      ],
      [
       -113.808088,
       42.445862
      ],
      [
       -113.808232,
       42.445883
      ],
      [
       -113.808283,
       42.446035
      ],
      [
       -113.808279,
       42.44623
      ],
      [
       -113.808211,
       42.446514
      ],
      [
       -113.80819,
       42.446752
      ],
      [
       -113.808033,
       42.446964
      ],
      [
       -113.807914,
       42.447074
      ],
      [
       -113.807906,
       42.447252
      ],
      [
       -113.80769,
       42.447328
      ],
      [
       -113.807172,
       42.447413
      ],
      [
       -113.806956,
       42.44751
      ],
      [
       -113.806932,
       42.44767
      ],
      [
       -113.806908,
       42.447867
      ],
      [
       -113.806813,
       42.448033
      ],
      [
       -113.806688,
       42.448176
      ],
      [
       -113.806533,
       42.448194
      ],
      [
       -113.806402,
       42.448253
      ],
      [
       -113.806266,
       42.448271
      ],
      [
       -113.805802,
       42.448229
      ],
      [
       -113.80557,
       42.4482
      ]
     ]
    ]
   },
   "properties": {
    "ftr_type": "Gravel Pit",
    "ftr_name": null,
    "topo_name": "Kenyon",
    "topo_date": 1964,
    "topo_scale": "24000",
    "state": "ID",
    "county": "Cassia",
    "remarks": null,
    "gda_id": 5433002,
    "scanid": 236758
   }
  },
  {
   "type": "Feature",
   "geometry": {
    "type": "Polygon",
    "coordinates": [
     [
      [
       -113.286001,
       42.09969
      ],
      [
       -113.286005,
       42.099594
      ],
      [
       -113.286022,
       42.099469
      ],
      [
       -113.286055,
       42.099383
      ],
      [
       -113.286101,
       42.099355
      ],
      [
       -113.286183,
       42.099348
      ],
      [
       -113.286276,
       42.099366
      ],
      [
       -113.286344,
       42.099405
      ],
      [
       -113.286372,
       42.099473
      ],
      [
       -113.286419,
       42.099565
      ],
      [
       -113.286501,
       42.09963
      ],
      [
       -113.286551,
       42.099658
      ],
      [
       -113.286622,
       42.099662
      ],
      [
       -113.286715,
       42.099633
      ],
      [
       -113.286783,
       42.099583
      ],
      [
       -113.286854,
       42.099576
      ],
      [
       -113.28694,
       42.099637
      ],
      [
       -113.287,
       42.099719
      ],
      [
       -113.287008,
       42.099787
      ],
      [
       -113.28695,
       42.099883
      ],
      [
       -113.2869,
       42.099965
      ],
      [
       -113.286872,
       42.100097
      ],
      [
       -113.286808,
       42.100154
      ],
      [
       -113.286765,
       42.100179
      ],
      [
       -113.286665,
       42.100158
      ],
      [
       -113.28649,
       42.100065
      ],
      [
       -113.286426,
       42.100037
      ],
      [
       -113.286365,
       42.099983
      ],
      [
       -113.286312,
       42.099908
      ],
      [
       -113.286226,
       42.099837
      ],
      [
       -113.286094,
       42.099772
      ],
      [
       -113.286001,
       42.09969
      ]
     ]
    ]
   },
   "properties": {
    "ftr_type": "Gravel Pit",
    "ftr_name": null,
    "topo_name": "Naf",
    "topo_date": 1968,
    "topo_scale": "24000",
    "state": "ID",
    "county": "Cassia",
    "remarks": null,
    "gda_id": 5434012,
    "scanid": 237361
   }
  },
  {
   "type": "Feature",
   "geometry": {
    "type": "Polygon",
    "coordinates": [
     [
      [
       -113.765023,
       42.413156
      ],
      [
       -113.764916,
       42.413013
      ],
      [
       -113.76497,
       42.412894
      ],
      [
       -113.76494,
       42.412764
      ],
      [
       -113.764791,
       42.412728
      ],
      [
       -113.76497,
       42.412633
      ],
      [
       -113.765255,
       42.412597
      ],
      [
       -113.765529,
       42.412579
      ],
      [
       -113.765773,
       42.412686
      ],
      [
       -113.765856,
       42.412657
      ],
      [
       -113.765874,
       42.412502
      ],
      [
       -113.766213,
       42.412377
      ],
      [
       -113.766475,
       42.412383
      ],
      [
       -113.766879,
       42.412549
      ],
      [
       -113.766987,
       42.412764
      ],
      [
       -113.766921,
       42.413061
      ],
      [
       -113.766731,
       42.413192
      ],
      [
       -113.766612,
       42.413091
      ],
      [
       -113.766511,
       42.413115
      ],
      [
       -113.766404,
       42.413251
      ],
      [
       -113.766606,
       42.413358
      ],
      [
       -113.766778,
       42.41343
      ],
      [
       -113.76679,
       42.413614
      ],
      [
       -113.766689,
       42.413787
      ],
      [
       -113.766612,
       42.414066
      ],
      [
       -113.766445,
       42.414221
      ],
      [
       -113.766076,
       42.414275
      ],
      [
       -113.765838,
       42.414346
      ],
      [
       -113.765666,
       42.414411
      ],
      [
       -113.765446,
       42.414358
      ],
      [
       -113.765053,
       42.414346
      ],
      [
       -113.764839,
       42.414292
      ],
      [
       -113.76478,
       42.41412
      ],
      [
       -113.764916,
       42.414037
      ],
      [
       -113.765029,
       42.413924
      ],
      [
       -113.765006,
       42.413763
      ],
      [
       -113.764869,
       42.413638
      ],
      [
       -113.764851,
       42.413454
      ],
      [
       -113.764982,
       42.413311
      ],
      [
       -113.765023,
       42.413156
      ]
     ]
    ]
   },
   "properties": {
    "ftr_type": "Gravel Pit",
    "ftr_name": null,
    "topo_name": "Kenyon",
    "topo_date": 1964,
    "topo_scale": "24000",
    "state": "ID",
    "county": "Cassia",
    "remarks": null,
    "gda_id": 5433002,
    "scanid": 236758
   }
  },
  {
   "type": "Feature",
   "geometry": {
    "type": "Polygon",
    "coordinates": [
     [
      [
       -113.331479,
       42.312849
      ],
      [
       -113.331801,
       42.312847
      ],
      [
       -113.332109,
       42.31287
      ],
      [
       -113.332182,
       42.312919
      ],
      [
       -113.332206,
       42.312996
      ],
      [
       -113.332191,
       42.313077
      ],
      [
       -113.332128,
       42.313121
      ],
      [
       -113.331936,
       42.313142
      ],
      [
       -113.331862,
       42.313169
      ],
      [
       -113.331919,
       42.313237
      ],
      [
       -113.331938,
       42.313315
      ],
      [
       -113.331879,
       42.313371
      ],
      [
       -113.33174,
       42.313386
      ],
      [
       -113.331586,
       42.313346
      ],
      [
       -113.331489,
       42.313275
      ],
      [
       -113.331418,
       42.313051
      ],
      [
       -113.331395,
       42.31287
      ],
      [
       -113.331393,
       42.312851
      ],
      [
       -113.331479,
       42.312849
      ]
     ]
    ]
   },
   "properties": {
    "ftr_type": "Gravel Pit",
    "ftr_name": null,
    "topo_name": "Malta",
    "topo_date": 1968,
    "topo_scale": "24000",
    "state": "ID",
    "county": "Cassia",
    "remarks": null,
    "gda_id": 5433474,
    "scanid": 237022
   }
  },
  {
   "type": "Feature",
   "geometry": {
    "type": "Polygon",
    "coordinates": [
     [
      [
       -113.882228,
       42.360543
      ],
      [
       -113.882075,
       42.360491
      ],
      [
       -113.881918,
       42.360512
      ],
      [
       -113.881856,
       42.360481
      ],
      [
       -113.881921,
       42.360398
      ],
      [
       -113.882073,
       42.360269
      ],
      [
       -113.882151,
       42.36016
      ],
      [
       -113.882156,
       42.359977
      ],
      [
       -113.882173,
       42.359903
      ],
      [
       -113.882204,
       42.3598
      ],
      [
       -113.882239,
       42.359691
      ],
      [
       -113.882249,
       42.359593
      ],
      [
       -113.882289,
       42.359477
      ],
      [
       -113.88233,
       42.35932
      ],
      [
       -113.882639,
       42.359129
      ],
      [
       -113.882794,
       42.358918
      ],
      [
       -113.882996,
       42.358737
      ],
      [
       -113.883284,
       42.358723
      ],
      [
       -113.883543,
       42.358789
      ],
      [
       -113.883622,
       42.358882
      ],
      [
       -113.883617,
       42.358951
      ],
      [
       -113.883541,
       42.358999
      ],
      [
       -113.883241,
       42.359032
      ],
      [
       -113.883182,
       42.35911
      ],
      [
       -113.883275,
       42.359258
      ],
      [
       -113.883574,
       42.359529
      ],
      [
       -113.883689,
       42.359672
      ],
      [
       -113.883693,
       42.359758
      ],
      [
       -113.883631,
       42.359815
      ],
      [
       -113.883543,
       42.359855
      ],
      [
       -113.883372,
       42.359853
      ],
      [
       -113.883203,
       42.359786
      ],
      [
       -113.883029,
       42.3598
      ],
      [
       -113.883001,
       42.35981
      ],
      [
       -113.882844,
       42.359943
      ],
      [
       -113.882837,
       42.359955
      ],
      [
       -113.882784,
       42.360005
      ],
      [
       -113.882818,
       42.360067
      ],
      [
       -113.882887,
       42.360069
      ],
      [
       -113.882946,
       42.360043
      ],
      [
       -113.883067,
       42.35996
      ],
      [
       -113.88312,
       42.359969
      ],
      [
       -113.883132,
       42.360015
      ],
      [
       -113.883136,
       42.360457
      ],
      [
       -113.883056,
       42.360488
      ],
      [
       -113.882984,
       42.360519
      ],
      [
       -113.88288,
       42.360564
      ],
      [
       -113.88233,
       42.360571
      ],
      [
       -113.882228,
       42.360543
      ]
     ]
    ]
   },
   "properties": {
    "ftr_type": "Gravel Pit",
    "ftr_name": null,
    "topo_name": "Marion",
    "topo_date": 1968,
    "topo_scale": "24000",
    "state": "ID",
    "county": "Cassia",
    "remarks": null,
    "gda_id": 5433510,
    "scanid": 237048
   }
  },
  {
   "type": "Feature",
   "geometry": {
    "type": "Polygon",
    "coordinates": [
     [
      [
       -113.751973,
       42.132394
      ],
      [
       -113.751849,
       42.13238
      ],
      [
       -113.751744,
       42.132418
      ],
      [
       -113.75164,
       42.132399
      ],
      [
       -113.751487,
       42.132342
      ],
      [
       -113.751373,
       42.13229
      ],
      [
       -113.751316,
       42.132228
      ],
      [
       -113.751226,
       42.132104
      ],
      [
       -113.751192,
       42.132014
      ],
      [
       -113.751168,
       42.131966
      ],
      [
       -113.751107,
       42.131914
      ],
      [
       -113.751054,
       42.131847
      ],
      [
       -113.750931,
       42.131771
      ],
      [
       -113.750455,
       42.131471
      ],
      [
       -113.750193,
       42.131285
      ],
      [
       -113.750122,
       42.131233
      ],
      [
       -113.750026,
       42.131181
      ],
      [
       -113.749912,
       42.131133
      ],
      [
       -113.749769,
       42.131086
      ],
      [
       -113.749627,
       42.131019
      ],
      [
       -113.749579,
       42.130886
      ],
      [
       -113.749631,
       42.130776
      ],
      [
       -113.749722,
       42.130633
      ],
      [
       -113.749817,
       42.130553
      ],
      [
       -113.749964,
       42.130505
      ],
      [
       -113.750088,
       42.130467
      ],
      [
       -113.750198,
       42.130429
      ],
      [
       -113.750317,
       42.130395
      ],
      [
       -113.750474,
       42.130367
      ],
      [
       -113.750669,
       42.130372
      ],
      [
       -113.750802,
       42.130376
      ],
      [
       -113.750954,
       42.130386
      ],
      [
       -113.751064,
       42.130405
      ],
      [
       -113.751159,
       42.130438
      ],
      [
       -113.751335,
       42.1305
      ],
      [
       -113.751511,
       42.130505
      ],
      [
       -113.751644,
       42.130476
      ],
      [
       -113.751773,
       42.130434
      ],
      [
       -113.751901,
       42.130367
      ],
      [
       -113.75203,
       42.130343
      ],
      [
       -113.752135,
       42.130362
      ],
      [
       -113.75223,
       42.130429
      ],
      [
       -113.752296,
       42.130548
      ],
      [
       -113.752368,
       42.130614
      ],
      [
       -113.752358,
       42.130714
      ],
      [
       -113.752406,
       42.130776
      ],
      [
       -113.752372,
       42.130881
      ],
      [
       -113.752415,
       42.130928
      ],
      [
       -113.752549,
       42.130976
      ],
      [
       -113.752644,
       42.131047
      ],
      [
       -113.75271,
       42.131119
      ],
      [
       -113.752796,
       42.131138
      ],
      [
       -113.752853,
       42.131124
      ],
      [
       -113.752896,
       42.1312
      ],
      [
       -113.75291,
       42.131352
      ],
      [
       -113.752934,
       42.131533
      ],
      [
       -113.752944,
       42.131657
      ],
      [
       -113.752948,
       42.131785
      ],
      [
       -113.752958,
       42.131914
      ],
      [
       -113.752977,
       42.132009
      ],
      [
       -113.752982,
       42.132156
      ],
      [
       -113.752996,
       42.132275
      ],
      [
       -113.75302,
       42.132375
      ],
      [
       -113.75301,
       42.132428
      ],
      [
       -113.752948,
       42.13248
      ],
      [
       -113.752777,
       42.13248
      ],
      [
       -113.75261,
       42.132485
      ],
      [
       -113.752411,
       42.13247
      ],
      [
       -113.752273,
       42.132456
      ],
      [
       -113.752154,
       42.132442
      ],
      [
       -113.751973,
       42.132394
      ]
     ]
    ]
   },
   "properties": {
    "ftr_type": "Quarry",
    "ftr_name": "Fish Creek Quarry",
    "topo_name": "Basin",
    "topo_date": 2001,
    "topo_scale": "24000",
    "state": "ID",
    "county": "Cassia",
    "remarks": "Feature crosses into and digitized on 2001 Cache Peak map.",
    "gda_id": 5430398,
    "scanid": 235166
   }
  },
  {
   "type": "Feature",
   "geometry": {
    "type": "Polygon",
    "coordinates": [
     [
      [
       -113.346411,
       42.462451
      ],
      [
       -113.346511,
       42.462356
      ],
      [
       -113.346602,
       42.462361
      ],
      [
       -113.346844,
       42.462494
      ],
      [
       -113.347059,
       42.462623
      ],
      [
       -113.347368,
       42.462746
      ],
      [
       -113.347587,
       42.462837
      ],
      [
       -113.347668,
       42.462923
      ],
      [
       -113.347649,
       42.463032
      ],
      [
       -113.347558,
       42.463108
      ],
      [
       -113.347434,
       42.463132
      ],
      [
       -113.347201,
       42.463203
      ],
      [
       -113.347039,
       42.463351
      ],
      [
       -113.346978,
       42.463417
      ],
      [
       -113.34693,
       42.463451
      ],
      [
       -113.346878,
       42.463446
      ],
      [
       -113.346782,
       42.463365
      ],
      [
       -113.34673,
       42.463275
      ],
      [
       -113.346545,
       42.463256
      ],
      [
       -113.346545,
       42.462851
      ],
      [
       -113.346521,
       42.462827
      ],
      [
       -113.346254,
       42.462804
      ],
      [
       -113.346178,
       42.462751
      ],
      [
       -113.346131,
       42.46267
      ],
      [
       -113.346202,
       42.462594
      ],
      [
       -113.346321,
       42.462537
      ],
      [
       -113.346411,
       42.462451
      ]
     ]
    ]
   },
   "properties": {
    "ftr_type": "Sand Pit",
    "ftr_name": null,
    "topo_name": "Malta NE",
    "topo_date": 1968,
    "topo_scale": "24000",
    "state": "ID",
    "county": "Cassia",
    "remarks": null,
    "gda_id": 5433470,
    "scanid": 237023
   }
  },
  {
   "type": "Feature",
   "geometry": {
    "type": "Polygon",
    "coordinates": [
     [
      [
       -113.344558,
       42.350332
      ],
      [
       -113.344689,
       42.350298
      ],
      [
       -113.344841,
       42.350334
      ],
      [
       -113.344896,
       42.350393
      ],
      [
       -113.344914,
       42.350562
      ],
      [
       -113.344874,
       42.350835
      ],
      [
       -113.344805,
       42.351027
      ],
      [
       -113.344731,
       42.351198
      ],
      [
       -113.344691,
       42.351274
      ],
      [
       -113.344622,
       42.351295
      ],
      [
       -113.344447,
       42.351242
      ],
      [
       -113.344329,
       42.351238
      ],
      [
       -113.344255,
       42.351177
      ],
      [
       -113.344154,
       42.351031
      ],
      [
       -113.344152,
       42.35073
      ],
      [
       -113.344184,
       42.350675
      ],
      [
       -113.344272,
       42.350639
      ],
      [
       -113.344335,
       42.350593
      ],
      [
       -113.344403,
       42.350462
      ],
      [
       -113.344558,
       42.350332
      ]
     ]
    ]
   },
   "properties": {
    "ftr_type": "Sand Pit",
    "ftr_name": null,
    "topo_name": "Malta",
    "topo_date": 1968,
    "topo_scale": "24000",
    "state": "ID",
    "county": "Cassia",
    "remarks": null,
    "gda_id": 5433474,
    "scanid": 237022
   }
  }
 ]
}